2026-06-24 21:02:36,014 | INFO | starting test with run name: ft_lora_e7_1782331269/run_2
2026-06-24 21:02:36,044 | INFO | config loaded
2026-06-24 21:02:36,044 | INFO | STARTING TEST WITH:
2026-06-24 21:02:36,044 | INFO | BATCH SIZE 16
2026-06-24 21:02:36,044 | INFO | EPOCHS 10
2026-06-24 21:02:36,044 | INFO | importing
2026-06-24 21:04:17,602 | INFO | imports complete
2026-06-24 21:04:17,610 | INFO | making datasets
2026-06-24 21:04:17,645 | INFO | paitent data for 1000 patients
2026-06-24 21:04:17,646 | INFO | np_bags_dir: data/bags_np/bag_150/
2026-06-24 21:04:17,678 | INFO | np bags for 924 patients
2026-06-24 21:04:17,680 | INFO | 924 patients with data AND bags
2026-06-24 21:04:17,683 | INFO | training fold 0
2026-06-24 21:04:17,684 | INFO | train set size: 739
2026-06-24 21:04:17,684 | INFO | val set size: 185
2026-06-24 21:04:18,424 | INFO | cpu_count: 30
2026-06-24 21:04:18,424 | INFO | num_workers: 2
2026-06-24 21:04:18,426 | INFO | completed building dataloaders
2026-06-24 21:04:18,426 | INFO | training starts
2026-06-24 21:04:32,510 | INFO | model initialized
2026-06-24 21:04:32,860 | INFO | LR scheduler: <torch.optim.lr_scheduler.CosineAnnealingLR object at 0x71f661766230>
2026-06-24 21:04:32,861 | INFO | Parameters by layer:
2026-06-24 21:04:32,861 | INFO | vit_model.base_model.model.cls_token     | 1024       | [FROZEN]
2026-06-24 21:04:32,861 | INFO | vit_model.base_model.model.pos_embed     | 201728     | [FROZEN]
2026-06-24 21:04:32,861 | INFO | vit_model.base_model.model.patch_embed.proj.weight | 786432     | [FROZEN]
2026-06-24 21:04:32,861 | INFO | vit_model.base_model.model.patch_embed.proj.bias | 1024       | [FROZEN]
2026-06-24 21:04:32,861 | INFO | vit_model.base_model.model.blocks.0.norm1.weight | 1024       | [FROZEN]
2026-06-24 21:04:32,861 | INFO | vit_model.base_model.model.blocks.0.norm1.bias | 1024       | [FROZEN]
2026-06-24 21:04:32,861 | INFO | vit_model.base_model.model.blocks.0.attn.qkv.base_layer.weight | 3145728    | [FROZEN]
2026-06-24 21:04:32,861 | INFO | vit_model.base_model.model.blocks.0.attn.qkv.base_layer.bias | 3072       | [FROZEN]
2026-06-24 21:04:32,861 | INFO | vit_model.base_model.model.blocks.0.attn.qkv.lora_A.default.weight | 8192       | [TRAINABLE]
2026-06-24 21:04:32,861 | INFO | vit_model.base_model.model.blocks.0.attn.qkv.lora_B.default.weight | 24576      | [TRAINABLE]
2026-06-24 21:04:32,861 | INFO | vit_model.base_model.model.blocks.0.attn.proj.weight | 1048576    | [FROZEN]
2026-06-24 21:04:32,861 | INFO | vit_model.base_model.model.blocks.0.attn.proj.bias | 1024       | [FROZEN]
2026-06-24 21:04:32,861 | INFO | vit_model.base_model.model.blocks.0.ls1.gamma | 1024       | [FROZEN]
2026-06-24 21:04:32,861 | INFO | vit_model.base_model.model.blocks.0.norm2.weight | 1024       | [FROZEN]
2026-06-24 21:04:32,861 | INFO | vit_model.base_model.model.blocks.0.norm2.bias | 1024       | [FROZEN]
2026-06-24 21:04:32,861 | INFO | vit_model.base_model.model.blocks.0.mlp.fc1.weight | 4194304    | [FROZEN]
2026-06-24 21:04:32,861 | INFO | vit_model.base_model.model.blocks.0.mlp.fc1.bias | 4096       | [FROZEN]
2026-06-24 21:04:32,861 | INFO | vit_model.base_model.model.blocks.0.mlp.fc2.weight | 4194304    | [FROZEN]
2026-06-24 21:04:32,861 | INFO | vit_model.base_model.model.blocks.0.mlp.fc2.bias | 1024       | [FROZEN]
2026-06-24 21:04:32,861 | INFO | vit_model.base_model.model.blocks.0.ls2.gamma | 1024       | [FROZEN]
2026-06-24 21:04:32,861 | INFO | vit_model.base_model.model.blocks.1.norm1.weight | 1024       | [FROZEN]
2026-06-24 21:04:32,861 | INFO | vit_model.base_model.model.blocks.1.norm1.bias | 1024       | [FROZEN]
2026-06-24 21:04:32,861 | INFO | vit_model.base_model.model.blocks.1.attn.qkv.base_layer.weight | 3145728    | [FROZEN]
2026-06-24 21:04:32,861 | INFO | vit_model.base_model.model.blocks.1.attn.qkv.base_layer.bias | 3072       | [FROZEN]
2026-06-24 21:04:32,861 | INFO | vit_model.base_model.model.blocks.1.attn.qkv.lora_A.default.weight | 8192       | [TRAINABLE]
2026-06-24 21:04:32,861 | INFO | vit_model.base_model.model.blocks.1.attn.qkv.lora_B.default.weight | 24576      | [TRAINABLE]
2026-06-24 21:04:32,861 | INFO | vit_model.base_model.model.blocks.1.attn.proj.weight | 1048576    | [FROZEN]
2026-06-24 21:04:32,861 | INFO | vit_model.base_model.model.blocks.1.attn.proj.bias | 1024       | [FROZEN]
2026-06-24 21:04:32,861 | INFO | vit_model.base_model.model.blocks.1.ls1.gamma | 1024       | [FROZEN]
2026-06-24 21:04:32,861 | INFO | vit_model.base_model.model.blocks.1.norm2.weight | 1024       | [FROZEN]
2026-06-24 21:04:32,861 | INFO | vit_model.base_model.model.blocks.1.norm2.bias | 1024       | [FROZEN]
2026-06-24 21:04:32,861 | INFO | vit_model.base_model.model.blocks.1.mlp.fc1.weight | 4194304    | [FROZEN]
2026-06-24 21:04:32,861 | INFO | vit_model.base_model.model.blocks.1.mlp.fc1.bias | 4096       | [FROZEN]
2026-06-24 21:04:32,861 | INFO | vit_model.base_model.model.blocks.1.mlp.fc2.weight | 4194304    | [FROZEN]
2026-06-24 21:04:32,861 | INFO | vit_model.base_model.model.blocks.1.mlp.fc2.bias | 1024       | [FROZEN]
2026-06-24 21:04:32,861 | INFO | vit_model.base_model.model.blocks.1.ls2.gamma | 1024       | [FROZEN]
2026-06-24 21:04:32,861 | INFO | vit_model.base_model.model.blocks.2.norm1.weight | 1024       | [FROZEN]
2026-06-24 21:04:32,861 | INFO | vit_model.base_model.model.blocks.2.norm1.bias | 1024       | [FROZEN]
2026-06-24 21:04:32,861 | INFO | vit_model.base_model.model.blocks.2.attn.qkv.base_layer.weight | 3145728    | [FROZEN]
2026-06-24 21:04:32,861 | INFO | vit_model.base_model.model.blocks.2.attn.qkv.base_layer.bias | 3072       | [FROZEN]
2026-06-24 21:04:32,861 | INFO | vit_model.base_model.model.blocks.2.attn.qkv.lora_A.default.weight | 8192       | [TRAINABLE]
2026-06-24 21:04:32,861 | INFO | vit_model.base_model.model.blocks.2.attn.qkv.lora_B.default.weight | 24576      | [TRAINABLE]
2026-06-24 21:04:32,861 | INFO | vit_model.base_model.model.blocks.2.attn.proj.weight | 1048576    | [FROZEN]
2026-06-24 21:04:32,861 | INFO | vit_model.base_model.model.blocks.2.attn.proj.bias | 1024       | [FROZEN]
2026-06-24 21:04:32,861 | INFO | vit_model.base_model.model.blocks.2.ls1.gamma | 1024       | [FROZEN]
2026-06-24 21:04:32,861 | INFO | vit_model.base_model.model.blocks.2.norm2.weight | 1024       | [FROZEN]
2026-06-24 21:04:32,861 | INFO | vit_model.base_model.model.blocks.2.norm2.bias | 1024       | [FROZEN]
2026-06-24 21:04:32,861 | INFO | vit_model.base_model.model.blocks.2.mlp.fc1.weight | 4194304    | [FROZEN]
2026-06-24 21:04:32,861 | INFO | vit_model.base_model.model.blocks.2.mlp.fc1.bias | 4096       | [FROZEN]
2026-06-24 21:04:32,861 | INFO | vit_model.base_model.model.blocks.2.mlp.fc2.weight | 4194304    | [FROZEN]
2026-06-24 21:04:32,861 | INFO | vit_model.base_model.model.blocks.2.mlp.fc2.bias | 1024       | [FROZEN]
2026-06-24 21:04:32,861 | INFO | vit_model.base_model.model.blocks.2.ls2.gamma | 1024       | [FROZEN]
2026-06-24 21:04:32,861 | INFO | vit_model.base_model.model.blocks.3.norm1.weight | 1024       | [FROZEN]
2026-06-24 21:04:32,861 | INFO | vit_model.base_model.model.blocks.3.norm1.bias | 1024       | [FROZEN]
2026-06-24 21:04:32,862 | INFO | vit_model.base_model.model.blocks.3.attn.qkv.base_layer.weight | 3145728    | [FROZEN]
2026-06-24 21:04:32,862 | INFO | vit_model.base_model.model.blocks.3.attn.qkv.base_layer.bias | 3072       | [FROZEN]
2026-06-24 21:04:32,862 | INFO | vit_model.base_model.model.blocks.3.attn.qkv.lora_A.default.weight | 8192       | [TRAINABLE]
2026-06-24 21:04:32,862 | INFO | vit_model.base_model.model.blocks.3.attn.qkv.lora_B.default.weight | 24576      | [TRAINABLE]
2026-06-24 21:04:32,862 | INFO | vit_model.base_model.model.blocks.3.attn.proj.weight | 1048576    | [FROZEN]
2026-06-24 21:04:32,862 | INFO | vit_model.base_model.model.blocks.3.attn.proj.bias | 1024       | [FROZEN]
2026-06-24 21:04:32,862 | INFO | vit_model.base_model.model.blocks.3.ls1.gamma | 1024       | [FROZEN]
2026-06-24 21:04:32,862 | INFO | vit_model.base_model.model.blocks.3.norm2.weight | 1024       | [FROZEN]
2026-06-24 21:04:32,862 | INFO | vit_model.base_model.model.blocks.3.norm2.bias | 1024       | [FROZEN]
2026-06-24 21:04:32,862 | INFO | vit_model.base_model.model.blocks.3.mlp.fc1.weight | 4194304    | [FROZEN]
2026-06-24 21:04:32,862 | INFO | vit_model.base_model.model.blocks.3.mlp.fc1.bias | 4096       | [FROZEN]
2026-06-24 21:04:32,862 | INFO | vit_model.base_model.model.blocks.3.mlp.fc2.weight | 4194304    | [FROZEN]
2026-06-24 21:04:32,862 | INFO | vit_model.base_model.model.blocks.3.mlp.fc2.bias | 1024       | [FROZEN]
2026-06-24 21:04:32,862 | INFO | vit_model.base_model.model.blocks.3.ls2.gamma | 1024       | [FROZEN]
2026-06-24 21:04:32,862 | INFO | vit_model.base_model.model.blocks.4.norm1.weight | 1024       | [FROZEN]
2026-06-24 21:04:32,862 | INFO | vit_model.base_model.model.blocks.4.norm1.bias | 1024       | [FROZEN]
2026-06-24 21:04:32,862 | INFO | vit_model.base_model.model.blocks.4.attn.qkv.base_layer.weight | 3145728    | [FROZEN]
2026-06-24 21:04:32,862 | INFO | vit_model.base_model.model.blocks.4.attn.qkv.base_layer.bias | 3072       | [FROZEN]
2026-06-24 21:04:32,862 | INFO | vit_model.base_model.model.blocks.4.attn.qkv.lora_A.default.weight | 8192       | [TRAINABLE]
2026-06-24 21:04:32,862 | INFO | vit_model.base_model.model.blocks.4.attn.qkv.lora_B.default.weight | 24576      | [TRAINABLE]
2026-06-24 21:04:32,862 | INFO | vit_model.base_model.model.blocks.4.attn.proj.weight | 1048576    | [FROZEN]
2026-06-24 21:04:32,862 | INFO | vit_model.base_model.model.blocks.4.attn.proj.bias | 1024       | [FROZEN]
2026-06-24 21:04:32,862 | INFO | vit_model.base_model.model.blocks.4.ls1.gamma | 1024       | [FROZEN]
2026-06-24 21:04:32,862 | INFO | vit_model.base_model.model.blocks.4.norm2.weight | 1024       | [FROZEN]
2026-06-24 21:04:32,862 | INFO | vit_model.base_model.model.blocks.4.norm2.bias | 1024       | [FROZEN]
2026-06-24 21:04:32,862 | INFO | vit_model.base_model.model.blocks.4.mlp.fc1.weight | 4194304    | [FROZEN]
2026-06-24 21:04:32,862 | INFO | vit_model.base_model.model.blocks.4.mlp.fc1.bias | 4096       | [FROZEN]
2026-06-24 21:04:32,862 | INFO | vit_model.base_model.model.blocks.4.mlp.fc2.weight | 4194304    | [FROZEN]
2026-06-24 21:04:32,862 | INFO | vit_model.base_model.model.blocks.4.mlp.fc2.bias | 1024       | [FROZEN]
2026-06-24 21:04:32,862 | INFO | vit_model.base_model.model.blocks.4.ls2.gamma | 1024       | [FROZEN]
2026-06-24 21:04:32,862 | INFO | vit_model.base_model.model.blocks.5.norm1.weight | 1024       | [FROZEN]
2026-06-24 21:04:32,862 | INFO | vit_model.base_model.model.blocks.5.norm1.bias | 1024       | [FROZEN]
2026-06-24 21:04:32,862 | INFO | vit_model.base_model.model.blocks.5.attn.qkv.base_layer.weight | 3145728    | [FROZEN]
2026-06-24 21:04:32,862 | INFO | vit_model.base_model.model.blocks.5.attn.qkv.base_layer.bias | 3072       | [FROZEN]
2026-06-24 21:04:32,862 | INFO | vit_model.base_model.model.blocks.5.attn.qkv.lora_A.default.weight | 8192       | [TRAINABLE]
2026-06-24 21:04:32,862 | INFO | vit_model.base_model.model.blocks.5.attn.qkv.lora_B.default.weight | 24576      | [TRAINABLE]
2026-06-24 21:04:32,862 | INFO | vit_model.base_model.model.blocks.5.attn.proj.weight | 1048576    | [FROZEN]
2026-06-24 21:04:32,862 | INFO | vit_model.base_model.model.blocks.5.attn.proj.bias | 1024       | [FROZEN]
2026-06-24 21:04:32,862 | INFO | vit_model.base_model.model.blocks.5.ls1.gamma | 1024       | [FROZEN]
2026-06-24 21:04:32,862 | INFO | vit_model.base_model.model.blocks.5.norm2.weight | 1024       | [FROZEN]
2026-06-24 21:04:32,862 | INFO | vit_model.base_model.model.blocks.5.norm2.bias | 1024       | [FROZEN]
2026-06-24 21:04:32,862 | INFO | vit_model.base_model.model.blocks.5.mlp.fc1.weight | 4194304    | [FROZEN]
2026-06-24 21:04:32,862 | INFO | vit_model.base_model.model.blocks.5.mlp.fc1.bias | 4096       | [FROZEN]
2026-06-24 21:04:32,862 | INFO | vit_model.base_model.model.blocks.5.mlp.fc2.weight | 4194304    | [FROZEN]
2026-06-24 21:04:32,862 | INFO | vit_model.base_model.model.blocks.5.mlp.fc2.bias | 1024       | [FROZEN]
2026-06-24 21:04:32,862 | INFO | vit_model.base_model.model.blocks.5.ls2.gamma | 1024       | [FROZEN]
2026-06-24 21:04:32,862 | INFO | vit_model.base_model.model.blocks.6.norm1.weight | 1024       | [FROZEN]
2026-06-24 21:04:32,862 | INFO | vit_model.base_model.model.blocks.6.norm1.bias | 1024       | [FROZEN]
2026-06-24 21:04:32,862 | INFO | vit_model.base_model.model.blocks.6.attn.qkv.base_layer.weight | 3145728    | [FROZEN]
2026-06-24 21:04:32,862 | INFO | vit_model.base_model.model.blocks.6.attn.qkv.base_layer.bias | 3072       | [FROZEN]
2026-06-24 21:04:32,862 | INFO | vit_model.base_model.model.blocks.6.attn.qkv.lora_A.default.weight | 8192       | [TRAINABLE]
2026-06-24 21:04:32,862 | INFO | vit_model.base_model.model.blocks.6.attn.qkv.lora_B.default.weight | 24576      | [TRAINABLE]
2026-06-24 21:04:32,862 | INFO | vit_model.base_model.model.blocks.6.attn.proj.weight | 1048576    | [FROZEN]
2026-06-24 21:04:32,862 | INFO | vit_model.base_model.model.blocks.6.attn.proj.bias | 1024       | [FROZEN]
2026-06-24 21:04:32,862 | INFO | vit_model.base_model.model.blocks.6.ls1.gamma | 1024       | [FROZEN]
2026-06-24 21:04:32,862 | INFO | vit_model.base_model.model.blocks.6.norm2.weight | 1024       | [FROZEN]
2026-06-24 21:04:32,862 | INFO | vit_model.base_model.model.blocks.6.norm2.bias | 1024       | [FROZEN]
2026-06-24 21:04:32,862 | INFO | vit_model.base_model.model.blocks.6.mlp.fc1.weight | 4194304    | [FROZEN]
2026-06-24 21:04:32,862 | INFO | vit_model.base_model.model.blocks.6.mlp.fc1.bias | 4096       | [FROZEN]
2026-06-24 21:04:32,862 | INFO | vit_model.base_model.model.blocks.6.mlp.fc2.weight | 4194304    | [FROZEN]
2026-06-24 21:04:32,862 | INFO | vit_model.base_model.model.blocks.6.mlp.fc2.bias | 1024       | [FROZEN]
2026-06-24 21:04:32,862 | INFO | vit_model.base_model.model.blocks.6.ls2.gamma | 1024       | [FROZEN]
2026-06-24 21:04:32,862 | INFO | vit_model.base_model.model.blocks.7.norm1.weight | 1024       | [FROZEN]
2026-06-24 21:04:32,862 | INFO | vit_model.base_model.model.blocks.7.norm1.bias | 1024       | [FROZEN]
2026-06-24 21:04:32,862 | INFO | vit_model.base_model.model.blocks.7.attn.qkv.base_layer.weight | 3145728    | [FROZEN]
2026-06-24 21:04:32,862 | INFO | vit_model.base_model.model.blocks.7.attn.qkv.base_layer.bias | 3072       | [FROZEN]
2026-06-24 21:04:32,862 | INFO | vit_model.base_model.model.blocks.7.attn.qkv.lora_A.default.weight | 8192       | [TRAINABLE]
2026-06-24 21:04:32,862 | INFO | vit_model.base_model.model.blocks.7.attn.qkv.lora_B.default.weight | 24576      | [TRAINABLE]
2026-06-24 21:04:32,862 | INFO | vit_model.base_model.model.blocks.7.attn.proj.weight | 1048576    | [FROZEN]
2026-06-24 21:04:32,862 | INFO | vit_model.base_model.model.blocks.7.attn.proj.bias | 1024       | [FROZEN]
2026-06-24 21:04:32,862 | INFO | vit_model.base_model.model.blocks.7.ls1.gamma | 1024       | [FROZEN]
2026-06-24 21:04:32,863 | INFO | vit_model.base_model.model.blocks.7.norm2.weight | 1024       | [FROZEN]
2026-06-24 21:04:32,863 | INFO | vit_model.base_model.model.blocks.7.norm2.bias | 1024       | [FROZEN]
2026-06-24 21:04:32,863 | INFO | vit_model.base_model.model.blocks.7.mlp.fc1.weight | 4194304    | [FROZEN]
2026-06-24 21:04:32,863 | INFO | vit_model.base_model.model.blocks.7.mlp.fc1.bias | 4096       | [FROZEN]
2026-06-24 21:04:32,863 | INFO | vit_model.base_model.model.blocks.7.mlp.fc2.weight | 4194304    | [FROZEN]
2026-06-24 21:04:32,863 | INFO | vit_model.base_model.model.blocks.7.mlp.fc2.bias | 1024       | [FROZEN]
2026-06-24 21:04:32,863 | INFO | vit_model.base_model.model.blocks.7.ls2.gamma | 1024       | [FROZEN]
2026-06-24 21:04:32,863 | INFO | vit_model.base_model.model.blocks.8.norm1.weight | 1024       | [FROZEN]
2026-06-24 21:04:32,863 | INFO | vit_model.base_model.model.blocks.8.norm1.bias | 1024       | [FROZEN]
2026-06-24 21:04:32,863 | INFO | vit_model.base_model.model.blocks.8.attn.qkv.base_layer.weight | 3145728    | [FROZEN]
2026-06-24 21:04:32,863 | INFO | vit_model.base_model.model.blocks.8.attn.qkv.base_layer.bias | 3072       | [FROZEN]
2026-06-24 21:04:32,863 | INFO | vit_model.base_model.model.blocks.8.attn.qkv.lora_A.default.weight | 8192       | [TRAINABLE]
2026-06-24 21:04:32,863 | INFO | vit_model.base_model.model.blocks.8.attn.qkv.lora_B.default.weight | 24576      | [TRAINABLE]
2026-06-24 21:04:32,863 | INFO | vit_model.base_model.model.blocks.8.attn.proj.weight | 1048576    | [FROZEN]
2026-06-24 21:04:32,863 | INFO | vit_model.base_model.model.blocks.8.attn.proj.bias | 1024       | [FROZEN]
2026-06-24 21:04:32,863 | INFO | vit_model.base_model.model.blocks.8.ls1.gamma | 1024       | [FROZEN]
2026-06-24 21:04:32,863 | INFO | vit_model.base_model.model.blocks.8.norm2.weight | 1024       | [FROZEN]
2026-06-24 21:04:32,863 | INFO | vit_model.base_model.model.blocks.8.norm2.bias | 1024       | [FROZEN]
2026-06-24 21:04:32,863 | INFO | vit_model.base_model.model.blocks.8.mlp.fc1.weight | 4194304    | [FROZEN]
2026-06-24 21:04:32,863 | INFO | vit_model.base_model.model.blocks.8.mlp.fc1.bias | 4096       | [FROZEN]
2026-06-24 21:04:32,863 | INFO | vit_model.base_model.model.blocks.8.mlp.fc2.weight | 4194304    | [FROZEN]
2026-06-24 21:04:32,863 | INFO | vit_model.base_model.model.blocks.8.mlp.fc2.bias | 1024       | [FROZEN]
2026-06-24 21:04:32,863 | INFO | vit_model.base_model.model.blocks.8.ls2.gamma | 1024       | [FROZEN]
2026-06-24 21:04:32,863 | INFO | vit_model.base_model.model.blocks.9.norm1.weight | 1024       | [FROZEN]
2026-06-24 21:04:32,863 | INFO | vit_model.base_model.model.blocks.9.norm1.bias | 1024       | [FROZEN]
2026-06-24 21:04:32,863 | INFO | vit_model.base_model.model.blocks.9.attn.qkv.base_layer.weight | 3145728    | [FROZEN]
2026-06-24 21:04:32,863 | INFO | vit_model.base_model.model.blocks.9.attn.qkv.base_layer.bias | 3072       | [FROZEN]
2026-06-24 21:04:32,863 | INFO | vit_model.base_model.model.blocks.9.attn.qkv.lora_A.default.weight | 8192       | [TRAINABLE]
2026-06-24 21:04:32,863 | INFO | vit_model.base_model.model.blocks.9.attn.qkv.lora_B.default.weight | 24576      | [TRAINABLE]
2026-06-24 21:04:32,863 | INFO | vit_model.base_model.model.blocks.9.attn.proj.weight | 1048576    | [FROZEN]
2026-06-24 21:04:32,863 | INFO | vit_model.base_model.model.blocks.9.attn.proj.bias | 1024       | [FROZEN]
2026-06-24 21:04:32,863 | INFO | vit_model.base_model.model.blocks.9.ls1.gamma | 1024       | [FROZEN]
2026-06-24 21:04:32,863 | INFO | vit_model.base_model.model.blocks.9.norm2.weight | 1024       | [FROZEN]
2026-06-24 21:04:32,863 | INFO | vit_model.base_model.model.blocks.9.norm2.bias | 1024       | [FROZEN]
2026-06-24 21:04:32,863 | INFO | vit_model.base_model.model.blocks.9.mlp.fc1.weight | 4194304    | [FROZEN]
2026-06-24 21:04:32,863 | INFO | vit_model.base_model.model.blocks.9.mlp.fc1.bias | 4096       | [FROZEN]
2026-06-24 21:04:32,863 | INFO | vit_model.base_model.model.blocks.9.mlp.fc2.weight | 4194304    | [FROZEN]
2026-06-24 21:04:32,863 | INFO | vit_model.base_model.model.blocks.9.mlp.fc2.bias | 1024       | [FROZEN]
2026-06-24 21:04:32,863 | INFO | vit_model.base_model.model.blocks.9.ls2.gamma | 1024       | [FROZEN]
2026-06-24 21:04:32,863 | INFO | vit_model.base_model.model.blocks.10.norm1.weight | 1024       | [FROZEN]
2026-06-24 21:04:32,863 | INFO | vit_model.base_model.model.blocks.10.norm1.bias | 1024       | [FROZEN]
2026-06-24 21:04:32,863 | INFO | vit_model.base_model.model.blocks.10.attn.qkv.base_layer.weight | 3145728    | [FROZEN]
2026-06-24 21:04:32,863 | INFO | vit_model.base_model.model.blocks.10.attn.qkv.base_layer.bias | 3072       | [FROZEN]
2026-06-24 21:04:32,863 | INFO | vit_model.base_model.model.blocks.10.attn.qkv.lora_A.default.weight | 8192       | [TRAINABLE]
2026-06-24 21:04:32,863 | INFO | vit_model.base_model.model.blocks.10.attn.qkv.lora_B.default.weight | 24576      | [TRAINABLE]
2026-06-24 21:04:32,863 | INFO | vit_model.base_model.model.blocks.10.attn.proj.weight | 1048576    | [FROZEN]
2026-06-24 21:04:32,863 | INFO | vit_model.base_model.model.blocks.10.attn.proj.bias | 1024       | [FROZEN]
2026-06-24 21:04:32,863 | INFO | vit_model.base_model.model.blocks.10.ls1.gamma | 1024       | [FROZEN]
2026-06-24 21:04:32,863 | INFO | vit_model.base_model.model.blocks.10.norm2.weight | 1024       | [FROZEN]
2026-06-24 21:04:32,863 | INFO | vit_model.base_model.model.blocks.10.norm2.bias | 1024       | [FROZEN]
2026-06-24 21:04:32,863 | INFO | vit_model.base_model.model.blocks.10.mlp.fc1.weight | 4194304    | [FROZEN]
2026-06-24 21:04:32,863 | INFO | vit_model.base_model.model.blocks.10.mlp.fc1.bias | 4096       | [FROZEN]
2026-06-24 21:04:32,863 | INFO | vit_model.base_model.model.blocks.10.mlp.fc2.weight | 4194304    | [FROZEN]
2026-06-24 21:04:32,863 | INFO | vit_model.base_model.model.blocks.10.mlp.fc2.bias | 1024       | [FROZEN]
2026-06-24 21:04:32,863 | INFO | vit_model.base_model.model.blocks.10.ls2.gamma | 1024       | [FROZEN]
2026-06-24 21:04:32,863 | INFO | vit_model.base_model.model.blocks.11.norm1.weight | 1024       | [FROZEN]
2026-06-24 21:04:32,863 | INFO | vit_model.base_model.model.blocks.11.norm1.bias | 1024       | [FROZEN]
2026-06-24 21:04:32,863 | INFO | vit_model.base_model.model.blocks.11.attn.qkv.base_layer.weight | 3145728    | [FROZEN]
2026-06-24 21:04:32,863 | INFO | vit_model.base_model.model.blocks.11.attn.qkv.base_layer.bias | 3072       | [FROZEN]
2026-06-24 21:04:32,863 | INFO | vit_model.base_model.model.blocks.11.attn.qkv.lora_A.default.weight | 8192       | [TRAINABLE]
2026-06-24 21:04:32,863 | INFO | vit_model.base_model.model.blocks.11.attn.qkv.lora_B.default.weight | 24576      | [TRAINABLE]
2026-06-24 21:04:32,863 | INFO | vit_model.base_model.model.blocks.11.attn.proj.weight | 1048576    | [FROZEN]
2026-06-24 21:04:32,863 | INFO | vit_model.base_model.model.blocks.11.attn.proj.bias | 1024       | [FROZEN]
2026-06-24 21:04:32,863 | INFO | vit_model.base_model.model.blocks.11.ls1.gamma | 1024       | [FROZEN]
2026-06-24 21:04:32,863 | INFO | vit_model.base_model.model.blocks.11.norm2.weight | 1024       | [FROZEN]
2026-06-24 21:04:32,863 | INFO | vit_model.base_model.model.blocks.11.norm2.bias | 1024       | [FROZEN]
2026-06-24 21:04:32,863 | INFO | vit_model.base_model.model.blocks.11.mlp.fc1.weight | 4194304    | [FROZEN]
2026-06-24 21:04:32,863 | INFO | vit_model.base_model.model.blocks.11.mlp.fc1.bias | 4096       | [FROZEN]
2026-06-24 21:04:32,863 | INFO | vit_model.base_model.model.blocks.11.mlp.fc2.weight | 4194304    | [FROZEN]
2026-06-24 21:04:32,863 | INFO | vit_model.base_model.model.blocks.11.mlp.fc2.bias | 1024       | [FROZEN]
2026-06-24 21:04:32,863 | INFO | vit_model.base_model.model.blocks.11.ls2.gamma | 1024       | [FROZEN]
2026-06-24 21:04:32,864 | INFO | vit_model.base_model.model.blocks.12.norm1.weight | 1024       | [FROZEN]
2026-06-24 21:04:32,864 | INFO | vit_model.base_model.model.blocks.12.norm1.bias | 1024       | [FROZEN]
2026-06-24 21:04:32,864 | INFO | vit_model.base_model.model.blocks.12.attn.qkv.base_layer.weight | 3145728    | [FROZEN]
2026-06-24 21:04:32,864 | INFO | vit_model.base_model.model.blocks.12.attn.qkv.base_layer.bias | 3072       | [FROZEN]
2026-06-24 21:04:32,864 | INFO | vit_model.base_model.model.blocks.12.attn.qkv.lora_A.default.weight | 8192       | [TRAINABLE]
2026-06-24 21:04:32,864 | INFO | vit_model.base_model.model.blocks.12.attn.qkv.lora_B.default.weight | 24576      | [TRAINABLE]
2026-06-24 21:04:32,864 | INFO | vit_model.base_model.model.blocks.12.attn.proj.weight | 1048576    | [FROZEN]
2026-06-24 21:04:32,864 | INFO | vit_model.base_model.model.blocks.12.attn.proj.bias | 1024       | [FROZEN]
2026-06-24 21:04:32,864 | INFO | vit_model.base_model.model.blocks.12.ls1.gamma | 1024       | [FROZEN]
2026-06-24 21:04:32,864 | INFO | vit_model.base_model.model.blocks.12.norm2.weight | 1024       | [FROZEN]
2026-06-24 21:04:32,864 | INFO | vit_model.base_model.model.blocks.12.norm2.bias | 1024       | [FROZEN]
2026-06-24 21:04:32,864 | INFO | vit_model.base_model.model.blocks.12.mlp.fc1.weight | 4194304    | [FROZEN]
2026-06-24 21:04:32,864 | INFO | vit_model.base_model.model.blocks.12.mlp.fc1.bias | 4096       | [FROZEN]
2026-06-24 21:04:32,864 | INFO | vit_model.base_model.model.blocks.12.mlp.fc2.weight | 4194304    | [FROZEN]
2026-06-24 21:04:32,864 | INFO | vit_model.base_model.model.blocks.12.mlp.fc2.bias | 1024       | [FROZEN]
2026-06-24 21:04:32,864 | INFO | vit_model.base_model.model.blocks.12.ls2.gamma | 1024       | [FROZEN]
2026-06-24 21:04:32,864 | INFO | vit_model.base_model.model.blocks.13.norm1.weight | 1024       | [FROZEN]
2026-06-24 21:04:32,864 | INFO | vit_model.base_model.model.blocks.13.norm1.bias | 1024       | [FROZEN]
2026-06-24 21:04:32,864 | INFO | vit_model.base_model.model.blocks.13.attn.qkv.base_layer.weight | 3145728    | [FROZEN]
2026-06-24 21:04:32,864 | INFO | vit_model.base_model.model.blocks.13.attn.qkv.base_layer.bias | 3072       | [FROZEN]
2026-06-24 21:04:32,864 | INFO | vit_model.base_model.model.blocks.13.attn.qkv.lora_A.default.weight | 8192       | [TRAINABLE]
2026-06-24 21:04:32,864 | INFO | vit_model.base_model.model.blocks.13.attn.qkv.lora_B.default.weight | 24576      | [TRAINABLE]
2026-06-24 21:04:32,864 | INFO | vit_model.base_model.model.blocks.13.attn.proj.weight | 1048576    | [FROZEN]
2026-06-24 21:04:32,864 | INFO | vit_model.base_model.model.blocks.13.attn.proj.bias | 1024       | [FROZEN]
2026-06-24 21:04:32,864 | INFO | vit_model.base_model.model.blocks.13.ls1.gamma | 1024       | [FROZEN]
2026-06-24 21:04:32,864 | INFO | vit_model.base_model.model.blocks.13.norm2.weight | 1024       | [FROZEN]
2026-06-24 21:04:32,864 | INFO | vit_model.base_model.model.blocks.13.norm2.bias | 1024       | [FROZEN]
2026-06-24 21:04:32,864 | INFO | vit_model.base_model.model.blocks.13.mlp.fc1.weight | 4194304    | [FROZEN]
2026-06-24 21:04:32,864 | INFO | vit_model.base_model.model.blocks.13.mlp.fc1.bias | 4096       | [FROZEN]
2026-06-24 21:04:32,864 | INFO | vit_model.base_model.model.blocks.13.mlp.fc2.weight | 4194304    | [FROZEN]
2026-06-24 21:04:32,864 | INFO | vit_model.base_model.model.blocks.13.mlp.fc2.bias | 1024       | [FROZEN]
2026-06-24 21:04:32,864 | INFO | vit_model.base_model.model.blocks.13.ls2.gamma | 1024       | [FROZEN]
2026-06-24 21:04:32,864 | INFO | vit_model.base_model.model.blocks.14.norm1.weight | 1024       | [FROZEN]
2026-06-24 21:04:32,864 | INFO | vit_model.base_model.model.blocks.14.norm1.bias | 1024       | [FROZEN]
2026-06-24 21:04:32,864 | INFO | vit_model.base_model.model.blocks.14.attn.qkv.base_layer.weight | 3145728    | [FROZEN]
2026-06-24 21:04:32,864 | INFO | vit_model.base_model.model.blocks.14.attn.qkv.base_layer.bias | 3072       | [FROZEN]
2026-06-24 21:04:32,864 | INFO | vit_model.base_model.model.blocks.14.attn.qkv.lora_A.default.weight | 8192       | [TRAINABLE]
2026-06-24 21:04:32,864 | INFO | vit_model.base_model.model.blocks.14.attn.qkv.lora_B.default.weight | 24576      | [TRAINABLE]
2026-06-24 21:04:32,864 | INFO | vit_model.base_model.model.blocks.14.attn.proj.weight | 1048576    | [FROZEN]
2026-06-24 21:04:32,864 | INFO | vit_model.base_model.model.blocks.14.attn.proj.bias | 1024       | [FROZEN]
2026-06-24 21:04:32,864 | INFO | vit_model.base_model.model.blocks.14.ls1.gamma | 1024       | [FROZEN]
2026-06-24 21:04:32,864 | INFO | vit_model.base_model.model.blocks.14.norm2.weight | 1024       | [FROZEN]
2026-06-24 21:04:32,864 | INFO | vit_model.base_model.model.blocks.14.norm2.bias | 1024       | [FROZEN]
2026-06-24 21:04:32,864 | INFO | vit_model.base_model.model.blocks.14.mlp.fc1.weight | 4194304    | [FROZEN]
2026-06-24 21:04:32,864 | INFO | vit_model.base_model.model.blocks.14.mlp.fc1.bias | 4096       | [FROZEN]
2026-06-24 21:04:32,864 | INFO | vit_model.base_model.model.blocks.14.mlp.fc2.weight | 4194304    | [FROZEN]
2026-06-24 21:04:32,864 | INFO | vit_model.base_model.model.blocks.14.mlp.fc2.bias | 1024       | [FROZEN]
2026-06-24 21:04:32,864 | INFO | vit_model.base_model.model.blocks.14.ls2.gamma | 1024       | [FROZEN]
2026-06-24 21:04:32,864 | INFO | vit_model.base_model.model.blocks.15.norm1.weight | 1024       | [FROZEN]
2026-06-24 21:04:32,864 | INFO | vit_model.base_model.model.blocks.15.norm1.bias | 1024       | [FROZEN]
2026-06-24 21:04:32,864 | INFO | vit_model.base_model.model.blocks.15.attn.qkv.base_layer.weight | 3145728    | [FROZEN]
2026-06-24 21:04:32,864 | INFO | vit_model.base_model.model.blocks.15.attn.qkv.base_layer.bias | 3072       | [FROZEN]
2026-06-24 21:04:32,864 | INFO | vit_model.base_model.model.blocks.15.attn.qkv.lora_A.default.weight | 8192       | [TRAINABLE]
2026-06-24 21:04:32,864 | INFO | vit_model.base_model.model.blocks.15.attn.qkv.lora_B.default.weight | 24576      | [TRAINABLE]
2026-06-24 21:04:32,864 | INFO | vit_model.base_model.model.blocks.15.attn.proj.weight | 1048576    | [FROZEN]
2026-06-24 21:04:32,864 | INFO | vit_model.base_model.model.blocks.15.attn.proj.bias | 1024       | [FROZEN]
2026-06-24 21:04:32,864 | INFO | vit_model.base_model.model.blocks.15.ls1.gamma | 1024       | [FROZEN]
2026-06-24 21:04:32,864 | INFO | vit_model.base_model.model.blocks.15.norm2.weight | 1024       | [FROZEN]
2026-06-24 21:04:32,864 | INFO | vit_model.base_model.model.blocks.15.norm2.bias | 1024       | [FROZEN]
2026-06-24 21:04:32,864 | INFO | vit_model.base_model.model.blocks.15.mlp.fc1.weight | 4194304    | [FROZEN]
2026-06-24 21:04:32,864 | INFO | vit_model.base_model.model.blocks.15.mlp.fc1.bias | 4096       | [FROZEN]
2026-06-24 21:04:32,864 | INFO | vit_model.base_model.model.blocks.15.mlp.fc2.weight | 4194304    | [FROZEN]
2026-06-24 21:04:32,864 | INFO | vit_model.base_model.model.blocks.15.mlp.fc2.bias | 1024       | [FROZEN]
2026-06-24 21:04:32,864 | INFO | vit_model.base_model.model.blocks.15.ls2.gamma | 1024       | [FROZEN]
2026-06-24 21:04:32,864 | INFO | vit_model.base_model.model.blocks.16.norm1.weight | 1024       | [FROZEN]
2026-06-24 21:04:32,864 | INFO | vit_model.base_model.model.blocks.16.norm1.bias | 1024       | [FROZEN]
2026-06-24 21:04:32,864 | INFO | vit_model.base_model.model.blocks.16.attn.qkv.base_layer.weight | 3145728    | [FROZEN]
2026-06-24 21:04:32,864 | INFO | vit_model.base_model.model.blocks.16.attn.qkv.base_layer.bias | 3072       | [FROZEN]
2026-06-24 21:04:32,864 | INFO | vit_model.base_model.model.blocks.16.attn.qkv.lora_A.default.weight | 8192       | [TRAINABLE]
2026-06-24 21:04:32,865 | INFO | vit_model.base_model.model.blocks.16.attn.qkv.lora_B.default.weight | 24576      | [TRAINABLE]
2026-06-24 21:04:32,865 | INFO | vit_model.base_model.model.blocks.16.attn.proj.weight | 1048576    | [FROZEN]
2026-06-24 21:04:32,865 | INFO | vit_model.base_model.model.blocks.16.attn.proj.bias | 1024       | [FROZEN]
2026-06-24 21:04:32,865 | INFO | vit_model.base_model.model.blocks.16.ls1.gamma | 1024       | [FROZEN]
2026-06-24 21:04:32,865 | INFO | vit_model.base_model.model.blocks.16.norm2.weight | 1024       | [FROZEN]
2026-06-24 21:04:32,865 | INFO | vit_model.base_model.model.blocks.16.norm2.bias | 1024       | [FROZEN]
2026-06-24 21:04:32,865 | INFO | vit_model.base_model.model.blocks.16.mlp.fc1.weight | 4194304    | [FROZEN]
2026-06-24 21:04:32,865 | INFO | vit_model.base_model.model.blocks.16.mlp.fc1.bias | 4096       | [FROZEN]
2026-06-24 21:04:32,865 | INFO | vit_model.base_model.model.blocks.16.mlp.fc2.weight | 4194304    | [FROZEN]
2026-06-24 21:04:32,865 | INFO | vit_model.base_model.model.blocks.16.mlp.fc2.bias | 1024       | [FROZEN]
2026-06-24 21:04:32,865 | INFO | vit_model.base_model.model.blocks.16.ls2.gamma | 1024       | [FROZEN]
2026-06-24 21:04:32,865 | INFO | vit_model.base_model.model.blocks.17.norm1.weight | 1024       | [FROZEN]
2026-06-24 21:04:32,865 | INFO | vit_model.base_model.model.blocks.17.norm1.bias | 1024       | [FROZEN]
2026-06-24 21:04:32,865 | INFO | vit_model.base_model.model.blocks.17.attn.qkv.base_layer.weight | 3145728    | [FROZEN]
2026-06-24 21:04:32,865 | INFO | vit_model.base_model.model.blocks.17.attn.qkv.base_layer.bias | 3072       | [FROZEN]
2026-06-24 21:04:32,865 | INFO | vit_model.base_model.model.blocks.17.attn.qkv.lora_A.default.weight | 8192       | [TRAINABLE]
2026-06-24 21:04:32,865 | INFO | vit_model.base_model.model.blocks.17.attn.qkv.lora_B.default.weight | 24576      | [TRAINABLE]
2026-06-24 21:04:32,865 | INFO | vit_model.base_model.model.blocks.17.attn.proj.weight | 1048576    | [FROZEN]
2026-06-24 21:04:32,865 | INFO | vit_model.base_model.model.blocks.17.attn.proj.bias | 1024       | [FROZEN]
2026-06-24 21:04:32,865 | INFO | vit_model.base_model.model.blocks.17.ls1.gamma | 1024       | [FROZEN]
2026-06-24 21:04:32,865 | INFO | vit_model.base_model.model.blocks.17.norm2.weight | 1024       | [FROZEN]
2026-06-24 21:04:32,865 | INFO | vit_model.base_model.model.blocks.17.norm2.bias | 1024       | [FROZEN]
2026-06-24 21:04:32,865 | INFO | vit_model.base_model.model.blocks.17.mlp.fc1.weight | 4194304    | [FROZEN]
2026-06-24 21:04:32,865 | INFO | vit_model.base_model.model.blocks.17.mlp.fc1.bias | 4096       | [FROZEN]
2026-06-24 21:04:32,865 | INFO | vit_model.base_model.model.blocks.17.mlp.fc2.weight | 4194304    | [FROZEN]
2026-06-24 21:04:32,865 | INFO | vit_model.base_model.model.blocks.17.mlp.fc2.bias | 1024       | [FROZEN]
2026-06-24 21:04:32,865 | INFO | vit_model.base_model.model.blocks.17.ls2.gamma | 1024       | [FROZEN]
2026-06-24 21:04:32,865 | INFO | vit_model.base_model.model.blocks.18.norm1.weight | 1024       | [FROZEN]
2026-06-24 21:04:32,865 | INFO | vit_model.base_model.model.blocks.18.norm1.bias | 1024       | [FROZEN]
2026-06-24 21:04:32,865 | INFO | vit_model.base_model.model.blocks.18.attn.qkv.base_layer.weight | 3145728    | [FROZEN]
2026-06-24 21:04:32,865 | INFO | vit_model.base_model.model.blocks.18.attn.qkv.base_layer.bias | 3072       | [FROZEN]
2026-06-24 21:04:32,865 | INFO | vit_model.base_model.model.blocks.18.attn.qkv.lora_A.default.weight | 8192       | [TRAINABLE]
2026-06-24 21:04:32,865 | INFO | vit_model.base_model.model.blocks.18.attn.qkv.lora_B.default.weight | 24576      | [TRAINABLE]
2026-06-24 21:04:32,865 | INFO | vit_model.base_model.model.blocks.18.attn.proj.weight | 1048576    | [FROZEN]
2026-06-24 21:04:32,865 | INFO | vit_model.base_model.model.blocks.18.attn.proj.bias | 1024       | [FROZEN]
2026-06-24 21:04:32,865 | INFO | vit_model.base_model.model.blocks.18.ls1.gamma | 1024       | [FROZEN]
2026-06-24 21:04:32,865 | INFO | vit_model.base_model.model.blocks.18.norm2.weight | 1024       | [FROZEN]
2026-06-24 21:04:32,865 | INFO | vit_model.base_model.model.blocks.18.norm2.bias | 1024       | [FROZEN]
2026-06-24 21:04:32,865 | INFO | vit_model.base_model.model.blocks.18.mlp.fc1.weight | 4194304    | [FROZEN]
2026-06-24 21:04:32,865 | INFO | vit_model.base_model.model.blocks.18.mlp.fc1.bias | 4096       | [FROZEN]
2026-06-24 21:04:32,865 | INFO | vit_model.base_model.model.blocks.18.mlp.fc2.weight | 4194304    | [FROZEN]
2026-06-24 21:04:32,865 | INFO | vit_model.base_model.model.blocks.18.mlp.fc2.bias | 1024       | [FROZEN]
2026-06-24 21:04:32,865 | INFO | vit_model.base_model.model.blocks.18.ls2.gamma | 1024       | [FROZEN]
2026-06-24 21:04:32,865 | INFO | vit_model.base_model.model.blocks.19.norm1.weight | 1024       | [FROZEN]
2026-06-24 21:04:32,865 | INFO | vit_model.base_model.model.blocks.19.norm1.bias | 1024       | [FROZEN]
2026-06-24 21:04:32,865 | INFO | vit_model.base_model.model.blocks.19.attn.qkv.base_layer.weight | 3145728    | [FROZEN]
2026-06-24 21:04:32,865 | INFO | vit_model.base_model.model.blocks.19.attn.qkv.base_layer.bias | 3072       | [FROZEN]
2026-06-24 21:04:32,865 | INFO | vit_model.base_model.model.blocks.19.attn.qkv.lora_A.default.weight | 8192       | [TRAINABLE]
2026-06-24 21:04:32,865 | INFO | vit_model.base_model.model.blocks.19.attn.qkv.lora_B.default.weight | 24576      | [TRAINABLE]
2026-06-24 21:04:32,865 | INFO | vit_model.base_model.model.blocks.19.attn.proj.weight | 1048576    | [FROZEN]
2026-06-24 21:04:32,865 | INFO | vit_model.base_model.model.blocks.19.attn.proj.bias | 1024       | [FROZEN]
2026-06-24 21:04:32,865 | INFO | vit_model.base_model.model.blocks.19.ls1.gamma | 1024       | [FROZEN]
2026-06-24 21:04:32,865 | INFO | vit_model.base_model.model.blocks.19.norm2.weight | 1024       | [FROZEN]
2026-06-24 21:04:32,865 | INFO | vit_model.base_model.model.blocks.19.norm2.bias | 1024       | [FROZEN]
2026-06-24 21:04:32,865 | INFO | vit_model.base_model.model.blocks.19.mlp.fc1.weight | 4194304    | [FROZEN]
2026-06-24 21:04:32,865 | INFO | vit_model.base_model.model.blocks.19.mlp.fc1.bias | 4096       | [FROZEN]
2026-06-24 21:04:32,865 | INFO | vit_model.base_model.model.blocks.19.mlp.fc2.weight | 4194304    | [FROZEN]
2026-06-24 21:04:32,865 | INFO | vit_model.base_model.model.blocks.19.mlp.fc2.bias | 1024       | [FROZEN]
2026-06-24 21:04:32,865 | INFO | vit_model.base_model.model.blocks.19.ls2.gamma | 1024       | [FROZEN]
2026-06-24 21:04:32,865 | INFO | vit_model.base_model.model.blocks.20.norm1.weight | 1024       | [FROZEN]
2026-06-24 21:04:32,865 | INFO | vit_model.base_model.model.blocks.20.norm1.bias | 1024       | [FROZEN]
2026-06-24 21:04:32,865 | INFO | vit_model.base_model.model.blocks.20.attn.qkv.base_layer.weight | 3145728    | [FROZEN]
2026-06-24 21:04:32,865 | INFO | vit_model.base_model.model.blocks.20.attn.qkv.base_layer.bias | 3072       | [FROZEN]
2026-06-24 21:04:32,865 | INFO | vit_model.base_model.model.blocks.20.attn.qkv.lora_A.default.weight | 8192       | [TRAINABLE]
2026-06-24 21:04:32,865 | INFO | vit_model.base_model.model.blocks.20.attn.qkv.lora_B.default.weight | 24576      | [TRAINABLE]
2026-06-24 21:04:32,865 | INFO | vit_model.base_model.model.blocks.20.attn.proj.weight | 1048576    | [FROZEN]
2026-06-24 21:04:32,866 | INFO | vit_model.base_model.model.blocks.20.attn.proj.bias | 1024       | [FROZEN]
2026-06-24 21:04:32,866 | INFO | vit_model.base_model.model.blocks.20.ls1.gamma | 1024       | [FROZEN]
2026-06-24 21:04:32,866 | INFO | vit_model.base_model.model.blocks.20.norm2.weight | 1024       | [FROZEN]
2026-06-24 21:04:32,866 | INFO | vit_model.base_model.model.blocks.20.norm2.bias | 1024       | [FROZEN]
2026-06-24 21:04:32,866 | INFO | vit_model.base_model.model.blocks.20.mlp.fc1.weight | 4194304    | [FROZEN]
2026-06-24 21:04:32,866 | INFO | vit_model.base_model.model.blocks.20.mlp.fc1.bias | 4096       | [FROZEN]
2026-06-24 21:04:32,866 | INFO | vit_model.base_model.model.blocks.20.mlp.fc2.weight | 4194304    | [FROZEN]
2026-06-24 21:04:32,866 | INFO | vit_model.base_model.model.blocks.20.mlp.fc2.bias | 1024       | [FROZEN]
2026-06-24 21:04:32,866 | INFO | vit_model.base_model.model.blocks.20.ls2.gamma | 1024       | [FROZEN]
2026-06-24 21:04:32,866 | INFO | vit_model.base_model.model.blocks.21.norm1.weight | 1024       | [FROZEN]
2026-06-24 21:04:32,866 | INFO | vit_model.base_model.model.blocks.21.norm1.bias | 1024       | [FROZEN]
2026-06-24 21:04:32,866 | INFO | vit_model.base_model.model.blocks.21.attn.qkv.base_layer.weight | 3145728    | [FROZEN]
2026-06-24 21:04:32,866 | INFO | vit_model.base_model.model.blocks.21.attn.qkv.base_layer.bias | 3072       | [FROZEN]
2026-06-24 21:04:32,866 | INFO | vit_model.base_model.model.blocks.21.attn.qkv.lora_A.default.weight | 8192       | [TRAINABLE]
2026-06-24 21:04:32,866 | INFO | vit_model.base_model.model.blocks.21.attn.qkv.lora_B.default.weight | 24576      | [TRAINABLE]
2026-06-24 21:04:32,866 | INFO | vit_model.base_model.model.blocks.21.attn.proj.weight | 1048576    | [FROZEN]
2026-06-24 21:04:32,866 | INFO | vit_model.base_model.model.blocks.21.attn.proj.bias | 1024       | [FROZEN]
2026-06-24 21:04:32,866 | INFO | vit_model.base_model.model.blocks.21.ls1.gamma | 1024       | [FROZEN]
2026-06-24 21:04:32,866 | INFO | vit_model.base_model.model.blocks.21.norm2.weight | 1024       | [FROZEN]
2026-06-24 21:04:32,866 | INFO | vit_model.base_model.model.blocks.21.norm2.bias | 1024       | [FROZEN]
2026-06-24 21:04:32,866 | INFO | vit_model.base_model.model.blocks.21.mlp.fc1.weight | 4194304    | [FROZEN]
2026-06-24 21:04:32,866 | INFO | vit_model.base_model.model.blocks.21.mlp.fc1.bias | 4096       | [FROZEN]
2026-06-24 21:04:32,866 | INFO | vit_model.base_model.model.blocks.21.mlp.fc2.weight | 4194304    | [FROZEN]
2026-06-24 21:04:32,866 | INFO | vit_model.base_model.model.blocks.21.mlp.fc2.bias | 1024       | [FROZEN]
2026-06-24 21:04:32,866 | INFO | vit_model.base_model.model.blocks.21.ls2.gamma | 1024       | [FROZEN]
2026-06-24 21:04:32,866 | INFO | vit_model.base_model.model.blocks.22.norm1.weight | 1024       | [FROZEN]
2026-06-24 21:04:32,866 | INFO | vit_model.base_model.model.blocks.22.norm1.bias | 1024       | [FROZEN]
2026-06-24 21:04:32,866 | INFO | vit_model.base_model.model.blocks.22.attn.qkv.base_layer.weight | 3145728    | [FROZEN]
2026-06-24 21:04:32,866 | INFO | vit_model.base_model.model.blocks.22.attn.qkv.base_layer.bias | 3072       | [FROZEN]
2026-06-24 21:04:32,866 | INFO | vit_model.base_model.model.blocks.22.attn.qkv.lora_A.default.weight | 8192       | [TRAINABLE]
2026-06-24 21:04:32,866 | INFO | vit_model.base_model.model.blocks.22.attn.qkv.lora_B.default.weight | 24576      | [TRAINABLE]
2026-06-24 21:04:32,866 | INFO | vit_model.base_model.model.blocks.22.attn.proj.weight | 1048576    | [FROZEN]
2026-06-24 21:04:32,866 | INFO | vit_model.base_model.model.blocks.22.attn.proj.bias | 1024       | [FROZEN]
2026-06-24 21:04:32,866 | INFO | vit_model.base_model.model.blocks.22.ls1.gamma | 1024       | [FROZEN]
2026-06-24 21:04:32,866 | INFO | vit_model.base_model.model.blocks.22.norm2.weight | 1024       | [FROZEN]
2026-06-24 21:04:32,866 | INFO | vit_model.base_model.model.blocks.22.norm2.bias | 1024       | [FROZEN]
2026-06-24 21:04:32,866 | INFO | vit_model.base_model.model.blocks.22.mlp.fc1.weight | 4194304    | [FROZEN]
2026-06-24 21:04:32,866 | INFO | vit_model.base_model.model.blocks.22.mlp.fc1.bias | 4096       | [FROZEN]
2026-06-24 21:04:32,866 | INFO | vit_model.base_model.model.blocks.22.mlp.fc2.weight | 4194304    | [FROZEN]
2026-06-24 21:04:32,866 | INFO | vit_model.base_model.model.blocks.22.mlp.fc2.bias | 1024       | [FROZEN]
2026-06-24 21:04:32,866 | INFO | vit_model.base_model.model.blocks.22.ls2.gamma | 1024       | [FROZEN]
2026-06-24 21:04:32,866 | INFO | vit_model.base_model.model.blocks.23.norm1.weight | 1024       | [FROZEN]
2026-06-24 21:04:32,866 | INFO | vit_model.base_model.model.blocks.23.norm1.bias | 1024       | [FROZEN]
2026-06-24 21:04:32,866 | INFO | vit_model.base_model.model.blocks.23.attn.qkv.base_layer.weight | 3145728    | [FROZEN]
2026-06-24 21:04:32,866 | INFO | vit_model.base_model.model.blocks.23.attn.qkv.base_layer.bias | 3072       | [FROZEN]
2026-06-24 21:04:32,866 | INFO | vit_model.base_model.model.blocks.23.attn.qkv.lora_A.default.weight | 8192       | [TRAINABLE]
2026-06-24 21:04:32,866 | INFO | vit_model.base_model.model.blocks.23.attn.qkv.lora_B.default.weight | 24576      | [TRAINABLE]
2026-06-24 21:04:32,866 | INFO | vit_model.base_model.model.blocks.23.attn.proj.weight | 1048576    | [FROZEN]
2026-06-24 21:04:32,866 | INFO | vit_model.base_model.model.blocks.23.attn.proj.bias | 1024       | [FROZEN]
2026-06-24 21:04:32,866 | INFO | vit_model.base_model.model.blocks.23.ls1.gamma | 1024       | [FROZEN]
2026-06-24 21:04:32,866 | INFO | vit_model.base_model.model.blocks.23.norm2.weight | 1024       | [FROZEN]
2026-06-24 21:04:32,866 | INFO | vit_model.base_model.model.blocks.23.norm2.bias | 1024       | [FROZEN]
2026-06-24 21:04:32,866 | INFO | vit_model.base_model.model.blocks.23.mlp.fc1.weight | 4194304    | [FROZEN]
2026-06-24 21:04:32,866 | INFO | vit_model.base_model.model.blocks.23.mlp.fc1.bias | 4096       | [FROZEN]
2026-06-24 21:04:32,866 | INFO | vit_model.base_model.model.blocks.23.mlp.fc2.weight | 4194304    | [FROZEN]
2026-06-24 21:04:32,866 | INFO | vit_model.base_model.model.blocks.23.mlp.fc2.bias | 1024       | [FROZEN]
2026-06-24 21:04:32,866 | INFO | vit_model.base_model.model.blocks.23.ls2.gamma | 1024       | [FROZEN]
2026-06-24 21:04:32,866 | INFO | vit_model.base_model.model.norm.weight   | 1024       | [FROZEN]
2026-06-24 21:04:32,866 | INFO | vit_model.base_model.model.norm.bias     | 1024       | [FROZEN]
2026-06-24 21:04:32,866 | INFO | mil_model.w_map.0.weight                 | 1024       | [TRAINABLE]
2026-06-24 21:04:32,866 | INFO | mil_model.v_map.0.weight                 | 1048576    | [TRAINABLE]
2026-06-24 21:04:32,866 | INFO | concept_heads.0.weight                   | 4096       | [TRAINABLE]
2026-06-24 21:04:32,866 | INFO | concept_heads.0.bias                     | 4          | [TRAINABLE]
2026-06-24 21:04:32,866 | INFO | concept_heads.1.weight                   | 3072       | [TRAINABLE]
2026-06-24 21:04:32,866 | INFO | concept_heads.1.bias                     | 3          | [TRAINABLE]
2026-06-24 21:04:32,866 | INFO | concept_heads.2.weight                   | 3072       | [TRAINABLE]
2026-06-24 21:04:32,866 | INFO | concept_heads.2.bias                     | 3          | [TRAINABLE]
2026-06-24 21:04:32,866 | INFO | task_model.weight                        | 10         | [TRAINABLE]
2026-06-24 21:04:32,867 | INFO | task_model.bias                          | 1          | [TRAINABLE]
2026-06-24 21:04:32,867 | INFO | Total parameters (incl unnamed): 305.1971M
2026-06-24 21:04:32,867 | INFO | Total named parameters: 305.1971M
2026-06-24 21:04:32,867 | INFO | Trainable parameters: 1.8463M
2026-06-24 21:04:32,867 | INFO | ======== starting epoch 1 ========
2026-06-24 21:04:32,867 | INFO | epoch 1 LR at start of epoch: vit = 0.000000
2026-06-24 21:04:32,867 | INFO | epoch 1 LR at start of epoch: head = 0.010000
2026-06-24 21:04:32,867 | INFO | [VALIDATION STEP]
2026-06-24 21:04:57,362 | INFO | [epoch 1 | val | batch 0 start] allocated=1761.4MB | reserved=13588.0MB | peak=11217.4MB
2026-06-24 21:06:43,179 | INFO | [epoch 1 | val | batch 10 start] allocated=1761.4MB | reserved=13588.0MB | peak=11217.4MB
2026-06-24 21:06:54,603 | INFO | epoch 1 val loss (mean of batches): 1.52
2026-06-24 21:06:54,603 | INFO | epoch 1 val loss history: [1.5160000324249268]
2026-06-24 21:06:54,603 | INFO | epoch 1 val c-index (total sample): 0.48
2026-06-24 21:06:54,603 | INFO | epoch 1 val c-index history: [0.485]
2026-06-24 21:06:54,606 | INFO | [TRAINING STEP]
2026-06-24 21:07:05,766 | INFO | [epoch 1 | train | batch 0 start] allocated=1173.4MB | reserved=13588.0MB | peak=11217.4MB
2026-06-24 21:07:08,074 | INFO |     task_logits from  -0.49609375 to 0.427734375
2026-06-24 21:08:03,748 | INFO | [epoch 1 | train | batch 10 start] allocated=1203.6MB | reserved=30940.0MB | peak=29206.2MB
2026-06-24 21:09:00,780 | INFO | [epoch 1 | train | batch 20 start] allocated=1203.6MB | reserved=30940.0MB | peak=29206.2MB
2026-06-24 21:09:57,795 | INFO | [epoch 1 | train | batch 30 start] allocated=1203.6MB | reserved=30940.0MB | peak=29206.2MB
2026-06-24 21:10:55,471 | INFO | [epoch 1 | train | batch 40 start] allocated=1203.6MB | reserved=30940.0MB | peak=29206.2MB
2026-06-24 21:11:29,685 | INFO | epoch 1 train total loss: 1.70
2026-06-24 21:11:29,685 | INFO | epoch 1 train concept loss: 1.44
2026-06-24 21:11:29,685 | INFO | epoch 1 train task loss: 0.26
2026-06-24 21:11:29,685 | INFO | epoch 1 train total loss history: [1.7000000476837158]
2026-06-24 21:11:29,685 | INFO | epoch 1 train concept loss history: [1.4359999895095825]
2026-06-24 21:11:29,685 | INFO | epoch 1 train task loss history: [0.26499998569488525]
2026-06-24 21:11:29,686 | INFO | epoch 1 complete
2026-06-24 21:11:29,686 | INFO | ======== starting epoch 2 ========
2026-06-24 21:11:29,686 | INFO | epoch 2 LR at start of epoch: vit = 0.000000
2026-06-24 21:11:29,686 | INFO | epoch 2 LR at start of epoch: head = 0.009755
2026-06-24 21:11:29,686 | INFO | [VALIDATION STEP]
2026-06-24 21:11:43,812 | INFO | [epoch 2 | val | batch 0 start] allocated=1791.6MB | reserved=30940.0MB | peak=29206.2MB
2026-06-24 21:13:30,167 | INFO | [epoch 2 | val | batch 10 start] allocated=1791.6MB | reserved=30940.0MB | peak=29206.2MB
2026-06-24 21:13:41,431 | INFO | epoch 2 val loss (mean of batches): 1.55
2026-06-24 21:13:41,431 | INFO | epoch 2 val loss history: [1.5160000324249268, 1.5529999732971191]
2026-06-24 21:13:41,431 | INFO | epoch 2 val c-index (total sample): 0.58
2026-06-24 21:13:41,431 | INFO | epoch 2 val c-index history: [0.485, 0.576]
2026-06-24 21:13:41,434 | INFO | [TRAINING STEP]
2026-06-24 21:13:51,975 | INFO | [epoch 2 | train | batch 0 start] allocated=1203.6MB | reserved=30940.0MB | peak=29206.2MB
2026-06-24 21:13:53,706 | INFO |     task_logits from  -1.453125 to 0.625
2026-06-24 21:14:50,315 | INFO | [epoch 2 | train | batch 10 start] allocated=1203.6MB | reserved=30940.0MB | peak=29206.2MB
2026-06-24 21:15:47,431 | INFO | [epoch 2 | train | batch 20 start] allocated=1203.6MB | reserved=30940.0MB | peak=29206.2MB
2026-06-24 21:16:44,466 | INFO | [epoch 2 | train | batch 30 start] allocated=1203.6MB | reserved=30940.0MB | peak=29206.2MB
2026-06-24 21:17:41,416 | INFO | [epoch 2 | train | batch 40 start] allocated=1203.6MB | reserved=30940.0MB | peak=29206.2MB
2026-06-24 21:18:15,569 | INFO | epoch 2 train total loss: 1.26
2026-06-24 21:18:15,569 | INFO | epoch 2 train concept loss: 1.07
2026-06-24 21:18:15,569 | INFO | epoch 2 train task loss: 0.19
2026-06-24 21:18:15,569 | INFO | epoch 2 train total loss history: [1.7000000476837158, 1.2649999856948853]
2026-06-24 21:18:15,569 | INFO | epoch 2 train concept loss history: [1.4359999895095825, 1.0740000009536743]
2026-06-24 21:18:15,569 | INFO | epoch 2 train task loss history: [0.26499998569488525, 0.19200000166893005]
2026-06-24 21:18:15,570 | INFO | epoch 2 complete
2026-06-24 21:18:15,570 | INFO | ======== starting epoch 3 ========
2026-06-24 21:18:15,570 | INFO | epoch 3 LR at start of epoch: vit = 0.000000
2026-06-24 21:18:15,570 | INFO | epoch 3 LR at start of epoch: head = 0.009045
2026-06-24 21:18:15,570 | INFO | [VALIDATION STEP]
2026-06-24 21:18:29,550 | INFO | [epoch 3 | val | batch 0 start] allocated=1791.6MB | reserved=30940.0MB | peak=29206.2MB
2026-06-24 21:20:15,825 | INFO | [epoch 3 | val | batch 10 start] allocated=1791.6MB | reserved=30940.0MB | peak=29206.2MB
2026-06-24 21:20:27,183 | INFO | epoch 3 val loss (mean of batches): 1.67
2026-06-24 21:20:27,183 | INFO | epoch 3 val loss history: [1.5160000324249268, 1.5529999732971191, 1.6699999570846558]
2026-06-24 21:20:27,183 | INFO | epoch 3 val c-index (total sample): 0.70
2026-06-24 21:20:27,183 | INFO | epoch 3 val c-index history: [0.485, 0.576, 0.704]
2026-06-24 21:20:27,185 | INFO | [TRAINING STEP]
2026-06-24 21:20:36,520 | INFO | [epoch 3 | train | batch 0 start] allocated=1203.6MB | reserved=30940.0MB | peak=29206.2MB
2026-06-24 21:20:38,250 | INFO |     task_logits from  -3.015625 to 1.4765625
2026-06-24 21:21:33,413 | INFO | [epoch 3 | train | batch 10 start] allocated=1203.6MB | reserved=30940.0MB | peak=29206.2MB
2026-06-24 21:22:30,267 | INFO | [epoch 3 | train | batch 20 start] allocated=1203.6MB | reserved=30940.0MB | peak=29206.2MB
2026-06-24 21:23:27,135 | INFO | [epoch 3 | train | batch 30 start] allocated=1203.6MB | reserved=30940.0MB | peak=29206.2MB
2026-06-24 21:24:24,056 | INFO | [epoch 3 | train | batch 40 start] allocated=1203.6MB | reserved=30940.0MB | peak=29206.2MB
2026-06-24 21:24:58,192 | INFO | epoch 3 train total loss: 1.24
2026-06-24 21:24:58,192 | INFO | epoch 3 train concept loss: 1.05
2026-06-24 21:24:58,192 | INFO | epoch 3 train task loss: 0.19
2026-06-24 21:24:58,192 | INFO | epoch 3 train total loss history: [1.7000000476837158, 1.2649999856948853, 1.2430000305175781]
2026-06-24 21:24:58,192 | INFO | epoch 3 train concept loss history: [1.4359999895095825, 1.0740000009536743, 1.0540000200271606]
2026-06-24 21:24:58,192 | INFO | epoch 3 train task loss history: [0.26499998569488525, 0.19200000166893005, 0.1889999955892563]
2026-06-24 21:24:58,192 | INFO | epoch 3 complete
2026-06-24 21:24:58,193 | INFO | ======== starting epoch 4 ========
2026-06-24 21:24:58,193 | INFO | epoch 4 LR at start of epoch: vit = 0.000000
2026-06-24 21:24:58,193 | INFO | epoch 4 LR at start of epoch: head = 0.007939
2026-06-24 21:24:58,193 | INFO | [VALIDATION STEP]
2026-06-24 21:25:12,187 | INFO | [epoch 4 | val | batch 0 start] allocated=1791.6MB | reserved=30940.0MB | peak=29206.2MB
2026-06-24 21:26:59,027 | INFO | [epoch 4 | val | batch 10 start] allocated=1791.6MB | reserved=30940.0MB | peak=29206.2MB
2026-06-24 21:27:10,397 | INFO | epoch 4 val loss (mean of batches): 2.00
2026-06-24 21:27:10,397 | INFO | epoch 4 val loss history: [1.5160000324249268, 1.5529999732971191, 1.6699999570846558, 2.003000020980835]
2026-06-24 21:27:10,397 | INFO | epoch 4 val c-index (total sample): 0.59
2026-06-24 21:27:10,397 | INFO | epoch 4 val c-index history: [0.485, 0.576, 0.704, 0.586]
2026-06-24 21:27:10,400 | INFO | [TRAINING STEP]
2026-06-24 21:27:21,585 | INFO | [epoch 4 | train | batch 0 start] allocated=1203.6MB | reserved=30940.0MB | peak=29206.2MB
2026-06-24 21:27:23,320 | INFO |     task_logits from  -2.109375 to 0.79296875
2026-06-24 21:28:18,694 | INFO | [epoch 4 | train | batch 10 start] allocated=1203.6MB | reserved=30940.0MB | peak=29206.2MB
2026-06-24 21:29:15,641 | INFO | [epoch 4 | train | batch 20 start] allocated=1203.6MB | reserved=30940.0MB | peak=29206.2MB
2026-06-24 21:30:12,588 | INFO | [epoch 4 | train | batch 30 start] allocated=1203.6MB | reserved=30940.0MB | peak=29206.2MB
2026-06-24 21:31:09,583 | INFO | [epoch 4 | train | batch 40 start] allocated=1203.6MB | reserved=30940.0MB | peak=29206.2MB
2026-06-24 21:31:43,753 | INFO | epoch 4 train total loss: 1.13
2026-06-24 21:31:43,754 | INFO | epoch 4 train concept loss: 0.96
2026-06-24 21:31:43,754 | INFO | epoch 4 train task loss: 0.17
2026-06-24 21:31:43,754 | INFO | epoch 4 train total loss history: [1.7000000476837158, 1.2649999856948853, 1.2430000305175781, 1.1319999694824219]
2026-06-24 21:31:43,754 | INFO | epoch 4 train concept loss history: [1.4359999895095825, 1.0740000009536743, 1.0540000200271606, 0.9570000171661377]
2026-06-24 21:31:43,754 | INFO | epoch 4 train task loss history: [0.26499998569488525, 0.19200000166893005, 0.1889999955892563, 0.17499999701976776]
2026-06-24 21:31:43,754 | INFO | epoch 4 complete
2026-06-24 21:31:43,754 | INFO | ======== starting epoch 5 ========
2026-06-24 21:31:43,755 | INFO | epoch 5 LR at start of epoch: vit = 0.000000
2026-06-24 21:31:43,755 | INFO | epoch 5 LR at start of epoch: head = 0.006545
2026-06-24 21:31:43,755 | INFO | [VALIDATION STEP]
2026-06-24 21:31:57,859 | INFO | [epoch 5 | val | batch 0 start] allocated=1791.6MB | reserved=30940.0MB | peak=29206.2MB
2026-06-24 21:33:44,291 | INFO | [epoch 5 | val | batch 10 start] allocated=1791.6MB | reserved=30940.0MB | peak=29206.2MB
2026-06-24 21:33:55,578 | INFO | epoch 5 val loss (mean of batches): 1.51
2026-06-24 21:33:55,579 | INFO | epoch 5 val loss history: [1.5160000324249268, 1.5529999732971191, 1.6699999570846558, 2.003000020980835, 1.5080000162124634]
2026-06-24 21:33:55,579 | INFO | epoch 5 val c-index (total sample): 0.69
2026-06-24 21:33:55,579 | INFO | epoch 5 val c-index history: [0.485, 0.576, 0.704, 0.586, 0.685]
2026-06-24 21:33:55,581 | INFO | [TRAINING STEP]
2026-06-24 21:34:05,273 | INFO | [epoch 5 | train | batch 0 start] allocated=1203.6MB | reserved=30940.0MB | peak=29206.2MB
2026-06-24 21:34:07,009 | INFO |     task_logits from  -2.71875 to 1.15625
2026-06-24 21:35:02,158 | INFO | [epoch 5 | train | batch 10 start] allocated=1203.6MB | reserved=30940.0MB | peak=29206.2MB
2026-06-24 21:35:59,133 | INFO | [epoch 5 | train | batch 20 start] allocated=1203.6MB | reserved=30940.0MB | peak=29206.2MB
2026-06-24 21:36:56,096 | INFO | [epoch 5 | train | batch 30 start] allocated=1203.6MB | reserved=30940.0MB | peak=29206.2MB
2026-06-24 21:37:53,070 | INFO | [epoch 5 | train | batch 40 start] allocated=1203.6MB | reserved=30940.0MB | peak=29206.2MB
2026-06-24 21:38:27,214 | INFO | epoch 5 train total loss: 0.87
2026-06-24 21:38:27,214 | INFO | epoch 5 train concept loss: 0.71
2026-06-24 21:38:27,214 | INFO | epoch 5 train task loss: 0.16
2026-06-24 21:38:27,214 | INFO | epoch 5 train total loss history: [1.7000000476837158, 1.2649999856948853, 1.2430000305175781, 1.1319999694824219, 0.8669999837875366]
2026-06-24 21:38:27,214 | INFO | epoch 5 train concept loss history: [1.4359999895095825, 1.0740000009536743, 1.0540000200271606, 0.9570000171661377, 0.7070000171661377]
2026-06-24 21:38:27,214 | INFO | epoch 5 train task loss history: [0.26499998569488525, 0.19200000166893005, 0.1889999955892563, 0.17499999701976776, 0.1599999964237213]
2026-06-24 21:38:27,215 | INFO | epoch 5 complete
2026-06-24 21:38:27,215 | INFO | ======== starting epoch 6 ========
2026-06-24 21:38:27,215 | INFO | epoch 6 LR at start of epoch: vit = 0.000000
2026-06-24 21:38:27,215 | INFO | epoch 6 LR at start of epoch: head = 0.005000
2026-06-24 21:38:27,215 | INFO | [VALIDATION STEP]
2026-06-24 21:38:41,234 | INFO | [epoch 6 | val | batch 0 start] allocated=1791.6MB | reserved=30940.0MB | peak=29206.2MB
2026-06-24 21:40:27,504 | INFO | [epoch 6 | val | batch 10 start] allocated=1791.6MB | reserved=30940.0MB | peak=29206.2MB
2026-06-24 21:40:38,773 | INFO | epoch 6 val loss (mean of batches): 1.59
2026-06-24 21:40:38,773 | INFO | epoch 6 val loss history: [1.5160000324249268, 1.5529999732971191, 1.6699999570846558, 2.003000020980835, 1.5080000162124634, 1.5880000591278076]
2026-06-24 21:40:38,773 | INFO | epoch 6 val c-index (total sample): 0.70
2026-06-24 21:40:38,773 | INFO | epoch 6 val c-index history: [0.485, 0.576, 0.704, 0.586, 0.685, 0.705]
2026-06-24 21:40:38,775 | INFO | [TRAINING STEP]
2026-06-24 21:40:52,868 | INFO | [epoch 6 | train | batch 0 start] allocated=1203.6MB | reserved=30940.0MB | peak=29206.2MB
2026-06-24 21:40:54,600 | INFO |     task_logits from  -2.484375 to 2.28125
2026-06-24 21:41:49,716 | INFO | [epoch 6 | train | batch 10 start] allocated=1203.6MB | reserved=30940.0MB | peak=29206.2MB
2026-06-24 21:42:46,690 | INFO | [epoch 6 | train | batch 20 start] allocated=1203.6MB | reserved=30940.0MB | peak=29206.2MB
2026-06-24 21:43:43,816 | INFO | [epoch 6 | train | batch 30 start] allocated=1203.6MB | reserved=30940.0MB | peak=29206.2MB
2026-06-24 21:44:40,786 | INFO | [epoch 6 | train | batch 40 start] allocated=1203.6MB | reserved=30940.0MB | peak=29206.2MB
2026-06-24 21:45:15,772 | INFO | epoch 6 train total loss: 0.80
2026-06-24 21:45:15,773 | INFO | epoch 6 train concept loss: 0.65
2026-06-24 21:45:15,773 | INFO | epoch 6 train task loss: 0.15
2026-06-24 21:45:15,773 | INFO | epoch 6 train total loss history: [1.7000000476837158, 1.2649999856948853, 1.2430000305175781, 1.1319999694824219, 0.8669999837875366, 0.8029999732971191]
2026-06-24 21:45:15,773 | INFO | epoch 6 train concept loss history: [1.4359999895095825, 1.0740000009536743, 1.0540000200271606, 0.9570000171661377, 0.7070000171661377, 0.652999997138977]
2026-06-24 21:45:15,773 | INFO | epoch 6 train task loss history: [0.26499998569488525, 0.19200000166893005, 0.1889999955892563, 0.17499999701976776, 0.1599999964237213, 0.15000000596046448]
2026-06-24 21:45:15,773 | INFO | epoch 6 complete
2026-06-24 21:45:15,774 | INFO | ======== starting epoch 7 ========
2026-06-24 21:45:15,774 | INFO | epoch 7 LR at start of epoch: vit = 0.000000
2026-06-24 21:45:15,774 | INFO | epoch 7 LR at start of epoch: head = 0.003455
2026-06-24 21:45:15,774 | INFO | [VALIDATION STEP]
2026-06-24 21:45:29,733 | INFO | [epoch 7 | val | batch 0 start] allocated=1791.6MB | reserved=30940.0MB | peak=29206.2MB
2026-06-24 21:47:15,979 | INFO | [epoch 7 | val | batch 10 start] allocated=1791.6MB | reserved=30940.0MB | peak=29206.2MB
2026-06-24 21:47:27,268 | INFO | epoch 7 val loss (mean of batches): 1.52
2026-06-24 21:47:27,269 | INFO | epoch 7 val loss history: [1.5160000324249268, 1.5529999732971191, 1.6699999570846558, 2.003000020980835, 1.5080000162124634, 1.5880000591278076, 1.5230000019073486]
2026-06-24 21:47:27,269 | INFO | epoch 7 val c-index (total sample): 0.68
2026-06-24 21:47:27,269 | INFO | epoch 7 val c-index history: [0.485, 0.576, 0.704, 0.586, 0.685, 0.705, 0.676]
2026-06-24 21:47:27,271 | INFO | [TRAINING STEP]
2026-06-24 21:47:37,630 | INFO | [epoch 7 | train | batch 0 start] allocated=1203.6MB | reserved=30940.0MB | peak=29206.2MB
2026-06-24 21:47:39,372 | INFO |     task_logits from  -3.296875 to 2.859375
2026-06-24 21:48:34,942 | INFO | [epoch 7 | train | batch 10 start] allocated=1203.6MB | reserved=30940.0MB | peak=29206.2MB
2026-06-24 21:49:33,399 | INFO | [epoch 7 | train | batch 20 start] allocated=1203.6MB | reserved=30940.0MB | peak=29206.2MB
2026-06-24 21:50:31,193 | INFO | [epoch 7 | train | batch 30 start] allocated=1203.6MB | reserved=30940.0MB | peak=29206.2MB
2026-06-24 21:51:28,530 | INFO | [epoch 7 | train | batch 40 start] allocated=1203.6MB | reserved=30940.0MB | peak=29206.2MB
2026-06-24 21:52:03,242 | INFO | epoch 7 train total loss: 0.64
2026-06-24 21:52:03,242 | INFO | epoch 7 train concept loss: 0.51
2026-06-24 21:52:03,242 | INFO | epoch 7 train task loss: 0.14
2026-06-24 21:52:03,242 | INFO | epoch 7 train total loss history: [1.7000000476837158, 1.2649999856948853, 1.2430000305175781, 1.1319999694824219, 0.8669999837875366, 0.8029999732971191, 0.640999972820282]
2026-06-24 21:52:03,243 | INFO | epoch 7 train concept loss history: [1.4359999895095825, 1.0740000009536743, 1.0540000200271606, 0.9570000171661377, 0.7070000171661377, 0.652999997138977, 0.5059999823570251]
2026-06-24 21:52:03,243 | INFO | epoch 7 train task loss history: [0.26499998569488525, 0.19200000166893005, 0.1889999955892563, 0.17499999701976776, 0.1599999964237213, 0.15000000596046448, 0.13500000536441803]
2026-06-24 21:52:03,243 | INFO | epoch 7 complete
2026-06-24 21:52:03,244 | INFO | ======== starting epoch 8 ========
2026-06-24 21:52:03,244 | INFO | epoch 8 LR at start of epoch: vit = 0.000000
2026-06-24 21:52:03,244 | INFO | epoch 8 LR at start of epoch: head = 0.002061
2026-06-24 21:52:03,244 | INFO | [VALIDATION STEP]
2026-06-24 21:52:18,259 | INFO | [epoch 8 | val | batch 0 start] allocated=1791.6MB | reserved=30940.0MB | peak=29206.2MB
2026-06-24 21:54:04,451 | INFO | [epoch 8 | val | batch 10 start] allocated=1791.6MB | reserved=30940.0MB | peak=29206.2MB
2026-06-24 21:54:15,745 | INFO | epoch 8 val loss (mean of batches): 1.50
2026-06-24 21:54:15,745 | INFO | epoch 8 val loss history: [1.5160000324249268, 1.5529999732971191, 1.6699999570846558, 2.003000020980835, 1.5080000162124634, 1.5880000591278076, 1.5230000019073486, 1.5]
2026-06-24 21:54:15,745 | INFO | epoch 8 val c-index (total sample): 0.73
2026-06-24 21:54:15,745 | INFO | epoch 8 val c-index history: [0.485, 0.576, 0.704, 0.586, 0.685, 0.705, 0.676, 0.734]
2026-06-24 21:54:15,747 | INFO | [TRAINING STEP]
2026-06-24 21:54:26,226 | INFO | [epoch 8 | train | batch 0 start] allocated=1203.6MB | reserved=30940.0MB | peak=29206.2MB
2026-06-24 21:54:27,958 | INFO |     task_logits from  -3.5625 to 1.4765625
2026-06-24 21:55:27,707 | INFO | [epoch 8 | train | batch 10 start] allocated=1203.6MB | reserved=30940.0MB | peak=29206.2MB
2026-06-24 21:56:25,421 | INFO | [epoch 8 | train | batch 20 start] allocated=1203.6MB | reserved=30940.0MB | peak=29206.2MB
2026-06-24 21:57:23,154 | INFO | [epoch 8 | train | batch 30 start] allocated=1203.6MB | reserved=30940.0MB | peak=29206.2MB
2026-06-24 21:58:23,245 | INFO | [epoch 8 | train | batch 40 start] allocated=1203.6MB | reserved=30940.0MB | peak=29206.2MB
2026-06-24 21:58:57,512 | INFO | epoch 8 train total loss: 0.57
2026-06-24 21:58:57,512 | INFO | epoch 8 train concept loss: 0.45
2026-06-24 21:58:57,512 | INFO | epoch 8 train task loss: 0.12
2026-06-24 21:58:57,512 | INFO | epoch 8 train total loss history: [1.7000000476837158, 1.2649999856948853, 1.2430000305175781, 1.1319999694824219, 0.8669999837875366, 0.8029999732971191, 0.640999972820282, 0.5720000267028809]
2026-06-24 21:58:57,512 | INFO | epoch 8 train concept loss history: [1.4359999895095825, 1.0740000009536743, 1.0540000200271606, 0.9570000171661377, 0.7070000171661377, 0.652999997138977, 0.5059999823570251, 0.4480000138282776]
2026-06-24 21:58:57,512 | INFO | epoch 8 train task loss history: [0.26499998569488525, 0.19200000166893005, 0.1889999955892563, 0.17499999701976776, 0.1599999964237213, 0.15000000596046448, 0.13500000536441803, 0.12399999797344208]
2026-06-24 21:58:57,513 | INFO | epoch 8 complete
2026-06-24 21:58:57,513 | INFO | ======== starting epoch 9 ========
2026-06-24 21:58:57,513 | INFO | epoch 9 LR at start of epoch: vit = 0.000000
2026-06-24 21:58:57,513 | INFO | epoch 9 LR at start of epoch: head = 0.000955
2026-06-24 21:58:57,513 | INFO | [VALIDATION STEP]
2026-06-24 21:59:12,211 | INFO | [epoch 9 | val | batch 0 start] allocated=1791.6MB | reserved=30940.0MB | peak=29206.2MB
2026-06-24 22:00:58,421 | INFO | [epoch 9 | val | batch 10 start] allocated=1791.6MB | reserved=30940.0MB | peak=29206.2MB
2026-06-24 22:01:09,691 | INFO | epoch 9 val loss (mean of batches): 1.42
2026-06-24 22:01:09,691 | INFO | epoch 9 val loss history: [1.5160000324249268, 1.5529999732971191, 1.6699999570846558, 2.003000020980835, 1.5080000162124634, 1.5880000591278076, 1.5230000019073486, 1.5, 1.4190000295639038]
2026-06-24 22:01:09,691 | INFO | epoch 9 val c-index (total sample): 0.71
2026-06-24 22:01:09,691 | INFO | epoch 9 val c-index history: [0.485, 0.576, 0.704, 0.586, 0.685, 0.705, 0.676, 0.734, 0.714]
2026-06-24 22:01:09,693 | INFO | [TRAINING STEP]
2026-06-24 22:01:20,268 | INFO | [epoch 9 | train | batch 0 start] allocated=1203.6MB | reserved=30940.0MB | peak=29206.2MB
2026-06-24 22:01:21,999 | INFO |     task_logits from  -2.90625 to 1.515625
2026-06-24 22:02:18,567 | INFO | [epoch 9 | train | batch 10 start] allocated=1203.6MB | reserved=30940.0MB | peak=29206.2MB
2026-06-24 22:03:16,933 | INFO | [epoch 9 | train | batch 20 start] allocated=1203.6MB | reserved=30940.0MB | peak=29206.2MB
2026-06-24 22:04:15,492 | INFO | [epoch 9 | train | batch 30 start] allocated=1203.6MB | reserved=30940.0MB | peak=29206.2MB
2026-06-24 22:05:12,637 | INFO | [epoch 9 | train | batch 40 start] allocated=1203.6MB | reserved=30940.0MB | peak=29206.2MB
2026-06-24 22:05:46,796 | INFO | epoch 9 train total loss: 0.49
2026-06-24 22:05:46,796 | INFO | epoch 9 train concept loss: 0.38
2026-06-24 22:05:46,796 | INFO | epoch 9 train task loss: 0.12
2026-06-24 22:05:46,796 | INFO | epoch 9 train total loss history: [1.7000000476837158, 1.2649999856948853, 1.2430000305175781, 1.1319999694824219, 0.8669999837875366, 0.8029999732971191, 0.640999972820282, 0.5720000267028809, 0.49399998784065247]
2026-06-24 22:05:46,796 | INFO | epoch 9 train concept loss history: [1.4359999895095825, 1.0740000009536743, 1.0540000200271606, 0.9570000171661377, 0.7070000171661377, 0.652999997138977, 0.5059999823570251, 0.4480000138282776, 0.37700000405311584]
2026-06-24 22:05:46,796 | INFO | epoch 9 train task loss history: [0.26499998569488525, 0.19200000166893005, 0.1889999955892563, 0.17499999701976776, 0.1599999964237213, 0.15000000596046448, 0.13500000536441803, 0.12399999797344208, 0.11699999868869781]
2026-06-24 22:05:46,797 | INFO | epoch 9 complete
2026-06-24 22:05:46,797 | INFO | ======== starting epoch 10 ========
2026-06-24 22:05:46,797 | INFO | epoch 10 LR at start of epoch: vit = 0.000000
2026-06-24 22:05:46,797 | INFO | epoch 10 LR at start of epoch: head = 0.000245
2026-06-24 22:05:46,797 | INFO | [VALIDATION STEP]
2026-06-24 22:06:01,642 | INFO | [epoch 10 | val | batch 0 start] allocated=1791.6MB | reserved=30940.0MB | peak=29206.2MB
2026-06-24 22:07:48,313 | INFO | [epoch 10 | val | batch 10 start] allocated=1791.6MB | reserved=30940.0MB | peak=29206.2MB
2026-06-24 22:07:59,581 | INFO | epoch 10 val loss (mean of batches): 1.43
2026-06-24 22:07:59,581 | INFO | epoch 10 val loss history: [1.5160000324249268, 1.5529999732971191, 1.6699999570846558, 2.003000020980835, 1.5080000162124634, 1.5880000591278076, 1.5230000019073486, 1.5, 1.4190000295639038, 1.4279999732971191]
2026-06-24 22:07:59,581 | INFO | epoch 10 val c-index (total sample): 0.72
2026-06-24 22:07:59,581 | INFO | epoch 10 val c-index history: [0.485, 0.576, 0.704, 0.586, 0.685, 0.705, 0.676, 0.734, 0.714, 0.723]
2026-06-24 22:07:59,584 | INFO | [TRAINING STEP]
2026-06-24 22:08:11,701 | INFO | [epoch 10 | train | batch 0 start] allocated=1203.6MB | reserved=30940.0MB | peak=29206.2MB
2026-06-24 22:08:13,430 | INFO |     task_logits from  -3.546875 to 0.91796875
2026-06-24 22:09:12,686 | INFO | [epoch 10 | train | batch 10 start] allocated=1203.6MB | reserved=30940.0MB | peak=29206.2MB
2026-06-24 22:10:11,580 | INFO | [epoch 10 | train | batch 20 start] allocated=1203.6MB | reserved=30940.0MB | peak=29206.2MB
2026-06-24 22:11:10,667 | INFO | [epoch 10 | train | batch 30 start] allocated=1203.6MB | reserved=30940.0MB | peak=29206.2MB
2026-06-24 22:12:08,305 | INFO | [epoch 10 | train | batch 40 start] allocated=1203.6MB | reserved=30940.0MB | peak=29206.2MB
2026-06-24 22:12:42,452 | INFO | epoch 10 train total loss: 0.49
2026-06-24 22:12:42,452 | INFO | epoch 10 train concept loss: 0.37
2026-06-24 22:12:42,452 | INFO | epoch 10 train task loss: 0.12
2026-06-24 22:12:42,452 | INFO | epoch 10 train total loss history: [1.7000000476837158, 1.2649999856948853, 1.2430000305175781, 1.1319999694824219, 0.8669999837875366, 0.8029999732971191, 0.640999972820282, 0.5720000267028809, 0.49399998784065247, 0.4880000054836273]
2026-06-24 22:12:42,452 | INFO | epoch 10 train concept loss history: [1.4359999895095825, 1.0740000009536743, 1.0540000200271606, 0.9570000171661377, 0.7070000171661377, 0.652999997138977, 0.5059999823570251, 0.4480000138282776, 0.37700000405311584, 0.3720000088214874]
2026-06-24 22:12:42,452 | INFO | epoch 10 train task loss history: [0.26499998569488525, 0.19200000166893005, 0.1889999955892563, 0.17499999701976776, 0.1599999964237213, 0.15000000596046448, 0.13500000536441803, 0.12399999797344208, 0.11699999868869781, 0.11699999868869781]
2026-06-24 22:12:42,453 | INFO | epoch 10 complete
2026-06-24 22:12:42,453 | INFO | training complete
2026-06-24 22:12:42,453 | INFO | predicting on the validation set
2026-06-24 22:13:43,492 | INFO |   starting batch 1 of validation
2026-06-24 22:13:48,657 | INFO |   starting batch 2 of validation
2026-06-24 22:13:53,868 | INFO |   starting batch 3 of validation
2026-06-24 22:13:59,073 | INFO |   starting batch 4 of validation
2026-06-24 22:14:04,314 | INFO |   starting batch 5 of validation
2026-06-24 22:14:09,592 | INFO |   starting batch 6 of validation
2026-06-24 22:14:14,895 | INFO |   starting batch 7 of validation
2026-06-24 22:14:20,207 | INFO |   starting batch 8 of validation
2026-06-24 22:14:25,527 | INFO |   starting batch 9 of validation
2026-06-24 22:14:30,852 | INFO |   starting batch 10 of validation
2026-06-24 22:14:36,280 | INFO |   starting batch 11 of validation
2026-06-24 22:14:41,610 | INFO |   starting batch 12 of validation
2026-06-24 22:14:44,554 | INFO | measuring performance
2026-06-24 22:14:44,554 | INFO | y_test: (185, 2)
2026-06-24 22:14:44,554 | INFO | y_probs: (185, 1)
2026-06-24 22:14:44,554 | INFO | c_test: (185, 3)
2026-06-24 22:14:44,554 | INFO | c_probs: (185, 10)
2026-06-24 22:14:44,565 | INFO | c_test_concept: (185,)
2026-06-24 22:14:44,565 | INFO | c_pred_concept: (185,)
2026-06-24 22:14:44,572 | INFO | c_test_concept: (185,)
2026-06-24 22:14:44,573 | INFO | c_pred_concept: (185,)
2026-06-24 22:14:44,577 | INFO | c_test_concept: (185,)
2026-06-24 22:14:44,577 | INFO | c_pred_concept: (185,)
2026-06-24 22:14:44,581 | INFO | results: {'task': {'c_index': 0.7023208879919274}, 'concepts': {'concept_0': {'0': {'precision': 0.4642857142857143, 'recall': 0.41935483870967744, 'f1-score': 0.4406779661016949, 'support': 31.0}, '1': {'precision': 0.5714285714285714, 'recall': 0.6792452830188679, 'f1-score': 0.6206896551724138, 'support': 106.0}, '2': {'precision': 0.26666666666666666, 'recall': 0.17777777777777778, 'f1-score': 0.21333333333333335, 'support': 45.0}, '3': {'precision': 0.0, 'recall': 0.0, 'f1-score': 0.0, 'support': 3.0}, 'accuracy': 0.5027027027027027, 'macro avg': {'precision': 0.32559523809523805, 'recall': 0.31909447487658077, 'f1-score': 0.31867523865186054, 'support': 185.0}, 'weighted avg': {'precision': 0.47007722007722, 'recall': 0.5027027027027027, 'f1-score': 0.4813736237698832, 'support': 185.0}, 'auc': {'ovo': 0.6251480279224244}, 'confusion': {'true_0': {'pred_0': 13, 'pred_1': 17, 'pred_2': 0, 'pred_3': 1}, 'true_1': {'pred_0': 12, 'pred_1': 72, 'pred_2': 22, 'pred_3': 0}, 'true_2': {'pred_0': 3, 'pred_1': 34, 'pred_2': 8, 'pred_3': 0}, 'true_3': {'pred_0': 0, 'pred_1': 3, 'pred_2': 0, 'pred_3': 0}}}, 'concept_1': {'0': {'precision': 0.625, 'recall': 0.6666666666666666, 'f1-score': 0.6451612903225806, 'support': 90.0}, '1': {'precision': 0.3448275862068966, 'recall': 0.3389830508474576, 'f1-score': 0.3418803418803419, 'support': 59.0}, '2': {'precision': 0.3548387096774194, 'recall': 0.3055555555555556, 'f1-score': 0.3283582089552239, 'support': 36.0}, 'accuracy': 0.4918918918918919, 'macro avg': {'precision': 0.4415554319614386, 'recall': 0.4370684243565599, 'f1-score': 0.43846661371938217, 'support': 185.0}, 'weighted avg': {'precision': 0.4830757899167243, 'recall': 0.4918918918918919, 'f1-score': 0.48679109093167827, 'support': 185.0}, 'auc': {'ovo': 0.627808293227314}, 'confusion': {'true_0': {'pred_0': 60, 'pred_1': 23, 'pred_2': 7}, 'true_1': {'pred_0': 26, 'pred_1': 20, 'pred_2': 13}, 'true_2': {'pred_0': 10, 'pred_1': 15, 'pred_2': 11}}}, 'concept_2': {'0': {'precision': 0.8726114649681529, 'recall': 0.9319727891156463, 'f1-score': 0.9013157894736842, 'support': 147.0}, '1': {'precision': 0.5185185185185185, 'recall': 0.4117647058823529, 'f1-score': 0.45901639344262296, 'support': 34.0}, '2': {'precision': 0.0, 'recall': 0.0, 'f1-score': 0.0, 'support': 4.0}, 'accuracy': 0.8162162162162162, 'macro avg': {'precision': 0.46370999449555717, 'recall': 0.4479124983326664, 'f1-score': 0.4534440609721024, 'support': 185.0}, 'weighted avg': {'precision': 0.78866764854026, 'recall': 0.8162162162162162, 'f1-score': 0.8005404239442202, 'support': 185.0}, 'auc': {'ovo': 0.689000600240096}, 'confusion': {'true_0': {'pred_0': 137, 'pred_1': 10, 'pred_2': 0}, 'true_1': {'pred_0': 19, 'pred_1': 14, 'pred_2': 1}, 'true_2': {'pred_0': 1, 'pred_1': 3, 'pred_2': 0}}}}}
2026-06-24 22:14:44,582 | INFO | training fold 1
2026-06-24 22:14:44,584 | INFO | train set size: 739
2026-06-24 22:14:44,584 | INFO | val set size: 185
2026-06-24 22:14:44,590 | INFO | cpu_count: 30
2026-06-24 22:14:44,590 | INFO | num_workers: 2
2026-06-24 22:14:44,656 | INFO | completed building dataloaders
2026-06-24 22:14:44,656 | INFO | training starts
2026-06-24 22:14:54,246 | INFO | model initialized
2026-06-24 22:14:54,349 | INFO | LR scheduler: <torch.optim.lr_scheduler.CosineAnnealingLR object at 0x71f6606e0e20>
2026-06-24 22:14:54,350 | INFO | Parameters by layer:
2026-06-24 22:14:54,350 | INFO | vit_model.base_model.model.cls_token     | 1024       | [FROZEN]
2026-06-24 22:14:54,350 | INFO | vit_model.base_model.model.pos_embed     | 201728     | [FROZEN]
2026-06-24 22:14:54,350 | INFO | vit_model.base_model.model.patch_embed.proj.weight | 786432     | [FROZEN]
2026-06-24 22:14:54,350 | INFO | vit_model.base_model.model.patch_embed.proj.bias | 1024       | [FROZEN]
2026-06-24 22:14:54,350 | INFO | vit_model.base_model.model.blocks.0.norm1.weight | 1024       | [FROZEN]
2026-06-24 22:14:54,350 | INFO | vit_model.base_model.model.blocks.0.norm1.bias | 1024       | [FROZEN]
2026-06-24 22:14:54,350 | INFO | vit_model.base_model.model.blocks.0.attn.qkv.base_layer.weight | 3145728    | [FROZEN]
2026-06-24 22:14:54,350 | INFO | vit_model.base_model.model.blocks.0.attn.qkv.base_layer.bias | 3072       | [FROZEN]
2026-06-24 22:14:54,350 | INFO | vit_model.base_model.model.blocks.0.attn.qkv.lora_A.default.weight | 8192       | [TRAINABLE]
2026-06-24 22:14:54,350 | INFO | vit_model.base_model.model.blocks.0.attn.qkv.lora_B.default.weight | 24576      | [TRAINABLE]
2026-06-24 22:14:54,350 | INFO | vit_model.base_model.model.blocks.0.attn.proj.weight | 1048576    | [FROZEN]
2026-06-24 22:14:54,350 | INFO | vit_model.base_model.model.blocks.0.attn.proj.bias | 1024       | [FROZEN]
2026-06-24 22:14:54,350 | INFO | vit_model.base_model.model.blocks.0.ls1.gamma | 1024       | [FROZEN]
2026-06-24 22:14:54,350 | INFO | vit_model.base_model.model.blocks.0.norm2.weight | 1024       | [FROZEN]
2026-06-24 22:14:54,350 | INFO | vit_model.base_model.model.blocks.0.norm2.bias | 1024       | [FROZEN]
2026-06-24 22:14:54,350 | INFO | vit_model.base_model.model.blocks.0.mlp.fc1.weight | 4194304    | [FROZEN]
2026-06-24 22:14:54,350 | INFO | vit_model.base_model.model.blocks.0.mlp.fc1.bias | 4096       | [FROZEN]
2026-06-24 22:14:54,350 | INFO | vit_model.base_model.model.blocks.0.mlp.fc2.weight | 4194304    | [FROZEN]
2026-06-24 22:14:54,350 | INFO | vit_model.base_model.model.blocks.0.mlp.fc2.bias | 1024       | [FROZEN]
2026-06-24 22:14:54,350 | INFO | vit_model.base_model.model.blocks.0.ls2.gamma | 1024       | [FROZEN]
2026-06-24 22:14:54,350 | INFO | vit_model.base_model.model.blocks.1.norm1.weight | 1024       | [FROZEN]
2026-06-24 22:14:54,350 | INFO | vit_model.base_model.model.blocks.1.norm1.bias | 1024       | [FROZEN]
2026-06-24 22:14:54,350 | INFO | vit_model.base_model.model.blocks.1.attn.qkv.base_layer.weight | 3145728    | [FROZEN]
2026-06-24 22:14:54,350 | INFO | vit_model.base_model.model.blocks.1.attn.qkv.base_layer.bias | 3072       | [FROZEN]
2026-06-24 22:14:54,350 | INFO | vit_model.base_model.model.blocks.1.attn.qkv.lora_A.default.weight | 8192       | [TRAINABLE]
2026-06-24 22:14:54,350 | INFO | vit_model.base_model.model.blocks.1.attn.qkv.lora_B.default.weight | 24576      | [TRAINABLE]
2026-06-24 22:14:54,350 | INFO | vit_model.base_model.model.blocks.1.attn.proj.weight | 1048576    | [FROZEN]
2026-06-24 22:14:54,350 | INFO | vit_model.base_model.model.blocks.1.attn.proj.bias | 1024       | [FROZEN]
2026-06-24 22:14:54,350 | INFO | vit_model.base_model.model.blocks.1.ls1.gamma | 1024       | [FROZEN]
2026-06-24 22:14:54,350 | INFO | vit_model.base_model.model.blocks.1.norm2.weight | 1024       | [FROZEN]
2026-06-24 22:14:54,350 | INFO | vit_model.base_model.model.blocks.1.norm2.bias | 1024       | [FROZEN]
2026-06-24 22:14:54,350 | INFO | vit_model.base_model.model.blocks.1.mlp.fc1.weight | 4194304    | [FROZEN]
2026-06-24 22:14:54,350 | INFO | vit_model.base_model.model.blocks.1.mlp.fc1.bias | 4096       | [FROZEN]
2026-06-24 22:14:54,350 | INFO | vit_model.base_model.model.blocks.1.mlp.fc2.weight | 4194304    | [FROZEN]
2026-06-24 22:14:54,350 | INFO | vit_model.base_model.model.blocks.1.mlp.fc2.bias | 1024       | [FROZEN]
2026-06-24 22:14:54,350 | INFO | vit_model.base_model.model.blocks.1.ls2.gamma | 1024       | [FROZEN]
2026-06-24 22:14:54,350 | INFO | vit_model.base_model.model.blocks.2.norm1.weight | 1024       | [FROZEN]
2026-06-24 22:14:54,350 | INFO | vit_model.base_model.model.blocks.2.norm1.bias | 1024       | [FROZEN]
2026-06-24 22:14:54,350 | INFO | vit_model.base_model.model.blocks.2.attn.qkv.base_layer.weight | 3145728    | [FROZEN]
2026-06-24 22:14:54,350 | INFO | vit_model.base_model.model.blocks.2.attn.qkv.base_layer.bias | 3072       | [FROZEN]
2026-06-24 22:14:54,350 | INFO | vit_model.base_model.model.blocks.2.attn.qkv.lora_A.default.weight | 8192       | [TRAINABLE]
2026-06-24 22:14:54,350 | INFO | vit_model.base_model.model.blocks.2.attn.qkv.lora_B.default.weight | 24576      | [TRAINABLE]
2026-06-24 22:14:54,350 | INFO | vit_model.base_model.model.blocks.2.attn.proj.weight | 1048576    | [FROZEN]
2026-06-24 22:14:54,350 | INFO | vit_model.base_model.model.blocks.2.attn.proj.bias | 1024       | [FROZEN]
2026-06-24 22:14:54,350 | INFO | vit_model.base_model.model.blocks.2.ls1.gamma | 1024       | [FROZEN]
2026-06-24 22:14:54,350 | INFO | vit_model.base_model.model.blocks.2.norm2.weight | 1024       | [FROZEN]
2026-06-24 22:14:54,350 | INFO | vit_model.base_model.model.blocks.2.norm2.bias | 1024       | [FROZEN]
2026-06-24 22:14:54,350 | INFO | vit_model.base_model.model.blocks.2.mlp.fc1.weight | 4194304    | [FROZEN]
2026-06-24 22:14:54,350 | INFO | vit_model.base_model.model.blocks.2.mlp.fc1.bias | 4096       | [FROZEN]
2026-06-24 22:14:54,350 | INFO | vit_model.base_model.model.blocks.2.mlp.fc2.weight | 4194304    | [FROZEN]
2026-06-24 22:14:54,350 | INFO | vit_model.base_model.model.blocks.2.mlp.fc2.bias | 1024       | [FROZEN]
2026-06-24 22:14:54,350 | INFO | vit_model.base_model.model.blocks.2.ls2.gamma | 1024       | [FROZEN]
2026-06-24 22:14:54,350 | INFO | vit_model.base_model.model.blocks.3.norm1.weight | 1024       | [FROZEN]
2026-06-24 22:14:54,350 | INFO | vit_model.base_model.model.blocks.3.norm1.bias | 1024       | [FROZEN]
2026-06-24 22:14:54,350 | INFO | vit_model.base_model.model.blocks.3.attn.qkv.base_layer.weight | 3145728    | [FROZEN]
2026-06-24 22:14:54,350 | INFO | vit_model.base_model.model.blocks.3.attn.qkv.base_layer.bias | 3072       | [FROZEN]
2026-06-24 22:14:54,350 | INFO | vit_model.base_model.model.blocks.3.attn.qkv.lora_A.default.weight | 8192       | [TRAINABLE]
2026-06-24 22:14:54,350 | INFO | vit_model.base_model.model.blocks.3.attn.qkv.lora_B.default.weight | 24576      | [TRAINABLE]
2026-06-24 22:14:54,351 | INFO | vit_model.base_model.model.blocks.3.attn.proj.weight | 1048576    | [FROZEN]
2026-06-24 22:14:54,351 | INFO | vit_model.base_model.model.blocks.3.attn.proj.bias | 1024       | [FROZEN]
2026-06-24 22:14:54,351 | INFO | vit_model.base_model.model.blocks.3.ls1.gamma | 1024       | [FROZEN]
2026-06-24 22:14:54,351 | INFO | vit_model.base_model.model.blocks.3.norm2.weight | 1024       | [FROZEN]
2026-06-24 22:14:54,351 | INFO | vit_model.base_model.model.blocks.3.norm2.bias | 1024       | [FROZEN]
2026-06-24 22:14:54,351 | INFO | vit_model.base_model.model.blocks.3.mlp.fc1.weight | 4194304    | [FROZEN]
2026-06-24 22:14:54,351 | INFO | vit_model.base_model.model.blocks.3.mlp.fc1.bias | 4096       | [FROZEN]
2026-06-24 22:14:54,351 | INFO | vit_model.base_model.model.blocks.3.mlp.fc2.weight | 4194304    | [FROZEN]
2026-06-24 22:14:54,351 | INFO | vit_model.base_model.model.blocks.3.mlp.fc2.bias | 1024       | [FROZEN]
2026-06-24 22:14:54,351 | INFO | vit_model.base_model.model.blocks.3.ls2.gamma | 1024       | [FROZEN]
2026-06-24 22:14:54,351 | INFO | vit_model.base_model.model.blocks.4.norm1.weight | 1024       | [FROZEN]
2026-06-24 22:14:54,351 | INFO | vit_model.base_model.model.blocks.4.norm1.bias | 1024       | [FROZEN]
2026-06-24 22:14:54,351 | INFO | vit_model.base_model.model.blocks.4.attn.qkv.base_layer.weight | 3145728    | [FROZEN]
2026-06-24 22:14:54,351 | INFO | vit_model.base_model.model.blocks.4.attn.qkv.base_layer.bias | 3072       | [FROZEN]
2026-06-24 22:14:54,351 | INFO | vit_model.base_model.model.blocks.4.attn.qkv.lora_A.default.weight | 8192       | [TRAINABLE]
2026-06-24 22:14:54,351 | INFO | vit_model.base_model.model.blocks.4.attn.qkv.lora_B.default.weight | 24576      | [TRAINABLE]
2026-06-24 22:14:54,351 | INFO | vit_model.base_model.model.blocks.4.attn.proj.weight | 1048576    | [FROZEN]
2026-06-24 22:14:54,351 | INFO | vit_model.base_model.model.blocks.4.attn.proj.bias | 1024       | [FROZEN]
2026-06-24 22:14:54,351 | INFO | vit_model.base_model.model.blocks.4.ls1.gamma | 1024       | [FROZEN]
2026-06-24 22:14:54,351 | INFO | vit_model.base_model.model.blocks.4.norm2.weight | 1024       | [FROZEN]
2026-06-24 22:14:54,351 | INFO | vit_model.base_model.model.blocks.4.norm2.bias | 1024       | [FROZEN]
2026-06-24 22:14:54,351 | INFO | vit_model.base_model.model.blocks.4.mlp.fc1.weight | 4194304    | [FROZEN]
2026-06-24 22:14:54,351 | INFO | vit_model.base_model.model.blocks.4.mlp.fc1.bias | 4096       | [FROZEN]
2026-06-24 22:14:54,351 | INFO | vit_model.base_model.model.blocks.4.mlp.fc2.weight | 4194304    | [FROZEN]
2026-06-24 22:14:54,351 | INFO | vit_model.base_model.model.blocks.4.mlp.fc2.bias | 1024       | [FROZEN]
2026-06-24 22:14:54,351 | INFO | vit_model.base_model.model.blocks.4.ls2.gamma | 1024       | [FROZEN]
2026-06-24 22:14:54,351 | INFO | vit_model.base_model.model.blocks.5.norm1.weight | 1024       | [FROZEN]
2026-06-24 22:14:54,351 | INFO | vit_model.base_model.model.blocks.5.norm1.bias | 1024       | [FROZEN]
2026-06-24 22:14:54,351 | INFO | vit_model.base_model.model.blocks.5.attn.qkv.base_layer.weight | 3145728    | [FROZEN]
2026-06-24 22:14:54,351 | INFO | vit_model.base_model.model.blocks.5.attn.qkv.base_layer.bias | 3072       | [FROZEN]
2026-06-24 22:14:54,351 | INFO | vit_model.base_model.model.blocks.5.attn.qkv.lora_A.default.weight | 8192       | [TRAINABLE]
2026-06-24 22:14:54,351 | INFO | vit_model.base_model.model.blocks.5.attn.qkv.lora_B.default.weight | 24576      | [TRAINABLE]
2026-06-24 22:14:54,351 | INFO | vit_model.base_model.model.blocks.5.attn.proj.weight | 1048576    | [FROZEN]
2026-06-24 22:14:54,351 | INFO | vit_model.base_model.model.blocks.5.attn.proj.bias | 1024       | [FROZEN]
2026-06-24 22:14:54,351 | INFO | vit_model.base_model.model.blocks.5.ls1.gamma | 1024       | [FROZEN]
2026-06-24 22:14:54,351 | INFO | vit_model.base_model.model.blocks.5.norm2.weight | 1024       | [FROZEN]
2026-06-24 22:14:54,351 | INFO | vit_model.base_model.model.blocks.5.norm2.bias | 1024       | [FROZEN]
2026-06-24 22:14:54,351 | INFO | vit_model.base_model.model.blocks.5.mlp.fc1.weight | 4194304    | [FROZEN]
2026-06-24 22:14:54,351 | INFO | vit_model.base_model.model.blocks.5.mlp.fc1.bias | 4096       | [FROZEN]
2026-06-24 22:14:54,351 | INFO | vit_model.base_model.model.blocks.5.mlp.fc2.weight | 4194304    | [FROZEN]
2026-06-24 22:14:54,351 | INFO | vit_model.base_model.model.blocks.5.mlp.fc2.bias | 1024       | [FROZEN]
2026-06-24 22:14:54,351 | INFO | vit_model.base_model.model.blocks.5.ls2.gamma | 1024       | [FROZEN]
2026-06-24 22:14:54,351 | INFO | vit_model.base_model.model.blocks.6.norm1.weight | 1024       | [FROZEN]
2026-06-24 22:14:54,351 | INFO | vit_model.base_model.model.blocks.6.norm1.bias | 1024       | [FROZEN]
2026-06-24 22:14:54,351 | INFO | vit_model.base_model.model.blocks.6.attn.qkv.base_layer.weight | 3145728    | [FROZEN]
2026-06-24 22:14:54,351 | INFO | vit_model.base_model.model.blocks.6.attn.qkv.base_layer.bias | 3072       | [FROZEN]
2026-06-24 22:14:54,351 | INFO | vit_model.base_model.model.blocks.6.attn.qkv.lora_A.default.weight | 8192       | [TRAINABLE]
2026-06-24 22:14:54,351 | INFO | vit_model.base_model.model.blocks.6.attn.qkv.lora_B.default.weight | 24576      | [TRAINABLE]
2026-06-24 22:14:54,351 | INFO | vit_model.base_model.model.blocks.6.attn.proj.weight | 1048576    | [FROZEN]
2026-06-24 22:14:54,351 | INFO | vit_model.base_model.model.blocks.6.attn.proj.bias | 1024       | [FROZEN]
2026-06-24 22:14:54,351 | INFO | vit_model.base_model.model.blocks.6.ls1.gamma | 1024       | [FROZEN]
2026-06-24 22:14:54,351 | INFO | vit_model.base_model.model.blocks.6.norm2.weight | 1024       | [FROZEN]
2026-06-24 22:14:54,351 | INFO | vit_model.base_model.model.blocks.6.norm2.bias | 1024       | [FROZEN]
2026-06-24 22:14:54,351 | INFO | vit_model.base_model.model.blocks.6.mlp.fc1.weight | 4194304    | [FROZEN]
2026-06-24 22:14:54,351 | INFO | vit_model.base_model.model.blocks.6.mlp.fc1.bias | 4096       | [FROZEN]
2026-06-24 22:14:54,351 | INFO | vit_model.base_model.model.blocks.6.mlp.fc2.weight | 4194304    | [FROZEN]
2026-06-24 22:14:54,351 | INFO | vit_model.base_model.model.blocks.6.mlp.fc2.bias | 1024       | [FROZEN]
2026-06-24 22:14:54,351 | INFO | vit_model.base_model.model.blocks.6.ls2.gamma | 1024       | [FROZEN]
2026-06-24 22:14:54,351 | INFO | vit_model.base_model.model.blocks.7.norm1.weight | 1024       | [FROZEN]
2026-06-24 22:14:54,351 | INFO | vit_model.base_model.model.blocks.7.norm1.bias | 1024       | [FROZEN]
2026-06-24 22:14:54,351 | INFO | vit_model.base_model.model.blocks.7.attn.qkv.base_layer.weight | 3145728    | [FROZEN]
2026-06-24 22:14:54,351 | INFO | vit_model.base_model.model.blocks.7.attn.qkv.base_layer.bias | 3072       | [FROZEN]
2026-06-24 22:14:54,351 | INFO | vit_model.base_model.model.blocks.7.attn.qkv.lora_A.default.weight | 8192       | [TRAINABLE]
2026-06-24 22:14:54,351 | INFO | vit_model.base_model.model.blocks.7.attn.qkv.lora_B.default.weight | 24576      | [TRAINABLE]
2026-06-24 22:14:54,351 | INFO | vit_model.base_model.model.blocks.7.attn.proj.weight | 1048576    | [FROZEN]
2026-06-24 22:14:54,351 | INFO | vit_model.base_model.model.blocks.7.attn.proj.bias | 1024       | [FROZEN]
2026-06-24 22:14:54,351 | INFO | vit_model.base_model.model.blocks.7.ls1.gamma | 1024       | [FROZEN]
2026-06-24 22:14:54,351 | INFO | vit_model.base_model.model.blocks.7.norm2.weight | 1024       | [FROZEN]
2026-06-24 22:14:54,351 | INFO | vit_model.base_model.model.blocks.7.norm2.bias | 1024       | [FROZEN]
2026-06-24 22:14:54,351 | INFO | vit_model.base_model.model.blocks.7.mlp.fc1.weight | 4194304    | [FROZEN]
2026-06-24 22:14:54,351 | INFO | vit_model.base_model.model.blocks.7.mlp.fc1.bias | 4096       | [FROZEN]
2026-06-24 22:14:54,352 | INFO | vit_model.base_model.model.blocks.7.mlp.fc2.weight | 4194304    | [FROZEN]
2026-06-24 22:14:54,352 | INFO | vit_model.base_model.model.blocks.7.mlp.fc2.bias | 1024       | [FROZEN]
2026-06-24 22:14:54,352 | INFO | vit_model.base_model.model.blocks.7.ls2.gamma | 1024       | [FROZEN]
2026-06-24 22:14:54,352 | INFO | vit_model.base_model.model.blocks.8.norm1.weight | 1024       | [FROZEN]
2026-06-24 22:14:54,352 | INFO | vit_model.base_model.model.blocks.8.norm1.bias | 1024       | [FROZEN]
2026-06-24 22:14:54,352 | INFO | vit_model.base_model.model.blocks.8.attn.qkv.base_layer.weight | 3145728    | [FROZEN]
2026-06-24 22:14:54,352 | INFO | vit_model.base_model.model.blocks.8.attn.qkv.base_layer.bias | 3072       | [FROZEN]
2026-06-24 22:14:54,352 | INFO | vit_model.base_model.model.blocks.8.attn.qkv.lora_A.default.weight | 8192       | [TRAINABLE]
2026-06-24 22:14:54,352 | INFO | vit_model.base_model.model.blocks.8.attn.qkv.lora_B.default.weight | 24576      | [TRAINABLE]
2026-06-24 22:14:54,352 | INFO | vit_model.base_model.model.blocks.8.attn.proj.weight | 1048576    | [FROZEN]
2026-06-24 22:14:54,352 | INFO | vit_model.base_model.model.blocks.8.attn.proj.bias | 1024       | [FROZEN]
2026-06-24 22:14:54,352 | INFO | vit_model.base_model.model.blocks.8.ls1.gamma | 1024       | [FROZEN]
2026-06-24 22:14:54,352 | INFO | vit_model.base_model.model.blocks.8.norm2.weight | 1024       | [FROZEN]
2026-06-24 22:14:54,352 | INFO | vit_model.base_model.model.blocks.8.norm2.bias | 1024       | [FROZEN]
2026-06-24 22:14:54,352 | INFO | vit_model.base_model.model.blocks.8.mlp.fc1.weight | 4194304    | [FROZEN]
2026-06-24 22:14:54,352 | INFO | vit_model.base_model.model.blocks.8.mlp.fc1.bias | 4096       | [FROZEN]
2026-06-24 22:14:54,352 | INFO | vit_model.base_model.model.blocks.8.mlp.fc2.weight | 4194304    | [FROZEN]
2026-06-24 22:14:54,352 | INFO | vit_model.base_model.model.blocks.8.mlp.fc2.bias | 1024       | [FROZEN]
2026-06-24 22:14:54,352 | INFO | vit_model.base_model.model.blocks.8.ls2.gamma | 1024       | [FROZEN]
2026-06-24 22:14:54,352 | INFO | vit_model.base_model.model.blocks.9.norm1.weight | 1024       | [FROZEN]
2026-06-24 22:14:54,352 | INFO | vit_model.base_model.model.blocks.9.norm1.bias | 1024       | [FROZEN]
2026-06-24 22:14:54,352 | INFO | vit_model.base_model.model.blocks.9.attn.qkv.base_layer.weight | 3145728    | [FROZEN]
2026-06-24 22:14:54,352 | INFO | vit_model.base_model.model.blocks.9.attn.qkv.base_layer.bias | 3072       | [FROZEN]
2026-06-24 22:14:54,352 | INFO | vit_model.base_model.model.blocks.9.attn.qkv.lora_A.default.weight | 8192       | [TRAINABLE]
2026-06-24 22:14:54,352 | INFO | vit_model.base_model.model.blocks.9.attn.qkv.lora_B.default.weight | 24576      | [TRAINABLE]
2026-06-24 22:14:54,352 | INFO | vit_model.base_model.model.blocks.9.attn.proj.weight | 1048576    | [FROZEN]
2026-06-24 22:14:54,352 | INFO | vit_model.base_model.model.blocks.9.attn.proj.bias | 1024       | [FROZEN]
2026-06-24 22:14:54,352 | INFO | vit_model.base_model.model.blocks.9.ls1.gamma | 1024       | [FROZEN]
2026-06-24 22:14:54,352 | INFO | vit_model.base_model.model.blocks.9.norm2.weight | 1024       | [FROZEN]
2026-06-24 22:14:54,352 | INFO | vit_model.base_model.model.blocks.9.norm2.bias | 1024       | [FROZEN]
2026-06-24 22:14:54,352 | INFO | vit_model.base_model.model.blocks.9.mlp.fc1.weight | 4194304    | [FROZEN]
2026-06-24 22:14:54,352 | INFO | vit_model.base_model.model.blocks.9.mlp.fc1.bias | 4096       | [FROZEN]
2026-06-24 22:14:54,352 | INFO | vit_model.base_model.model.blocks.9.mlp.fc2.weight | 4194304    | [FROZEN]
2026-06-24 22:14:54,352 | INFO | vit_model.base_model.model.blocks.9.mlp.fc2.bias | 1024       | [FROZEN]
2026-06-24 22:14:54,352 | INFO | vit_model.base_model.model.blocks.9.ls2.gamma | 1024       | [FROZEN]
2026-06-24 22:14:54,352 | INFO | vit_model.base_model.model.blocks.10.norm1.weight | 1024       | [FROZEN]
2026-06-24 22:14:54,352 | INFO | vit_model.base_model.model.blocks.10.norm1.bias | 1024       | [FROZEN]
2026-06-24 22:14:54,352 | INFO | vit_model.base_model.model.blocks.10.attn.qkv.base_layer.weight | 3145728    | [FROZEN]
2026-06-24 22:14:54,352 | INFO | vit_model.base_model.model.blocks.10.attn.qkv.base_layer.bias | 3072       | [FROZEN]
2026-06-24 22:14:54,352 | INFO | vit_model.base_model.model.blocks.10.attn.qkv.lora_A.default.weight | 8192       | [TRAINABLE]
2026-06-24 22:14:54,352 | INFO | vit_model.base_model.model.blocks.10.attn.qkv.lora_B.default.weight | 24576      | [TRAINABLE]
2026-06-24 22:14:54,352 | INFO | vit_model.base_model.model.blocks.10.attn.proj.weight | 1048576    | [FROZEN]
2026-06-24 22:14:54,352 | INFO | vit_model.base_model.model.blocks.10.attn.proj.bias | 1024       | [FROZEN]
2026-06-24 22:14:54,352 | INFO | vit_model.base_model.model.blocks.10.ls1.gamma | 1024       | [FROZEN]
2026-06-24 22:14:54,352 | INFO | vit_model.base_model.model.blocks.10.norm2.weight | 1024       | [FROZEN]
2026-06-24 22:14:54,352 | INFO | vit_model.base_model.model.blocks.10.norm2.bias | 1024       | [FROZEN]
2026-06-24 22:14:54,352 | INFO | vit_model.base_model.model.blocks.10.mlp.fc1.weight | 4194304    | [FROZEN]
2026-06-24 22:14:54,352 | INFO | vit_model.base_model.model.blocks.10.mlp.fc1.bias | 4096       | [FROZEN]
2026-06-24 22:14:54,352 | INFO | vit_model.base_model.model.blocks.10.mlp.fc2.weight | 4194304    | [FROZEN]
2026-06-24 22:14:54,352 | INFO | vit_model.base_model.model.blocks.10.mlp.fc2.bias | 1024       | [FROZEN]
2026-06-24 22:14:54,352 | INFO | vit_model.base_model.model.blocks.10.ls2.gamma | 1024       | [FROZEN]
2026-06-24 22:14:54,352 | INFO | vit_model.base_model.model.blocks.11.norm1.weight | 1024       | [FROZEN]
2026-06-24 22:14:54,352 | INFO | vit_model.base_model.model.blocks.11.norm1.bias | 1024       | [FROZEN]
2026-06-24 22:14:54,352 | INFO | vit_model.base_model.model.blocks.11.attn.qkv.base_layer.weight | 3145728    | [FROZEN]
2026-06-24 22:14:54,352 | INFO | vit_model.base_model.model.blocks.11.attn.qkv.base_layer.bias | 3072       | [FROZEN]
2026-06-24 22:14:54,352 | INFO | vit_model.base_model.model.blocks.11.attn.qkv.lora_A.default.weight | 8192       | [TRAINABLE]
2026-06-24 22:14:54,352 | INFO | vit_model.base_model.model.blocks.11.attn.qkv.lora_B.default.weight | 24576      | [TRAINABLE]
2026-06-24 22:14:54,352 | INFO | vit_model.base_model.model.blocks.11.attn.proj.weight | 1048576    | [FROZEN]
2026-06-24 22:14:54,352 | INFO | vit_model.base_model.model.blocks.11.attn.proj.bias | 1024       | [FROZEN]
2026-06-24 22:14:54,352 | INFO | vit_model.base_model.model.blocks.11.ls1.gamma | 1024       | [FROZEN]
2026-06-24 22:14:54,352 | INFO | vit_model.base_model.model.blocks.11.norm2.weight | 1024       | [FROZEN]
2026-06-24 22:14:54,352 | INFO | vit_model.base_model.model.blocks.11.norm2.bias | 1024       | [FROZEN]
2026-06-24 22:14:54,352 | INFO | vit_model.base_model.model.blocks.11.mlp.fc1.weight | 4194304    | [FROZEN]
2026-06-24 22:14:54,352 | INFO | vit_model.base_model.model.blocks.11.mlp.fc1.bias | 4096       | [FROZEN]
2026-06-24 22:14:54,352 | INFO | vit_model.base_model.model.blocks.11.mlp.fc2.weight | 4194304    | [FROZEN]
2026-06-24 22:14:54,352 | INFO | vit_model.base_model.model.blocks.11.mlp.fc2.bias | 1024       | [FROZEN]
2026-06-24 22:14:54,352 | INFO | vit_model.base_model.model.blocks.11.ls2.gamma | 1024       | [FROZEN]
2026-06-24 22:14:54,352 | INFO | vit_model.base_model.model.blocks.12.norm1.weight | 1024       | [FROZEN]
2026-06-24 22:14:54,352 | INFO | vit_model.base_model.model.blocks.12.norm1.bias | 1024       | [FROZEN]
2026-06-24 22:14:54,353 | INFO | vit_model.base_model.model.blocks.12.attn.qkv.base_layer.weight | 3145728    | [FROZEN]
2026-06-24 22:14:54,353 | INFO | vit_model.base_model.model.blocks.12.attn.qkv.base_layer.bias | 3072       | [FROZEN]
2026-06-24 22:14:54,353 | INFO | vit_model.base_model.model.blocks.12.attn.qkv.lora_A.default.weight | 8192       | [TRAINABLE]
2026-06-24 22:14:54,353 | INFO | vit_model.base_model.model.blocks.12.attn.qkv.lora_B.default.weight | 24576      | [TRAINABLE]
2026-06-24 22:14:54,353 | INFO | vit_model.base_model.model.blocks.12.attn.proj.weight | 1048576    | [FROZEN]
2026-06-24 22:14:54,353 | INFO | vit_model.base_model.model.blocks.12.attn.proj.bias | 1024       | [FROZEN]
2026-06-24 22:14:54,353 | INFO | vit_model.base_model.model.blocks.12.ls1.gamma | 1024       | [FROZEN]
2026-06-24 22:14:54,353 | INFO | vit_model.base_model.model.blocks.12.norm2.weight | 1024       | [FROZEN]
2026-06-24 22:14:54,353 | INFO | vit_model.base_model.model.blocks.12.norm2.bias | 1024       | [FROZEN]
2026-06-24 22:14:54,353 | INFO | vit_model.base_model.model.blocks.12.mlp.fc1.weight | 4194304    | [FROZEN]
2026-06-24 22:14:54,353 | INFO | vit_model.base_model.model.blocks.12.mlp.fc1.bias | 4096       | [FROZEN]
2026-06-24 22:14:54,353 | INFO | vit_model.base_model.model.blocks.12.mlp.fc2.weight | 4194304    | [FROZEN]
2026-06-24 22:14:54,353 | INFO | vit_model.base_model.model.blocks.12.mlp.fc2.bias | 1024       | [FROZEN]
2026-06-24 22:14:54,353 | INFO | vit_model.base_model.model.blocks.12.ls2.gamma | 1024       | [FROZEN]
2026-06-24 22:14:54,353 | INFO | vit_model.base_model.model.blocks.13.norm1.weight | 1024       | [FROZEN]
2026-06-24 22:14:54,353 | INFO | vit_model.base_model.model.blocks.13.norm1.bias | 1024       | [FROZEN]
2026-06-24 22:14:54,353 | INFO | vit_model.base_model.model.blocks.13.attn.qkv.base_layer.weight | 3145728    | [FROZEN]
2026-06-24 22:14:54,353 | INFO | vit_model.base_model.model.blocks.13.attn.qkv.base_layer.bias | 3072       | [FROZEN]
2026-06-24 22:14:54,353 | INFO | vit_model.base_model.model.blocks.13.attn.qkv.lora_A.default.weight | 8192       | [TRAINABLE]
2026-06-24 22:14:54,353 | INFO | vit_model.base_model.model.blocks.13.attn.qkv.lora_B.default.weight | 24576      | [TRAINABLE]
2026-06-24 22:14:54,353 | INFO | vit_model.base_model.model.blocks.13.attn.proj.weight | 1048576    | [FROZEN]
2026-06-24 22:14:54,353 | INFO | vit_model.base_model.model.blocks.13.attn.proj.bias | 1024       | [FROZEN]
2026-06-24 22:14:54,353 | INFO | vit_model.base_model.model.blocks.13.ls1.gamma | 1024       | [FROZEN]
2026-06-24 22:14:54,353 | INFO | vit_model.base_model.model.blocks.13.norm2.weight | 1024       | [FROZEN]
2026-06-24 22:14:54,353 | INFO | vit_model.base_model.model.blocks.13.norm2.bias | 1024       | [FROZEN]
2026-06-24 22:14:54,353 | INFO | vit_model.base_model.model.blocks.13.mlp.fc1.weight | 4194304    | [FROZEN]
2026-06-24 22:14:54,353 | INFO | vit_model.base_model.model.blocks.13.mlp.fc1.bias | 4096       | [FROZEN]
2026-06-24 22:14:54,353 | INFO | vit_model.base_model.model.blocks.13.mlp.fc2.weight | 4194304    | [FROZEN]
2026-06-24 22:14:54,353 | INFO | vit_model.base_model.model.blocks.13.mlp.fc2.bias | 1024       | [FROZEN]
2026-06-24 22:14:54,353 | INFO | vit_model.base_model.model.blocks.13.ls2.gamma | 1024       | [FROZEN]
2026-06-24 22:14:54,353 | INFO | vit_model.base_model.model.blocks.14.norm1.weight | 1024       | [FROZEN]
2026-06-24 22:14:54,353 | INFO | vit_model.base_model.model.blocks.14.norm1.bias | 1024       | [FROZEN]
2026-06-24 22:14:54,353 | INFO | vit_model.base_model.model.blocks.14.attn.qkv.base_layer.weight | 3145728    | [FROZEN]
2026-06-24 22:14:54,353 | INFO | vit_model.base_model.model.blocks.14.attn.qkv.base_layer.bias | 3072       | [FROZEN]
2026-06-24 22:14:54,353 | INFO | vit_model.base_model.model.blocks.14.attn.qkv.lora_A.default.weight | 8192       | [TRAINABLE]
2026-06-24 22:14:54,353 | INFO | vit_model.base_model.model.blocks.14.attn.qkv.lora_B.default.weight | 24576      | [TRAINABLE]
2026-06-24 22:14:54,353 | INFO | vit_model.base_model.model.blocks.14.attn.proj.weight | 1048576    | [FROZEN]
2026-06-24 22:14:54,353 | INFO | vit_model.base_model.model.blocks.14.attn.proj.bias | 1024       | [FROZEN]
2026-06-24 22:14:54,353 | INFO | vit_model.base_model.model.blocks.14.ls1.gamma | 1024       | [FROZEN]
2026-06-24 22:14:54,353 | INFO | vit_model.base_model.model.blocks.14.norm2.weight | 1024       | [FROZEN]
2026-06-24 22:14:54,353 | INFO | vit_model.base_model.model.blocks.14.norm2.bias | 1024       | [FROZEN]
2026-06-24 22:14:54,353 | INFO | vit_model.base_model.model.blocks.14.mlp.fc1.weight | 4194304    | [FROZEN]
2026-06-24 22:14:54,353 | INFO | vit_model.base_model.model.blocks.14.mlp.fc1.bias | 4096       | [FROZEN]
2026-06-24 22:14:54,353 | INFO | vit_model.base_model.model.blocks.14.mlp.fc2.weight | 4194304    | [FROZEN]
2026-06-24 22:14:54,353 | INFO | vit_model.base_model.model.blocks.14.mlp.fc2.bias | 1024       | [FROZEN]
2026-06-24 22:14:54,353 | INFO | vit_model.base_model.model.blocks.14.ls2.gamma | 1024       | [FROZEN]
2026-06-24 22:14:54,353 | INFO | vit_model.base_model.model.blocks.15.norm1.weight | 1024       | [FROZEN]
2026-06-24 22:14:54,353 | INFO | vit_model.base_model.model.blocks.15.norm1.bias | 1024       | [FROZEN]
2026-06-24 22:14:54,353 | INFO | vit_model.base_model.model.blocks.15.attn.qkv.base_layer.weight | 3145728    | [FROZEN]
2026-06-24 22:14:54,353 | INFO | vit_model.base_model.model.blocks.15.attn.qkv.base_layer.bias | 3072       | [FROZEN]
2026-06-24 22:14:54,353 | INFO | vit_model.base_model.model.blocks.15.attn.qkv.lora_A.default.weight | 8192       | [TRAINABLE]
2026-06-24 22:14:54,353 | INFO | vit_model.base_model.model.blocks.15.attn.qkv.lora_B.default.weight | 24576      | [TRAINABLE]
2026-06-24 22:14:54,353 | INFO | vit_model.base_model.model.blocks.15.attn.proj.weight | 1048576    | [FROZEN]
2026-06-24 22:14:54,353 | INFO | vit_model.base_model.model.blocks.15.attn.proj.bias | 1024       | [FROZEN]
2026-06-24 22:14:54,353 | INFO | vit_model.base_model.model.blocks.15.ls1.gamma | 1024       | [FROZEN]
2026-06-24 22:14:54,353 | INFO | vit_model.base_model.model.blocks.15.norm2.weight | 1024       | [FROZEN]
2026-06-24 22:14:54,353 | INFO | vit_model.base_model.model.blocks.15.norm2.bias | 1024       | [FROZEN]
2026-06-24 22:14:54,353 | INFO | vit_model.base_model.model.blocks.15.mlp.fc1.weight | 4194304    | [FROZEN]
2026-06-24 22:14:54,353 | INFO | vit_model.base_model.model.blocks.15.mlp.fc1.bias | 4096       | [FROZEN]
2026-06-24 22:14:54,353 | INFO | vit_model.base_model.model.blocks.15.mlp.fc2.weight | 4194304    | [FROZEN]
2026-06-24 22:14:54,353 | INFO | vit_model.base_model.model.blocks.15.mlp.fc2.bias | 1024       | [FROZEN]
2026-06-24 22:14:54,353 | INFO | vit_model.base_model.model.blocks.15.ls2.gamma | 1024       | [FROZEN]
2026-06-24 22:14:54,353 | INFO | vit_model.base_model.model.blocks.16.norm1.weight | 1024       | [FROZEN]
2026-06-24 22:14:54,353 | INFO | vit_model.base_model.model.blocks.16.norm1.bias | 1024       | [FROZEN]
2026-06-24 22:14:54,353 | INFO | vit_model.base_model.model.blocks.16.attn.qkv.base_layer.weight | 3145728    | [FROZEN]
2026-06-24 22:14:54,353 | INFO | vit_model.base_model.model.blocks.16.attn.qkv.base_layer.bias | 3072       | [FROZEN]
2026-06-24 22:14:54,353 | INFO | vit_model.base_model.model.blocks.16.attn.qkv.lora_A.default.weight | 8192       | [TRAINABLE]
2026-06-24 22:14:54,354 | INFO | vit_model.base_model.model.blocks.16.attn.qkv.lora_B.default.weight | 24576      | [TRAINABLE]
2026-06-24 22:14:54,354 | INFO | vit_model.base_model.model.blocks.16.attn.proj.weight | 1048576    | [FROZEN]
2026-06-24 22:14:54,354 | INFO | vit_model.base_model.model.blocks.16.attn.proj.bias | 1024       | [FROZEN]
2026-06-24 22:14:54,354 | INFO | vit_model.base_model.model.blocks.16.ls1.gamma | 1024       | [FROZEN]
2026-06-24 22:14:54,354 | INFO | vit_model.base_model.model.blocks.16.norm2.weight | 1024       | [FROZEN]
2026-06-24 22:14:54,354 | INFO | vit_model.base_model.model.blocks.16.norm2.bias | 1024       | [FROZEN]
2026-06-24 22:14:54,354 | INFO | vit_model.base_model.model.blocks.16.mlp.fc1.weight | 4194304    | [FROZEN]
2026-06-24 22:14:54,354 | INFO | vit_model.base_model.model.blocks.16.mlp.fc1.bias | 4096       | [FROZEN]
2026-06-24 22:14:54,354 | INFO | vit_model.base_model.model.blocks.16.mlp.fc2.weight | 4194304    | [FROZEN]
2026-06-24 22:14:54,354 | INFO | vit_model.base_model.model.blocks.16.mlp.fc2.bias | 1024       | [FROZEN]
2026-06-24 22:14:54,354 | INFO | vit_model.base_model.model.blocks.16.ls2.gamma | 1024       | [FROZEN]
2026-06-24 22:14:54,354 | INFO | vit_model.base_model.model.blocks.17.norm1.weight | 1024       | [FROZEN]
2026-06-24 22:14:54,354 | INFO | vit_model.base_model.model.blocks.17.norm1.bias | 1024       | [FROZEN]
2026-06-24 22:14:54,354 | INFO | vit_model.base_model.model.blocks.17.attn.qkv.base_layer.weight | 3145728    | [FROZEN]
2026-06-24 22:14:54,354 | INFO | vit_model.base_model.model.blocks.17.attn.qkv.base_layer.bias | 3072       | [FROZEN]
2026-06-24 22:14:54,354 | INFO | vit_model.base_model.model.blocks.17.attn.qkv.lora_A.default.weight | 8192       | [TRAINABLE]
2026-06-24 22:14:54,354 | INFO | vit_model.base_model.model.blocks.17.attn.qkv.lora_B.default.weight | 24576      | [TRAINABLE]
2026-06-24 22:14:54,354 | INFO | vit_model.base_model.model.blocks.17.attn.proj.weight | 1048576    | [FROZEN]
2026-06-24 22:14:54,354 | INFO | vit_model.base_model.model.blocks.17.attn.proj.bias | 1024       | [FROZEN]
2026-06-24 22:14:54,354 | INFO | vit_model.base_model.model.blocks.17.ls1.gamma | 1024       | [FROZEN]
2026-06-24 22:14:54,354 | INFO | vit_model.base_model.model.blocks.17.norm2.weight | 1024       | [FROZEN]
2026-06-24 22:14:54,354 | INFO | vit_model.base_model.model.blocks.17.norm2.bias | 1024       | [FROZEN]
2026-06-24 22:14:54,354 | INFO | vit_model.base_model.model.blocks.17.mlp.fc1.weight | 4194304    | [FROZEN]
2026-06-24 22:14:54,354 | INFO | vit_model.base_model.model.blocks.17.mlp.fc1.bias | 4096       | [FROZEN]
2026-06-24 22:14:54,354 | INFO | vit_model.base_model.model.blocks.17.mlp.fc2.weight | 4194304    | [FROZEN]
2026-06-24 22:14:54,354 | INFO | vit_model.base_model.model.blocks.17.mlp.fc2.bias | 1024       | [FROZEN]
2026-06-24 22:14:54,354 | INFO | vit_model.base_model.model.blocks.17.ls2.gamma | 1024       | [FROZEN]
2026-06-24 22:14:54,354 | INFO | vit_model.base_model.model.blocks.18.norm1.weight | 1024       | [FROZEN]
2026-06-24 22:14:54,354 | INFO | vit_model.base_model.model.blocks.18.norm1.bias | 1024       | [FROZEN]
2026-06-24 22:14:54,354 | INFO | vit_model.base_model.model.blocks.18.attn.qkv.base_layer.weight | 3145728    | [FROZEN]
2026-06-24 22:14:54,354 | INFO | vit_model.base_model.model.blocks.18.attn.qkv.base_layer.bias | 3072       | [FROZEN]
2026-06-24 22:14:54,354 | INFO | vit_model.base_model.model.blocks.18.attn.qkv.lora_A.default.weight | 8192       | [TRAINABLE]
2026-06-24 22:14:54,354 | INFO | vit_model.base_model.model.blocks.18.attn.qkv.lora_B.default.weight | 24576      | [TRAINABLE]
2026-06-24 22:14:54,354 | INFO | vit_model.base_model.model.blocks.18.attn.proj.weight | 1048576    | [FROZEN]
2026-06-24 22:14:54,354 | INFO | vit_model.base_model.model.blocks.18.attn.proj.bias | 1024       | [FROZEN]
2026-06-24 22:14:54,354 | INFO | vit_model.base_model.model.blocks.18.ls1.gamma | 1024       | [FROZEN]
2026-06-24 22:14:54,354 | INFO | vit_model.base_model.model.blocks.18.norm2.weight | 1024       | [FROZEN]
2026-06-24 22:14:54,354 | INFO | vit_model.base_model.model.blocks.18.norm2.bias | 1024       | [FROZEN]
2026-06-24 22:14:54,354 | INFO | vit_model.base_model.model.blocks.18.mlp.fc1.weight | 4194304    | [FROZEN]
2026-06-24 22:14:54,354 | INFO | vit_model.base_model.model.blocks.18.mlp.fc1.bias | 4096       | [FROZEN]
2026-06-24 22:14:54,354 | INFO | vit_model.base_model.model.blocks.18.mlp.fc2.weight | 4194304    | [FROZEN]
2026-06-24 22:14:54,354 | INFO | vit_model.base_model.model.blocks.18.mlp.fc2.bias | 1024       | [FROZEN]
2026-06-24 22:14:54,354 | INFO | vit_model.base_model.model.blocks.18.ls2.gamma | 1024       | [FROZEN]
2026-06-24 22:14:54,354 | INFO | vit_model.base_model.model.blocks.19.norm1.weight | 1024       | [FROZEN]
2026-06-24 22:14:54,354 | INFO | vit_model.base_model.model.blocks.19.norm1.bias | 1024       | [FROZEN]
2026-06-24 22:14:54,354 | INFO | vit_model.base_model.model.blocks.19.attn.qkv.base_layer.weight | 3145728    | [FROZEN]
2026-06-24 22:14:54,354 | INFO | vit_model.base_model.model.blocks.19.attn.qkv.base_layer.bias | 3072       | [FROZEN]
2026-06-24 22:14:54,354 | INFO | vit_model.base_model.model.blocks.19.attn.qkv.lora_A.default.weight | 8192       | [TRAINABLE]
2026-06-24 22:14:54,354 | INFO | vit_model.base_model.model.blocks.19.attn.qkv.lora_B.default.weight | 24576      | [TRAINABLE]
2026-06-24 22:14:54,354 | INFO | vit_model.base_model.model.blocks.19.attn.proj.weight | 1048576    | [FROZEN]
2026-06-24 22:14:54,354 | INFO | vit_model.base_model.model.blocks.19.attn.proj.bias | 1024       | [FROZEN]
2026-06-24 22:14:54,354 | INFO | vit_model.base_model.model.blocks.19.ls1.gamma | 1024       | [FROZEN]
2026-06-24 22:14:54,354 | INFO | vit_model.base_model.model.blocks.19.norm2.weight | 1024       | [FROZEN]
2026-06-24 22:14:54,354 | INFO | vit_model.base_model.model.blocks.19.norm2.bias | 1024       | [FROZEN]
2026-06-24 22:14:54,354 | INFO | vit_model.base_model.model.blocks.19.mlp.fc1.weight | 4194304    | [FROZEN]
2026-06-24 22:14:54,354 | INFO | vit_model.base_model.model.blocks.19.mlp.fc1.bias | 4096       | [FROZEN]
2026-06-24 22:14:54,354 | INFO | vit_model.base_model.model.blocks.19.mlp.fc2.weight | 4194304    | [FROZEN]
2026-06-24 22:14:54,354 | INFO | vit_model.base_model.model.blocks.19.mlp.fc2.bias | 1024       | [FROZEN]
2026-06-24 22:14:54,354 | INFO | vit_model.base_model.model.blocks.19.ls2.gamma | 1024       | [FROZEN]
2026-06-24 22:14:54,354 | INFO | vit_model.base_model.model.blocks.20.norm1.weight | 1024       | [FROZEN]
2026-06-24 22:14:54,354 | INFO | vit_model.base_model.model.blocks.20.norm1.bias | 1024       | [FROZEN]
2026-06-24 22:14:54,354 | INFO | vit_model.base_model.model.blocks.20.attn.qkv.base_layer.weight | 3145728    | [FROZEN]
2026-06-24 22:14:54,354 | INFO | vit_model.base_model.model.blocks.20.attn.qkv.base_layer.bias | 3072       | [FROZEN]
2026-06-24 22:14:54,355 | INFO | vit_model.base_model.model.blocks.20.attn.qkv.lora_A.default.weight | 8192       | [TRAINABLE]
2026-06-24 22:14:54,355 | INFO | vit_model.base_model.model.blocks.20.attn.qkv.lora_B.default.weight | 24576      | [TRAINABLE]
2026-06-24 22:14:54,355 | INFO | vit_model.base_model.model.blocks.20.attn.proj.weight | 1048576    | [FROZEN]
2026-06-24 22:14:54,355 | INFO | vit_model.base_model.model.blocks.20.attn.proj.bias | 1024       | [FROZEN]
2026-06-24 22:14:54,355 | INFO | vit_model.base_model.model.blocks.20.ls1.gamma | 1024       | [FROZEN]
2026-06-24 22:14:54,355 | INFO | vit_model.base_model.model.blocks.20.norm2.weight | 1024       | [FROZEN]
2026-06-24 22:14:54,355 | INFO | vit_model.base_model.model.blocks.20.norm2.bias | 1024       | [FROZEN]
2026-06-24 22:14:54,355 | INFO | vit_model.base_model.model.blocks.20.mlp.fc1.weight | 4194304    | [FROZEN]
2026-06-24 22:14:54,355 | INFO | vit_model.base_model.model.blocks.20.mlp.fc1.bias | 4096       | [FROZEN]
2026-06-24 22:14:54,355 | INFO | vit_model.base_model.model.blocks.20.mlp.fc2.weight | 4194304    | [FROZEN]
2026-06-24 22:14:54,355 | INFO | vit_model.base_model.model.blocks.20.mlp.fc2.bias | 1024       | [FROZEN]
2026-06-24 22:14:54,355 | INFO | vit_model.base_model.model.blocks.20.ls2.gamma | 1024       | [FROZEN]
2026-06-24 22:14:54,355 | INFO | vit_model.base_model.model.blocks.21.norm1.weight | 1024       | [FROZEN]
2026-06-24 22:14:54,355 | INFO | vit_model.base_model.model.blocks.21.norm1.bias | 1024       | [FROZEN]
2026-06-24 22:14:54,355 | INFO | vit_model.base_model.model.blocks.21.attn.qkv.base_layer.weight | 3145728    | [FROZEN]
2026-06-24 22:14:54,355 | INFO | vit_model.base_model.model.blocks.21.attn.qkv.base_layer.bias | 3072       | [FROZEN]
2026-06-24 22:14:54,355 | INFO | vit_model.base_model.model.blocks.21.attn.qkv.lora_A.default.weight | 8192       | [TRAINABLE]
2026-06-24 22:14:54,355 | INFO | vit_model.base_model.model.blocks.21.attn.qkv.lora_B.default.weight | 24576      | [TRAINABLE]
2026-06-24 22:14:54,355 | INFO | vit_model.base_model.model.blocks.21.attn.proj.weight | 1048576    | [FROZEN]
2026-06-24 22:14:54,355 | INFO | vit_model.base_model.model.blocks.21.attn.proj.bias | 1024       | [FROZEN]
2026-06-24 22:14:54,355 | INFO | vit_model.base_model.model.blocks.21.ls1.gamma | 1024       | [FROZEN]
2026-06-24 22:14:54,355 | INFO | vit_model.base_model.model.blocks.21.norm2.weight | 1024       | [FROZEN]
2026-06-24 22:14:54,355 | INFO | vit_model.base_model.model.blocks.21.norm2.bias | 1024       | [FROZEN]
2026-06-24 22:14:54,355 | INFO | vit_model.base_model.model.blocks.21.mlp.fc1.weight | 4194304    | [FROZEN]
2026-06-24 22:14:54,355 | INFO | vit_model.base_model.model.blocks.21.mlp.fc1.bias | 4096       | [FROZEN]
2026-06-24 22:14:54,355 | INFO | vit_model.base_model.model.blocks.21.mlp.fc2.weight | 4194304    | [FROZEN]
2026-06-24 22:14:54,355 | INFO | vit_model.base_model.model.blocks.21.mlp.fc2.bias | 1024       | [FROZEN]
2026-06-24 22:14:54,355 | INFO | vit_model.base_model.model.blocks.21.ls2.gamma | 1024       | [FROZEN]
2026-06-24 22:14:54,355 | INFO | vit_model.base_model.model.blocks.22.norm1.weight | 1024       | [FROZEN]
2026-06-24 22:14:54,355 | INFO | vit_model.base_model.model.blocks.22.norm1.bias | 1024       | [FROZEN]
2026-06-24 22:14:54,355 | INFO | vit_model.base_model.model.blocks.22.attn.qkv.base_layer.weight | 3145728    | [FROZEN]
2026-06-24 22:14:54,355 | INFO | vit_model.base_model.model.blocks.22.attn.qkv.base_layer.bias | 3072       | [FROZEN]
2026-06-24 22:14:54,355 | INFO | vit_model.base_model.model.blocks.22.attn.qkv.lora_A.default.weight | 8192       | [TRAINABLE]
2026-06-24 22:14:54,355 | INFO | vit_model.base_model.model.blocks.22.attn.qkv.lora_B.default.weight | 24576      | [TRAINABLE]
2026-06-24 22:14:54,355 | INFO | vit_model.base_model.model.blocks.22.attn.proj.weight | 1048576    | [FROZEN]
2026-06-24 22:14:54,355 | INFO | vit_model.base_model.model.blocks.22.attn.proj.bias | 1024       | [FROZEN]
2026-06-24 22:14:54,355 | INFO | vit_model.base_model.model.blocks.22.ls1.gamma | 1024       | [FROZEN]
2026-06-24 22:14:54,355 | INFO | vit_model.base_model.model.blocks.22.norm2.weight | 1024       | [FROZEN]
2026-06-24 22:14:54,355 | INFO | vit_model.base_model.model.blocks.22.norm2.bias | 1024       | [FROZEN]
2026-06-24 22:14:54,355 | INFO | vit_model.base_model.model.blocks.22.mlp.fc1.weight | 4194304    | [FROZEN]
2026-06-24 22:14:54,355 | INFO | vit_model.base_model.model.blocks.22.mlp.fc1.bias | 4096       | [FROZEN]
2026-06-24 22:14:54,355 | INFO | vit_model.base_model.model.blocks.22.mlp.fc2.weight | 4194304    | [FROZEN]
2026-06-24 22:14:54,355 | INFO | vit_model.base_model.model.blocks.22.mlp.fc2.bias | 1024       | [FROZEN]
2026-06-24 22:14:54,355 | INFO | vit_model.base_model.model.blocks.22.ls2.gamma | 1024       | [FROZEN]
2026-06-24 22:14:54,355 | INFO | vit_model.base_model.model.blocks.23.norm1.weight | 1024       | [FROZEN]
2026-06-24 22:14:54,355 | INFO | vit_model.base_model.model.blocks.23.norm1.bias | 1024       | [FROZEN]
2026-06-24 22:14:54,355 | INFO | vit_model.base_model.model.blocks.23.attn.qkv.base_layer.weight | 3145728    | [FROZEN]
2026-06-24 22:14:54,355 | INFO | vit_model.base_model.model.blocks.23.attn.qkv.base_layer.bias | 3072       | [FROZEN]
2026-06-24 22:14:54,355 | INFO | vit_model.base_model.model.blocks.23.attn.qkv.lora_A.default.weight | 8192       | [TRAINABLE]
2026-06-24 22:14:54,355 | INFO | vit_model.base_model.model.blocks.23.attn.qkv.lora_B.default.weight | 24576      | [TRAINABLE]
2026-06-24 22:14:54,355 | INFO | vit_model.base_model.model.blocks.23.attn.proj.weight | 1048576    | [FROZEN]
2026-06-24 22:14:54,355 | INFO | vit_model.base_model.model.blocks.23.attn.proj.bias | 1024       | [FROZEN]
2026-06-24 22:14:54,355 | INFO | vit_model.base_model.model.blocks.23.ls1.gamma | 1024       | [FROZEN]
2026-06-24 22:14:54,355 | INFO | vit_model.base_model.model.blocks.23.norm2.weight | 1024       | [FROZEN]
2026-06-24 22:14:54,355 | INFO | vit_model.base_model.model.blocks.23.norm2.bias | 1024       | [FROZEN]
2026-06-24 22:14:54,355 | INFO | vit_model.base_model.model.blocks.23.mlp.fc1.weight | 4194304    | [FROZEN]
2026-06-24 22:14:54,355 | INFO | vit_model.base_model.model.blocks.23.mlp.fc1.bias | 4096       | [FROZEN]
2026-06-24 22:14:54,355 | INFO | vit_model.base_model.model.blocks.23.mlp.fc2.weight | 4194304    | [FROZEN]
2026-06-24 22:14:54,355 | INFO | vit_model.base_model.model.blocks.23.mlp.fc2.bias | 1024       | [FROZEN]
2026-06-24 22:14:54,355 | INFO | vit_model.base_model.model.blocks.23.ls2.gamma | 1024       | [FROZEN]
2026-06-24 22:14:54,355 | INFO | vit_model.base_model.model.norm.weight   | 1024       | [FROZEN]
2026-06-24 22:14:54,356 | INFO | vit_model.base_model.model.norm.bias     | 1024       | [FROZEN]
2026-06-24 22:14:54,356 | INFO | mil_model.w_map.0.weight                 | 1024       | [TRAINABLE]
2026-06-24 22:14:54,356 | INFO | mil_model.v_map.0.weight                 | 1048576    | [TRAINABLE]
2026-06-24 22:14:54,356 | INFO | concept_heads.0.weight                   | 4096       | [TRAINABLE]
2026-06-24 22:14:54,356 | INFO | concept_heads.0.bias                     | 4          | [TRAINABLE]
2026-06-24 22:14:54,356 | INFO | concept_heads.1.weight                   | 3072       | [TRAINABLE]
2026-06-24 22:14:54,356 | INFO | concept_heads.1.bias                     | 3          | [TRAINABLE]
2026-06-24 22:14:54,356 | INFO | concept_heads.2.weight                   | 3072       | [TRAINABLE]
2026-06-24 22:14:54,356 | INFO | concept_heads.2.bias                     | 3          | [TRAINABLE]
2026-06-24 22:14:54,356 | INFO | task_model.weight                        | 10         | [TRAINABLE]
2026-06-24 22:14:54,356 | INFO | task_model.bias                          | 1          | [TRAINABLE]
2026-06-24 22:14:54,357 | INFO | Total parameters (incl unnamed): 305.1971M
2026-06-24 22:14:54,357 | INFO | Total named parameters: 305.1971M
2026-06-24 22:14:54,357 | INFO | Trainable parameters: 1.8463M
2026-06-24 22:14:54,357 | INFO | ======== starting epoch 1 ========
2026-06-24 22:14:54,357 | INFO | epoch 1 LR at start of epoch: vit = 0.000000
2026-06-24 22:14:54,357 | INFO | epoch 1 LR at start of epoch: head = 0.010000
2026-06-24 22:14:54,357 | INFO | [VALIDATION STEP]
2026-06-24 22:15:07,621 | INFO | [epoch 1 | val | batch 0 start] allocated=2955.9MB | reserved=30944.0MB | peak=12411.9MB
2026-06-24 22:16:53,545 | INFO | [epoch 1 | val | batch 10 start] allocated=2955.9MB | reserved=30944.0MB | peak=12411.9MB
2026-06-24 22:17:04,785 | INFO | epoch 1 val loss (mean of batches): 1.54
2026-06-24 22:17:04,785 | INFO | epoch 1 val loss history: [1.5429999828338623]
2026-06-24 22:17:04,785 | INFO | epoch 1 val c-index (total sample): 0.54
2026-06-24 22:17:04,785 | INFO | epoch 1 val c-index history: [0.539]
2026-06-24 22:17:04,788 | INFO | [TRAINING STEP]
2026-06-24 22:17:14,201 | INFO | [epoch 1 | train | batch 0 start] allocated=2367.9MB | reserved=30944.0MB | peak=12411.9MB
2026-06-24 22:17:15,941 | INFO |     task_logits from  -0.1494140625 to 0.79296875
2026-06-24 22:18:11,125 | INFO | [epoch 1 | train | batch 10 start] allocated=2389.0MB | reserved=31856.0MB | peak=30391.5MB
2026-06-24 22:19:08,111 | INFO | [epoch 1 | train | batch 20 start] allocated=2389.0MB | reserved=31856.0MB | peak=30391.5MB
2026-06-24 22:20:05,144 | INFO | [epoch 1 | train | batch 30 start] allocated=2389.0MB | reserved=31856.0MB | peak=30391.5MB
2026-06-24 22:21:02,133 | INFO | [epoch 1 | train | batch 40 start] allocated=2389.0MB | reserved=31856.0MB | peak=30391.5MB
2026-06-24 22:21:36,295 | INFO | epoch 1 train total loss: 1.74
2026-06-24 22:21:36,295 | INFO | epoch 1 train concept loss: 1.48
2026-06-24 22:21:36,295 | INFO | epoch 1 train task loss: 0.26
2026-06-24 22:21:36,295 | INFO | epoch 1 train total loss history: [1.7430000305175781]
2026-06-24 22:21:36,295 | INFO | epoch 1 train concept loss history: [1.4809999465942383]
2026-06-24 22:21:36,295 | INFO | epoch 1 train task loss history: [0.2630000114440918]
2026-06-24 22:21:36,296 | INFO | epoch 1 complete
2026-06-24 22:21:36,296 | INFO | ======== starting epoch 2 ========
2026-06-24 22:21:36,296 | INFO | epoch 2 LR at start of epoch: vit = 0.000000
2026-06-24 22:21:36,296 | INFO | epoch 2 LR at start of epoch: head = 0.009755
2026-06-24 22:21:36,296 | INFO | [VALIDATION STEP]
2026-06-24 22:21:48,953 | INFO | [epoch 2 | val | batch 0 start] allocated=2977.0MB | reserved=31856.0MB | peak=30391.5MB
2026-06-24 22:23:36,101 | INFO | [epoch 2 | val | batch 10 start] allocated=2977.0MB | reserved=31856.0MB | peak=30391.5MB
2026-06-24 22:23:47,489 | INFO | epoch 2 val loss (mean of batches): 1.79
2026-06-24 22:23:47,489 | INFO | epoch 2 val loss history: [1.5429999828338623, 1.7890000343322754]
2026-06-24 22:23:47,489 | INFO | epoch 2 val c-index (total sample): 0.65
2026-06-24 22:23:47,489 | INFO | epoch 2 val c-index history: [0.539, 0.65]
2026-06-24 22:23:47,492 | INFO | [TRAINING STEP]
2026-06-24 22:23:56,942 | INFO | [epoch 2 | train | batch 0 start] allocated=2389.0MB | reserved=31856.0MB | peak=30391.5MB
2026-06-24 22:23:58,676 | INFO |     task_logits from  -0.365234375 to 2.34375
2026-06-24 22:24:53,856 | INFO | [epoch 2 | train | batch 10 start] allocated=2389.0MB | reserved=31856.0MB | peak=30391.5MB
2026-06-24 22:25:50,855 | INFO | [epoch 2 | train | batch 20 start] allocated=2389.0MB | reserved=31856.0MB | peak=30391.5MB
2026-06-24 22:26:48,001 | INFO | [epoch 2 | train | batch 30 start] allocated=2389.0MB | reserved=31856.0MB | peak=30391.5MB
2026-06-24 22:27:45,029 | INFO | [epoch 2 | train | batch 40 start] allocated=2389.0MB | reserved=31856.0MB | peak=30391.5MB
2026-06-24 22:28:19,186 | INFO | epoch 2 train total loss: 1.32
2026-06-24 22:28:19,186 | INFO | epoch 2 train concept loss: 1.11
2026-06-24 22:28:19,186 | INFO | epoch 2 train task loss: 0.21
2026-06-24 22:28:19,186 | INFO | epoch 2 train total loss history: [1.7430000305175781, 1.3200000524520874]
2026-06-24 22:28:19,186 | INFO | epoch 2 train concept loss history: [1.4809999465942383, 1.1109999418258667]
2026-06-24 22:28:19,186 | INFO | epoch 2 train task loss history: [0.2630000114440918, 0.20999999344348907]
2026-06-24 22:28:19,187 | INFO | epoch 2 complete
2026-06-24 22:28:19,187 | INFO | ======== starting epoch 3 ========
2026-06-24 22:28:19,187 | INFO | epoch 3 LR at start of epoch: vit = 0.000000
2026-06-24 22:28:19,187 | INFO | epoch 3 LR at start of epoch: head = 0.009045
2026-06-24 22:28:19,187 | INFO | [VALIDATION STEP]
2026-06-24 22:28:32,783 | INFO | [epoch 3 | val | batch 0 start] allocated=2977.0MB | reserved=31856.0MB | peak=30391.5MB
2026-06-24 22:30:19,642 | INFO | [epoch 3 | val | batch 10 start] allocated=2977.0MB | reserved=31856.0MB | peak=30391.5MB
2026-06-24 22:30:31,034 | INFO | epoch 3 val loss (mean of batches): 1.92
2026-06-24 22:30:31,034 | INFO | epoch 3 val loss history: [1.5429999828338623, 1.7890000343322754, 1.9249999523162842]
2026-06-24 22:30:31,034 | INFO | epoch 3 val c-index (total sample): 0.76
2026-06-24 22:30:31,034 | INFO | epoch 3 val c-index history: [0.539, 0.65, 0.762]
2026-06-24 22:30:31,037 | INFO | [TRAINING STEP]
2026-06-24 22:30:40,433 | INFO | [epoch 3 | train | batch 0 start] allocated=2389.0MB | reserved=31856.0MB | peak=30391.5MB
2026-06-24 22:30:42,171 | INFO |     task_logits from  -1.7265625 to 1.2734375
2026-06-24 22:31:37,940 | INFO | [epoch 3 | train | batch 10 start] allocated=2389.0MB | reserved=31856.0MB | peak=30391.5MB
2026-06-24 22:32:34,923 | INFO | [epoch 3 | train | batch 20 start] allocated=2389.0MB | reserved=31856.0MB | peak=30391.5MB
2026-06-24 22:33:31,917 | INFO | [epoch 3 | train | batch 30 start] allocated=2389.0MB | reserved=31856.0MB | peak=30391.5MB
2026-06-24 22:34:28,886 | INFO | [epoch 3 | train | batch 40 start] allocated=2389.0MB | reserved=31856.0MB | peak=30391.5MB
2026-06-24 22:35:03,039 | INFO | epoch 3 train total loss: 1.20
2026-06-24 22:35:03,039 | INFO | epoch 3 train concept loss: 1.02
2026-06-24 22:35:03,039 | INFO | epoch 3 train task loss: 0.18
2026-06-24 22:35:03,039 | INFO | epoch 3 train total loss history: [1.7430000305175781, 1.3200000524520874, 1.2020000219345093]
2026-06-24 22:35:03,039 | INFO | epoch 3 train concept loss history: [1.4809999465942383, 1.1109999418258667, 1.0230000019073486]
2026-06-24 22:35:03,039 | INFO | epoch 3 train task loss history: [0.2630000114440918, 0.20999999344348907, 0.17800000309944153]
2026-06-24 22:35:03,040 | INFO | epoch 3 complete
2026-06-24 22:35:03,040 | INFO | ======== starting epoch 4 ========
2026-06-24 22:35:03,040 | INFO | epoch 4 LR at start of epoch: vit = 0.000000
2026-06-24 22:35:03,040 | INFO | epoch 4 LR at start of epoch: head = 0.007939
2026-06-24 22:35:03,040 | INFO | [VALIDATION STEP]
2026-06-24 22:35:15,598 | INFO | [epoch 4 | val | batch 0 start] allocated=2977.0MB | reserved=31856.0MB | peak=30391.5MB
2026-06-24 22:37:01,772 | INFO | [epoch 4 | val | batch 10 start] allocated=2977.0MB | reserved=31856.0MB | peak=30391.5MB
2026-06-24 22:37:13,040 | INFO | epoch 4 val loss (mean of batches): 1.78
2026-06-24 22:37:13,041 | INFO | epoch 4 val loss history: [1.5429999828338623, 1.7890000343322754, 1.9249999523162842, 1.7790000438690186]
2026-06-24 22:37:13,041 | INFO | epoch 4 val c-index (total sample): 0.70
2026-06-24 22:37:13,041 | INFO | epoch 4 val c-index history: [0.539, 0.65, 0.762, 0.702]
2026-06-24 22:37:13,044 | INFO | [TRAINING STEP]
2026-06-24 22:37:22,752 | INFO | [epoch 4 | train | batch 0 start] allocated=2389.0MB | reserved=31856.0MB | peak=30391.5MB
2026-06-24 22:37:24,487 | INFO |     task_logits from  -3.265625 to 0.875
2026-06-24 22:38:19,779 | INFO | [epoch 4 | train | batch 10 start] allocated=2389.0MB | reserved=31856.0MB | peak=30391.5MB
2026-06-24 22:39:16,799 | INFO | [epoch 4 | train | batch 20 start] allocated=2389.0MB | reserved=31856.0MB | peak=30391.5MB
2026-06-24 22:40:13,833 | INFO | [epoch 4 | train | batch 30 start] allocated=2389.0MB | reserved=31856.0MB | peak=30391.5MB
2026-06-24 22:41:10,967 | INFO | [epoch 4 | train | batch 40 start] allocated=2389.0MB | reserved=31856.0MB | peak=30391.5MB
2026-06-24 22:41:45,146 | INFO | epoch 4 train total loss: 1.08
2026-06-24 22:41:45,147 | INFO | epoch 4 train concept loss: 0.89
2026-06-24 22:41:45,147 | INFO | epoch 4 train task loss: 0.18
2026-06-24 22:41:45,147 | INFO | epoch 4 train total loss history: [1.7430000305175781, 1.3200000524520874, 1.2020000219345093, 1.0750000476837158]
2026-06-24 22:41:45,147 | INFO | epoch 4 train concept loss history: [1.4809999465942383, 1.1109999418258667, 1.0230000019073486, 0.890999972820282]
2026-06-24 22:41:45,147 | INFO | epoch 4 train task loss history: [0.2630000114440918, 0.20999999344348907, 0.17800000309944153, 0.18400000035762787]
2026-06-24 22:41:45,147 | INFO | epoch 4 complete
2026-06-24 22:41:45,148 | INFO | ======== starting epoch 5 ========
2026-06-24 22:41:45,148 | INFO | epoch 5 LR at start of epoch: vit = 0.000000
2026-06-24 22:41:45,148 | INFO | epoch 5 LR at start of epoch: head = 0.006545
2026-06-24 22:41:45,148 | INFO | [VALIDATION STEP]
2026-06-24 22:41:58,436 | INFO | [epoch 5 | val | batch 0 start] allocated=2977.0MB | reserved=31856.0MB | peak=30391.5MB
2026-06-24 22:43:44,663 | INFO | [epoch 5 | val | batch 10 start] allocated=2977.0MB | reserved=31856.0MB | peak=30391.5MB
2026-06-24 22:43:55,919 | INFO | epoch 5 val loss (mean of batches): 1.61
2026-06-24 22:43:55,919 | INFO | epoch 5 val loss history: [1.5429999828338623, 1.7890000343322754, 1.9249999523162842, 1.7790000438690186, 1.6100000143051147]
2026-06-24 22:43:55,919 | INFO | epoch 5 val c-index (total sample): 0.68
2026-06-24 22:43:55,919 | INFO | epoch 5 val c-index history: [0.539, 0.65, 0.762, 0.702, 0.682]
2026-06-24 22:43:55,922 | INFO | [TRAINING STEP]
2026-06-24 22:44:04,593 | INFO | [epoch 5 | train | batch 0 start] allocated=2389.0MB | reserved=31856.0MB | peak=30391.5MB
2026-06-24 22:44:06,330 | INFO |     task_logits from  -2.59375 to 1.609375
2026-06-24 22:45:02,884 | INFO | [epoch 5 | train | batch 10 start] allocated=2389.0MB | reserved=31856.0MB | peak=30391.5MB
2026-06-24 22:45:59,835 | INFO | [epoch 5 | train | batch 20 start] allocated=2389.0MB | reserved=31856.0MB | peak=30391.5MB
2026-06-24 22:46:56,887 | INFO | [epoch 5 | train | batch 30 start] allocated=2389.0MB | reserved=31856.0MB | peak=30391.5MB
2026-06-24 22:47:53,853 | INFO | [epoch 5 | train | batch 40 start] allocated=2389.0MB | reserved=31856.0MB | peak=30391.5MB
2026-06-24 22:48:28,013 | INFO | epoch 5 train total loss: 0.86
2026-06-24 22:48:28,013 | INFO | epoch 5 train concept loss: 0.71
2026-06-24 22:48:28,013 | INFO | epoch 5 train task loss: 0.15
2026-06-24 22:48:28,013 | INFO | epoch 5 train total loss history: [1.7430000305175781, 1.3200000524520874, 1.2020000219345093, 1.0750000476837158, 0.8629999756813049]
2026-06-24 22:48:28,013 | INFO | epoch 5 train concept loss history: [1.4809999465942383, 1.1109999418258667, 1.0230000019073486, 0.890999972820282, 0.7129999995231628]
2026-06-24 22:48:28,013 | INFO | epoch 5 train task loss history: [0.2630000114440918, 0.20999999344348907, 0.17800000309944153, 0.18400000035762787, 0.15000000596046448]
2026-06-24 22:48:28,014 | INFO | epoch 5 complete
2026-06-24 22:48:28,014 | INFO | ======== starting epoch 6 ========
2026-06-24 22:48:28,014 | INFO | epoch 6 LR at start of epoch: vit = 0.000000
2026-06-24 22:48:28,014 | INFO | epoch 6 LR at start of epoch: head = 0.005000
2026-06-24 22:48:28,014 | INFO | [VALIDATION STEP]
2026-06-24 22:48:41,853 | INFO | [epoch 6 | val | batch 0 start] allocated=2977.0MB | reserved=31856.0MB | peak=30391.5MB
2026-06-24 22:50:28,062 | INFO | [epoch 6 | val | batch 10 start] allocated=2977.0MB | reserved=31856.0MB | peak=30391.5MB
2026-06-24 22:50:39,345 | INFO | epoch 6 val loss (mean of batches): 1.73
2026-06-24 22:50:39,345 | INFO | epoch 6 val loss history: [1.5429999828338623, 1.7890000343322754, 1.9249999523162842, 1.7790000438690186, 1.6100000143051147, 1.7289999723434448]
2026-06-24 22:50:39,345 | INFO | epoch 6 val c-index (total sample): 0.73
2026-06-24 22:50:39,345 | INFO | epoch 6 val c-index history: [0.539, 0.65, 0.762, 0.702, 0.682, 0.734]
2026-06-24 22:50:39,348 | INFO | [TRAINING STEP]
2026-06-24 22:50:48,462 | INFO | [epoch 6 | train | batch 0 start] allocated=2389.0MB | reserved=31856.0MB | peak=30391.5MB
2026-06-24 22:50:50,195 | INFO |     task_logits from  -2.921875 to 2.390625
2026-06-24 22:51:45,429 | INFO | [epoch 6 | train | batch 10 start] allocated=2389.0MB | reserved=31856.0MB | peak=30391.5MB
2026-06-24 22:52:42,400 | INFO | [epoch 6 | train | batch 20 start] allocated=2389.0MB | reserved=31856.0MB | peak=30391.5MB
2026-06-24 22:53:39,464 | INFO | [epoch 6 | train | batch 30 start] allocated=2389.0MB | reserved=31856.0MB | peak=30391.5MB
2026-06-24 22:54:36,441 | INFO | [epoch 6 | train | batch 40 start] allocated=2389.0MB | reserved=31856.0MB | peak=30391.5MB
2026-06-24 22:55:13,679 | INFO | epoch 6 train total loss: 0.76
2026-06-24 22:55:13,679 | INFO | epoch 6 train concept loss: 0.60
2026-06-24 22:55:13,679 | INFO | epoch 6 train task loss: 0.16
2026-06-24 22:55:13,679 | INFO | epoch 6 train total loss history: [1.7430000305175781, 1.3200000524520874, 1.2020000219345093, 1.0750000476837158, 0.8629999756813049, 0.7590000033378601]
2026-06-24 22:55:13,679 | INFO | epoch 6 train concept loss history: [1.4809999465942383, 1.1109999418258667, 1.0230000019073486, 0.890999972820282, 0.7129999995231628, 0.6019999980926514]
2026-06-24 22:55:13,679 | INFO | epoch 6 train task loss history: [0.2630000114440918, 0.20999999344348907, 0.17800000309944153, 0.18400000035762787, 0.15000000596046448, 0.15800000727176666]
2026-06-24 22:55:13,680 | INFO | epoch 6 complete
2026-06-24 22:55:13,680 | INFO | ======== starting epoch 7 ========
2026-06-24 22:55:13,680 | INFO | epoch 7 LR at start of epoch: vit = 0.000000
2026-06-24 22:55:13,680 | INFO | epoch 7 LR at start of epoch: head = 0.003455
2026-06-24 22:55:13,680 | INFO | [VALIDATION STEP]
2026-06-24 22:55:27,880 | INFO | [epoch 7 | val | batch 0 start] allocated=2977.0MB | reserved=31856.0MB | peak=30391.5MB
2026-06-24 22:57:14,172 | INFO | [epoch 7 | val | batch 10 start] allocated=2977.0MB | reserved=31856.0MB | peak=30391.5MB
2026-06-24 22:57:25,453 | INFO | epoch 7 val loss (mean of batches): 1.54
2026-06-24 22:57:25,453 | INFO | epoch 7 val loss history: [1.5429999828338623, 1.7890000343322754, 1.9249999523162842, 1.7790000438690186, 1.6100000143051147, 1.7289999723434448, 1.5449999570846558]
2026-06-24 22:57:25,453 | INFO | epoch 7 val c-index (total sample): 0.72
2026-06-24 22:57:25,453 | INFO | epoch 7 val c-index history: [0.539, 0.65, 0.762, 0.702, 0.682, 0.734, 0.723]
2026-06-24 22:57:25,456 | INFO | [TRAINING STEP]
2026-06-24 22:57:34,949 | INFO | [epoch 7 | train | batch 0 start] allocated=2389.0MB | reserved=31856.0MB | peak=30391.5MB
2026-06-24 22:57:36,768 | INFO |     task_logits from  -3.203125 to 1.1875
2026-06-24 22:58:31,885 | INFO | [epoch 7 | train | batch 10 start] allocated=2389.0MB | reserved=31856.0MB | peak=30391.5MB
2026-06-24 22:59:28,819 | INFO | [epoch 7 | train | batch 20 start] allocated=2389.0MB | reserved=31856.0MB | peak=30391.5MB
2026-06-24 23:00:25,776 | INFO | [epoch 7 | train | batch 30 start] allocated=2389.0MB | reserved=31856.0MB | peak=30391.5MB
2026-06-24 23:01:22,761 | INFO | [epoch 7 | train | batch 40 start] allocated=2389.0MB | reserved=31856.0MB | peak=30391.5MB
2026-06-24 23:01:57,029 | INFO | epoch 7 train total loss: 0.63
2026-06-24 23:01:57,030 | INFO | epoch 7 train concept loss: 0.48
2026-06-24 23:01:57,030 | INFO | epoch 7 train task loss: 0.15
2026-06-24 23:01:57,030 | INFO | epoch 7 train total loss history: [1.7430000305175781, 1.3200000524520874, 1.2020000219345093, 1.0750000476837158, 0.8629999756813049, 0.7590000033378601, 0.628000020980835]
2026-06-24 23:01:57,030 | INFO | epoch 7 train concept loss history: [1.4809999465942383, 1.1109999418258667, 1.0230000019073486, 0.890999972820282, 0.7129999995231628, 0.6019999980926514, 0.4779999852180481]
2026-06-24 23:01:57,030 | INFO | epoch 7 train task loss history: [0.2630000114440918, 0.20999999344348907, 0.17800000309944153, 0.18400000035762787, 0.15000000596046448, 0.15800000727176666, 0.15000000596046448]
2026-06-24 23:01:57,030 | INFO | epoch 7 complete
2026-06-24 23:01:57,031 | INFO | ======== starting epoch 8 ========
2026-06-24 23:01:57,031 | INFO | epoch 8 LR at start of epoch: vit = 0.000000
2026-06-24 23:01:57,031 | INFO | epoch 8 LR at start of epoch: head = 0.002061
2026-06-24 23:01:57,031 | INFO | [VALIDATION STEP]
2026-06-24 23:02:11,123 | INFO | [epoch 8 | val | batch 0 start] allocated=2977.0MB | reserved=31856.0MB | peak=30391.5MB
2026-06-24 23:03:57,665 | INFO | [epoch 8 | val | batch 10 start] allocated=2977.0MB | reserved=31856.0MB | peak=30391.5MB
2026-06-24 23:04:08,953 | INFO | epoch 8 val loss (mean of batches): 1.55
2026-06-24 23:04:08,953 | INFO | epoch 8 val loss history: [1.5429999828338623, 1.7890000343322754, 1.9249999523162842, 1.7790000438690186, 1.6100000143051147, 1.7289999723434448, 1.5449999570846558, 1.5540000200271606]
2026-06-24 23:04:08,953 | INFO | epoch 8 val c-index (total sample): 0.75
2026-06-24 23:04:08,953 | INFO | epoch 8 val c-index history: [0.539, 0.65, 0.762, 0.702, 0.682, 0.734, 0.723, 0.753]
2026-06-24 23:04:08,956 | INFO | [TRAINING STEP]
2026-06-24 23:04:18,391 | INFO | [epoch 8 | train | batch 0 start] allocated=2389.0MB | reserved=31856.0MB | peak=30391.5MB
2026-06-24 23:04:20,126 | INFO |     task_logits from  -3.8125 to 0.765625
2026-06-24 23:05:16,709 | INFO | [epoch 8 | train | batch 10 start] allocated=2389.0MB | reserved=31856.0MB | peak=30391.5MB
2026-06-24 23:06:13,977 | INFO | [epoch 8 | train | batch 20 start] allocated=2389.0MB | reserved=31856.0MB | peak=30391.5MB
2026-06-24 23:07:10,972 | INFO | [epoch 8 | train | batch 30 start] allocated=2389.0MB | reserved=31856.0MB | peak=30391.5MB
2026-06-24 23:08:09,137 | INFO | [epoch 8 | train | batch 40 start] allocated=2389.0MB | reserved=31856.0MB | peak=30391.5MB
2026-06-24 23:08:43,957 | INFO | epoch 8 train total loss: 0.54
2026-06-24 23:08:43,957 | INFO | epoch 8 train concept loss: 0.41
2026-06-24 23:08:43,957 | INFO | epoch 8 train task loss: 0.13
2026-06-24 23:08:43,957 | INFO | epoch 8 train total loss history: [1.7430000305175781, 1.3200000524520874, 1.2020000219345093, 1.0750000476837158, 0.8629999756813049, 0.7590000033378601, 0.628000020980835, 0.5400000214576721]
2026-06-24 23:08:43,957 | INFO | epoch 8 train concept loss history: [1.4809999465942383, 1.1109999418258667, 1.0230000019073486, 0.890999972820282, 0.7129999995231628, 0.6019999980926514, 0.4779999852180481, 0.4129999876022339]
2026-06-24 23:08:43,957 | INFO | epoch 8 train task loss history: [0.2630000114440918, 0.20999999344348907, 0.17800000309944153, 0.18400000035762787, 0.15000000596046448, 0.15800000727176666, 0.15000000596046448, 0.12600000202655792]
2026-06-24 23:08:43,958 | INFO | epoch 8 complete
2026-06-24 23:08:43,958 | INFO | ======== starting epoch 9 ========
2026-06-24 23:08:43,958 | INFO | epoch 9 LR at start of epoch: vit = 0.000000
2026-06-24 23:08:43,958 | INFO | epoch 9 LR at start of epoch: head = 0.000955
2026-06-24 23:08:43,958 | INFO | [VALIDATION STEP]
2026-06-24 23:08:58,528 | INFO | [epoch 9 | val | batch 0 start] allocated=2977.0MB | reserved=31856.0MB | peak=30391.5MB
2026-06-24 23:10:44,940 | INFO | [epoch 9 | val | batch 10 start] allocated=2977.0MB | reserved=31856.0MB | peak=30391.5MB
2026-06-24 23:10:56,227 | INFO | epoch 9 val loss (mean of batches): 1.53
2026-06-24 23:10:56,227 | INFO | epoch 9 val loss history: [1.5429999828338623, 1.7890000343322754, 1.9249999523162842, 1.7790000438690186, 1.6100000143051147, 1.7289999723434448, 1.5449999570846558, 1.5540000200271606, 1.5329999923706055]
2026-06-24 23:10:56,227 | INFO | epoch 9 val c-index (total sample): 0.75
2026-06-24 23:10:56,227 | INFO | epoch 9 val c-index history: [0.539, 0.65, 0.762, 0.702, 0.682, 0.734, 0.723, 0.753, 0.746]
2026-06-24 23:10:56,231 | INFO | [TRAINING STEP]
2026-06-24 23:11:05,524 | INFO | [epoch 9 | train | batch 0 start] allocated=2389.0MB | reserved=31856.0MB | peak=30391.5MB
2026-06-24 23:11:07,257 | INFO |     task_logits from  -2.71875 to 3.09375
2026-06-24 23:12:02,419 | INFO | [epoch 9 | train | batch 10 start] allocated=2389.0MB | reserved=31856.0MB | peak=30391.5MB
2026-06-24 23:12:59,406 | INFO | [epoch 9 | train | batch 20 start] allocated=2389.0MB | reserved=31856.0MB | peak=30391.5MB
2026-06-24 23:13:56,421 | INFO | [epoch 9 | train | batch 30 start] allocated=2389.0MB | reserved=31856.0MB | peak=30391.5MB
2026-06-24 23:14:53,524 | INFO | [epoch 9 | train | batch 40 start] allocated=2389.0MB | reserved=31856.0MB | peak=30391.5MB
2026-06-24 23:15:27,668 | INFO | epoch 9 train total loss: 0.49
2026-06-24 23:15:27,668 | INFO | epoch 9 train concept loss: 0.38
2026-06-24 23:15:27,668 | INFO | epoch 9 train task loss: 0.11
2026-06-24 23:15:27,668 | INFO | epoch 9 train total loss history: [1.7430000305175781, 1.3200000524520874, 1.2020000219345093, 1.0750000476837158, 0.8629999756813049, 0.7590000033378601, 0.628000020980835, 0.5400000214576721, 0.4860000014305115]
2026-06-24 23:15:27,668 | INFO | epoch 9 train concept loss history: [1.4809999465942383, 1.1109999418258667, 1.0230000019073486, 0.890999972820282, 0.7129999995231628, 0.6019999980926514, 0.4779999852180481, 0.4129999876022339, 0.375]
2026-06-24 23:15:27,668 | INFO | epoch 9 train task loss history: [0.2630000114440918, 0.20999999344348907, 0.17800000309944153, 0.18400000035762787, 0.15000000596046448, 0.15800000727176666, 0.15000000596046448, 0.12600000202655792, 0.11100000143051147]
2026-06-24 23:15:27,668 | INFO | epoch 9 complete
2026-06-24 23:15:27,669 | INFO | ======== starting epoch 10 ========
2026-06-24 23:15:27,669 | INFO | epoch 10 LR at start of epoch: vit = 0.000000
2026-06-24 23:15:27,669 | INFO | epoch 10 LR at start of epoch: head = 0.000245
2026-06-24 23:15:27,669 | INFO | [VALIDATION STEP]
2026-06-24 23:15:41,991 | INFO | [epoch 10 | val | batch 0 start] allocated=2977.0MB | reserved=31856.0MB | peak=30391.5MB
2026-06-24 23:17:28,256 | INFO | [epoch 10 | val | batch 10 start] allocated=2977.0MB | reserved=31856.0MB | peak=30391.5MB
2026-06-24 23:17:39,467 | INFO | epoch 10 val loss (mean of batches): 1.47
2026-06-24 23:17:39,467 | INFO | epoch 10 val loss history: [1.5429999828338623, 1.7890000343322754, 1.9249999523162842, 1.7790000438690186, 1.6100000143051147, 1.7289999723434448, 1.5449999570846558, 1.5540000200271606, 1.5329999923706055, 1.4700000286102295]
2026-06-24 23:17:39,467 | INFO | epoch 10 val c-index (total sample): 0.77
2026-06-24 23:17:39,467 | INFO | epoch 10 val c-index history: [0.539, 0.65, 0.762, 0.702, 0.682, 0.734, 0.723, 0.753, 0.746, 0.773]
2026-06-24 23:17:39,470 | INFO | [TRAINING STEP]
2026-06-24 23:17:49,166 | INFO | [epoch 10 | train | batch 0 start] allocated=2389.0MB | reserved=31856.0MB | peak=30391.5MB
2026-06-24 23:17:50,895 | INFO |     task_logits from  -4.34375 to 3.234375
2026-06-24 23:18:45,997 | INFO | [epoch 10 | train | batch 10 start] allocated=2389.0MB | reserved=31856.0MB | peak=30391.5MB
2026-06-24 23:19:42,943 | INFO | [epoch 10 | train | batch 20 start] allocated=2389.0MB | reserved=31856.0MB | peak=30391.5MB
2026-06-24 23:20:39,843 | INFO | [epoch 10 | train | batch 30 start] allocated=2389.0MB | reserved=31856.0MB | peak=30391.5MB
2026-06-24 23:21:36,843 | INFO | [epoch 10 | train | batch 40 start] allocated=2389.0MB | reserved=31856.0MB | peak=30391.5MB
2026-06-24 23:22:10,981 | INFO | epoch 10 train total loss: 0.45
2026-06-24 23:22:10,981 | INFO | epoch 10 train concept loss: 0.34
2026-06-24 23:22:10,981 | INFO | epoch 10 train task loss: 0.10
2026-06-24 23:22:10,982 | INFO | epoch 10 train total loss history: [1.7430000305175781, 1.3200000524520874, 1.2020000219345093, 1.0750000476837158, 0.8629999756813049, 0.7590000033378601, 0.628000020980835, 0.5400000214576721, 0.4860000014305115, 0.4490000009536743]
2026-06-24 23:22:10,982 | INFO | epoch 10 train concept loss history: [1.4809999465942383, 1.1109999418258667, 1.0230000019073486, 0.890999972820282, 0.7129999995231628, 0.6019999980926514, 0.4779999852180481, 0.4129999876022339, 0.375, 0.34299999475479126]
2026-06-24 23:22:10,982 | INFO | epoch 10 train task loss history: [0.2630000114440918, 0.20999999344348907, 0.17800000309944153, 0.18400000035762787, 0.15000000596046448, 0.15800000727176666, 0.15000000596046448, 0.12600000202655792, 0.11100000143051147, 0.10499999672174454]
2026-06-24 23:22:10,982 | INFO | epoch 10 complete
2026-06-24 23:22:10,985 | INFO | training complete
2026-06-24 23:22:10,985 | INFO | predicting on the validation set
2026-06-24 23:23:12,295 | INFO |   starting batch 1 of validation
2026-06-24 23:23:17,464 | INFO |   starting batch 2 of validation
2026-06-24 23:23:22,924 | INFO |   starting batch 3 of validation
2026-06-24 23:23:28,124 | INFO |   starting batch 4 of validation
2026-06-24 23:23:33,419 | INFO |   starting batch 5 of validation
2026-06-24 23:23:38,668 | INFO |   starting batch 6 of validation
2026-06-24 23:23:44,014 | INFO |   starting batch 7 of validation
2026-06-24 23:23:49,310 | INFO |   starting batch 8 of validation
2026-06-24 23:23:54,627 | INFO |   starting batch 9 of validation
2026-06-24 23:23:59,948 | INFO |   starting batch 10 of validation
2026-06-24 23:24:05,268 | INFO |   starting batch 11 of validation
2026-06-24 23:24:10,590 | INFO |   starting batch 12 of validation
2026-06-24 23:24:13,551 | INFO | measuring performance
2026-06-24 23:24:13,551 | INFO | y_test: (185, 2)
2026-06-24 23:24:13,551 | INFO | y_probs: (185, 1)
2026-06-24 23:24:13,551 | INFO | c_test: (185, 3)
2026-06-24 23:24:13,551 | INFO | c_probs: (185, 10)
2026-06-24 23:24:13,553 | INFO | c_test_concept: (185,)
2026-06-24 23:24:13,553 | INFO | c_pred_concept: (185,)
2026-06-24 23:24:13,559 | INFO | c_test_concept: (185,)
2026-06-24 23:24:13,559 | INFO | c_pred_concept: (185,)
2026-06-24 23:24:13,563 | INFO | c_test_concept: (185,)
2026-06-24 23:24:13,563 | INFO | c_pred_concept: (185,)
2026-06-24 23:24:13,568 | INFO | results: {'task': {'c_index': 0.7625570776255708}, 'concepts': {'concept_0': {'0': {'precision': 0.3333333333333333, 'recall': 0.21621621621621623, 'f1-score': 0.26229508196721313, 'support': 37.0}, '1': {'precision': 0.5433070866141733, 'recall': 0.711340206185567, 'f1-score': 0.6160714285714286, 'support': 97.0}, '2': {'precision': 0.42424242424242425, 'recall': 0.3111111111111111, 'f1-score': 0.358974358974359, 'support': 45.0}, '3': {'precision': 0.0, 'recall': 0.0, 'f1-score': 0.0, 'support': 6.0}, 'accuracy': 0.4918918918918919, 'macro avg': {'precision': 0.32522071104748274, 'recall': 0.30966688337822357, 'f1-score': 0.3093352173782502, 'support': 185.0}, 'weighted avg': {'precision': 0.4547298909503634, 'recall': 0.4918918918918919, 'f1-score': 0.46279833923276553, 'support': 185.0}, 'auc': {'ovo': 0.6006278615385144}, 'confusion': {'true_0': {'pred_0': 8, 'pred_1': 25, 'pred_2': 4, 'pred_3': 0}, 'true_1': {'pred_0': 13, 'pred_1': 69, 'pred_2': 14, 'pred_3': 1}, 'true_2': {'pred_0': 1, 'pred_1': 30, 'pred_2': 14, 'pred_3': 0}, 'true_3': {'pred_0': 2, 'pred_1': 3, 'pred_2': 1, 'pred_3': 0}}}, 'concept_1': {'0': {'precision': 0.6162790697674418, 'recall': 0.5888888888888889, 'f1-score': 0.6022727272727273, 'support': 90.0}, '1': {'precision': 0.4126984126984127, 'recall': 0.5098039215686274, 'f1-score': 0.45614035087719296, 'support': 51.0}, '2': {'precision': 0.4444444444444444, 'recall': 0.36363636363636365, 'f1-score': 0.4, 'support': 44.0}, 'accuracy': 0.5135135135135135, 'macro avg': {'precision': 0.491140642303433, 'recall': 0.4874430580312934, 'f1-score': 0.48613769271664004, 'support': 185.0}, 'weighted avg': {'precision': 0.5192880588229425, 'recall': 0.5135135135135135, 'f1-score': 0.513879477563688, 'support': 185.0}, 'auc': {'ovo': 0.6609790717633856}, 'confusion': {'true_0': {'pred_0': 53, 'pred_1': 26, 'pred_2': 11}, 'true_1': {'pred_0': 16, 'pred_1': 26, 'pred_2': 9}, 'true_2': {'pred_0': 17, 'pred_1': 11, 'pred_2': 16}}}, 'concept_2': {'0': {'precision': 0.7763157894736842, 'recall': 0.8613138686131386, 'f1-score': 0.8166089965397924, 'support': 137.0}, '1': {'precision': 0.3548387096774194, 'recall': 0.2619047619047619, 'f1-score': 0.3013698630136986, 'support': 42.0}, '2': {'precision': 0.5, 'recall': 0.16666666666666666, 'f1-score': 0.25, 'support': 6.0}, 'accuracy': 0.7027027027027027, 'macro avg': {'precision': 0.5437181663837012, 'recall': 0.4299617657281891, 'f1-score': 0.455992953184497, 'support': 185.0}, 'weighted avg': {'precision': 0.6716675079153857, 'recall': 0.7027027027027027, 'f1-score': 0.6812592798514967, 'support': 185.0}, 'auc': {'ovo': 0.6871789672884563}, 'confusion': {'true_0': {'pred_0': 118, 'pred_1': 18, 'pred_2': 1}, 'true_1': {'pred_0': 31, 'pred_1': 11, 'pred_2': 0}, 'true_2': {'pred_0': 3, 'pred_1': 2, 'pred_2': 1}}}}}
2026-06-24 23:24:13,573 | INFO | training fold 2
2026-06-24 23:24:13,575 | INFO | train set size: 739
2026-06-24 23:24:13,575 | INFO | val set size: 185
2026-06-24 23:24:13,578 | INFO | cpu_count: 30
2026-06-24 23:24:13,578 | INFO | num_workers: 2
2026-06-24 23:24:13,684 | INFO | completed building dataloaders
2026-06-24 23:24:13,684 | INFO | training starts
2026-06-24 23:24:19,547 | INFO | model initialized
2026-06-24 23:24:19,609 | INFO | LR scheduler: <torch.optim.lr_scheduler.CosineAnnealingLR object at 0x71f660706860>
2026-06-24 23:24:19,609 | INFO | Parameters by layer:
2026-06-24 23:24:19,609 | INFO | vit_model.base_model.model.cls_token     | 1024       | [FROZEN]
2026-06-24 23:24:19,609 | INFO | vit_model.base_model.model.pos_embed     | 201728     | [FROZEN]
2026-06-24 23:24:19,609 | INFO | vit_model.base_model.model.patch_embed.proj.weight | 786432     | [FROZEN]
2026-06-24 23:24:19,609 | INFO | vit_model.base_model.model.patch_embed.proj.bias | 1024       | [FROZEN]
2026-06-24 23:24:19,609 | INFO | vit_model.base_model.model.blocks.0.norm1.weight | 1024       | [FROZEN]
2026-06-24 23:24:19,609 | INFO | vit_model.base_model.model.blocks.0.norm1.bias | 1024       | [FROZEN]
2026-06-24 23:24:19,609 | INFO | vit_model.base_model.model.blocks.0.attn.qkv.base_layer.weight | 3145728    | [FROZEN]
2026-06-24 23:24:19,609 | INFO | vit_model.base_model.model.blocks.0.attn.qkv.base_layer.bias | 3072       | [FROZEN]
2026-06-24 23:24:19,609 | INFO | vit_model.base_model.model.blocks.0.attn.qkv.lora_A.default.weight | 8192       | [TRAINABLE]
2026-06-24 23:24:19,609 | INFO | vit_model.base_model.model.blocks.0.attn.qkv.lora_B.default.weight | 24576      | [TRAINABLE]
2026-06-24 23:24:19,609 | INFO | vit_model.base_model.model.blocks.0.attn.proj.weight | 1048576    | [FROZEN]
2026-06-24 23:24:19,609 | INFO | vit_model.base_model.model.blocks.0.attn.proj.bias | 1024       | [FROZEN]
2026-06-24 23:24:19,609 | INFO | vit_model.base_model.model.blocks.0.ls1.gamma | 1024       | [FROZEN]
2026-06-24 23:24:19,609 | INFO | vit_model.base_model.model.blocks.0.norm2.weight | 1024       | [FROZEN]
2026-06-24 23:24:19,609 | INFO | vit_model.base_model.model.blocks.0.norm2.bias | 1024       | [FROZEN]
2026-06-24 23:24:19,609 | INFO | vit_model.base_model.model.blocks.0.mlp.fc1.weight | 4194304    | [FROZEN]
2026-06-24 23:24:19,609 | INFO | vit_model.base_model.model.blocks.0.mlp.fc1.bias | 4096       | [FROZEN]
2026-06-24 23:24:19,609 | INFO | vit_model.base_model.model.blocks.0.mlp.fc2.weight | 4194304    | [FROZEN]
2026-06-24 23:24:19,609 | INFO | vit_model.base_model.model.blocks.0.mlp.fc2.bias | 1024       | [FROZEN]
2026-06-24 23:24:19,609 | INFO | vit_model.base_model.model.blocks.0.ls2.gamma | 1024       | [FROZEN]
2026-06-24 23:24:19,609 | INFO | vit_model.base_model.model.blocks.1.norm1.weight | 1024       | [FROZEN]
2026-06-24 23:24:19,609 | INFO | vit_model.base_model.model.blocks.1.norm1.bias | 1024       | [FROZEN]
2026-06-24 23:24:19,609 | INFO | vit_model.base_model.model.blocks.1.attn.qkv.base_layer.weight | 3145728    | [FROZEN]
2026-06-24 23:24:19,609 | INFO | vit_model.base_model.model.blocks.1.attn.qkv.base_layer.bias | 3072       | [FROZEN]
2026-06-24 23:24:19,609 | INFO | vit_model.base_model.model.blocks.1.attn.qkv.lora_A.default.weight | 8192       | [TRAINABLE]
2026-06-24 23:24:19,609 | INFO | vit_model.base_model.model.blocks.1.attn.qkv.lora_B.default.weight | 24576      | [TRAINABLE]
2026-06-24 23:24:19,609 | INFO | vit_model.base_model.model.blocks.1.attn.proj.weight | 1048576    | [FROZEN]
2026-06-24 23:24:19,609 | INFO | vit_model.base_model.model.blocks.1.attn.proj.bias | 1024       | [FROZEN]
2026-06-24 23:24:19,609 | INFO | vit_model.base_model.model.blocks.1.ls1.gamma | 1024       | [FROZEN]
2026-06-24 23:24:19,609 | INFO | vit_model.base_model.model.blocks.1.norm2.weight | 1024       | [FROZEN]
2026-06-24 23:24:19,609 | INFO | vit_model.base_model.model.blocks.1.norm2.bias | 1024       | [FROZEN]
2026-06-24 23:24:19,609 | INFO | vit_model.base_model.model.blocks.1.mlp.fc1.weight | 4194304    | [FROZEN]
2026-06-24 23:24:19,609 | INFO | vit_model.base_model.model.blocks.1.mlp.fc1.bias | 4096       | [FROZEN]
2026-06-24 23:24:19,609 | INFO | vit_model.base_model.model.blocks.1.mlp.fc2.weight | 4194304    | [FROZEN]
2026-06-24 23:24:19,609 | INFO | vit_model.base_model.model.blocks.1.mlp.fc2.bias | 1024       | [FROZEN]
2026-06-24 23:24:19,609 | INFO | vit_model.base_model.model.blocks.1.ls2.gamma | 1024       | [FROZEN]
2026-06-24 23:24:19,610 | INFO | vit_model.base_model.model.blocks.2.norm1.weight | 1024       | [FROZEN]
2026-06-24 23:24:19,610 | INFO | vit_model.base_model.model.blocks.2.norm1.bias | 1024       | [FROZEN]
2026-06-24 23:24:19,610 | INFO | vit_model.base_model.model.blocks.2.attn.qkv.base_layer.weight | 3145728    | [FROZEN]
2026-06-24 23:24:19,610 | INFO | vit_model.base_model.model.blocks.2.attn.qkv.base_layer.bias | 3072       | [FROZEN]
2026-06-24 23:24:19,610 | INFO | vit_model.base_model.model.blocks.2.attn.qkv.lora_A.default.weight | 8192       | [TRAINABLE]
2026-06-24 23:24:19,610 | INFO | vit_model.base_model.model.blocks.2.attn.qkv.lora_B.default.weight | 24576      | [TRAINABLE]
2026-06-24 23:24:19,610 | INFO | vit_model.base_model.model.blocks.2.attn.proj.weight | 1048576    | [FROZEN]
2026-06-24 23:24:19,610 | INFO | vit_model.base_model.model.blocks.2.attn.proj.bias | 1024       | [FROZEN]
2026-06-24 23:24:19,610 | INFO | vit_model.base_model.model.blocks.2.ls1.gamma | 1024       | [FROZEN]
2026-06-24 23:24:19,610 | INFO | vit_model.base_model.model.blocks.2.norm2.weight | 1024       | [FROZEN]
2026-06-24 23:24:19,610 | INFO | vit_model.base_model.model.blocks.2.norm2.bias | 1024       | [FROZEN]
2026-06-24 23:24:19,610 | INFO | vit_model.base_model.model.blocks.2.mlp.fc1.weight | 4194304    | [FROZEN]
2026-06-24 23:24:19,610 | INFO | vit_model.base_model.model.blocks.2.mlp.fc1.bias | 4096       | [FROZEN]
2026-06-24 23:24:19,610 | INFO | vit_model.base_model.model.blocks.2.mlp.fc2.weight | 4194304    | [FROZEN]
2026-06-24 23:24:19,610 | INFO | vit_model.base_model.model.blocks.2.mlp.fc2.bias | 1024       | [FROZEN]
2026-06-24 23:24:19,610 | INFO | vit_model.base_model.model.blocks.2.ls2.gamma | 1024       | [FROZEN]
2026-06-24 23:24:19,610 | INFO | vit_model.base_model.model.blocks.3.norm1.weight | 1024       | [FROZEN]
2026-06-24 23:24:19,610 | INFO | vit_model.base_model.model.blocks.3.norm1.bias | 1024       | [FROZEN]
2026-06-24 23:24:19,610 | INFO | vit_model.base_model.model.blocks.3.attn.qkv.base_layer.weight | 3145728    | [FROZEN]
2026-06-24 23:24:19,610 | INFO | vit_model.base_model.model.blocks.3.attn.qkv.base_layer.bias | 3072       | [FROZEN]
2026-06-24 23:24:19,610 | INFO | vit_model.base_model.model.blocks.3.attn.qkv.lora_A.default.weight | 8192       | [TRAINABLE]
2026-06-24 23:24:19,610 | INFO | vit_model.base_model.model.blocks.3.attn.qkv.lora_B.default.weight | 24576      | [TRAINABLE]
2026-06-24 23:24:19,610 | INFO | vit_model.base_model.model.blocks.3.attn.proj.weight | 1048576    | [FROZEN]
2026-06-24 23:24:19,610 | INFO | vit_model.base_model.model.blocks.3.attn.proj.bias | 1024       | [FROZEN]
2026-06-24 23:24:19,610 | INFO | vit_model.base_model.model.blocks.3.ls1.gamma | 1024       | [FROZEN]
2026-06-24 23:24:19,610 | INFO | vit_model.base_model.model.blocks.3.norm2.weight | 1024       | [FROZEN]
2026-06-24 23:24:19,610 | INFO | vit_model.base_model.model.blocks.3.norm2.bias | 1024       | [FROZEN]
2026-06-24 23:24:19,610 | INFO | vit_model.base_model.model.blocks.3.mlp.fc1.weight | 4194304    | [FROZEN]
2026-06-24 23:24:19,610 | INFO | vit_model.base_model.model.blocks.3.mlp.fc1.bias | 4096       | [FROZEN]
2026-06-24 23:24:19,610 | INFO | vit_model.base_model.model.blocks.3.mlp.fc2.weight | 4194304    | [FROZEN]
2026-06-24 23:24:19,610 | INFO | vit_model.base_model.model.blocks.3.mlp.fc2.bias | 1024       | [FROZEN]
2026-06-24 23:24:19,610 | INFO | vit_model.base_model.model.blocks.3.ls2.gamma | 1024       | [FROZEN]
2026-06-24 23:24:19,610 | INFO | vit_model.base_model.model.blocks.4.norm1.weight | 1024       | [FROZEN]
2026-06-24 23:24:19,610 | INFO | vit_model.base_model.model.blocks.4.norm1.bias | 1024       | [FROZEN]
2026-06-24 23:24:19,610 | INFO | vit_model.base_model.model.blocks.4.attn.qkv.base_layer.weight | 3145728    | [FROZEN]
2026-06-24 23:24:19,610 | INFO | vit_model.base_model.model.blocks.4.attn.qkv.base_layer.bias | 3072       | [FROZEN]
2026-06-24 23:24:19,610 | INFO | vit_model.base_model.model.blocks.4.attn.qkv.lora_A.default.weight | 8192       | [TRAINABLE]
2026-06-24 23:24:19,610 | INFO | vit_model.base_model.model.blocks.4.attn.qkv.lora_B.default.weight | 24576      | [TRAINABLE]
2026-06-24 23:24:19,610 | INFO | vit_model.base_model.model.blocks.4.attn.proj.weight | 1048576    | [FROZEN]
2026-06-24 23:24:19,610 | INFO | vit_model.base_model.model.blocks.4.attn.proj.bias | 1024       | [FROZEN]
2026-06-24 23:24:19,610 | INFO | vit_model.base_model.model.blocks.4.ls1.gamma | 1024       | [FROZEN]
2026-06-24 23:24:19,610 | INFO | vit_model.base_model.model.blocks.4.norm2.weight | 1024       | [FROZEN]
2026-06-24 23:24:19,610 | INFO | vit_model.base_model.model.blocks.4.norm2.bias | 1024       | [FROZEN]
2026-06-24 23:24:19,610 | INFO | vit_model.base_model.model.blocks.4.mlp.fc1.weight | 4194304    | [FROZEN]
2026-06-24 23:24:19,610 | INFO | vit_model.base_model.model.blocks.4.mlp.fc1.bias | 4096       | [FROZEN]
2026-06-24 23:24:19,610 | INFO | vit_model.base_model.model.blocks.4.mlp.fc2.weight | 4194304    | [FROZEN]
2026-06-24 23:24:19,610 | INFO | vit_model.base_model.model.blocks.4.mlp.fc2.bias | 1024       | [FROZEN]
2026-06-24 23:24:19,610 | INFO | vit_model.base_model.model.blocks.4.ls2.gamma | 1024       | [FROZEN]
2026-06-24 23:24:19,610 | INFO | vit_model.base_model.model.blocks.5.norm1.weight | 1024       | [FROZEN]
2026-06-24 23:24:19,610 | INFO | vit_model.base_model.model.blocks.5.norm1.bias | 1024       | [FROZEN]
2026-06-24 23:24:19,610 | INFO | vit_model.base_model.model.blocks.5.attn.qkv.base_layer.weight | 3145728    | [FROZEN]
2026-06-24 23:24:19,610 | INFO | vit_model.base_model.model.blocks.5.attn.qkv.base_layer.bias | 3072       | [FROZEN]
2026-06-24 23:24:19,610 | INFO | vit_model.base_model.model.blocks.5.attn.qkv.lora_A.default.weight | 8192       | [TRAINABLE]
2026-06-24 23:24:19,610 | INFO | vit_model.base_model.model.blocks.5.attn.qkv.lora_B.default.weight | 24576      | [TRAINABLE]
2026-06-24 23:24:19,610 | INFO | vit_model.base_model.model.blocks.5.attn.proj.weight | 1048576    | [FROZEN]
2026-06-24 23:24:19,610 | INFO | vit_model.base_model.model.blocks.5.attn.proj.bias | 1024       | [FROZEN]
2026-06-24 23:24:19,610 | INFO | vit_model.base_model.model.blocks.5.ls1.gamma | 1024       | [FROZEN]
2026-06-24 23:24:19,610 | INFO | vit_model.base_model.model.blocks.5.norm2.weight | 1024       | [FROZEN]
2026-06-24 23:24:19,610 | INFO | vit_model.base_model.model.blocks.5.norm2.bias | 1024       | [FROZEN]
2026-06-24 23:24:19,610 | INFO | vit_model.base_model.model.blocks.5.mlp.fc1.weight | 4194304    | [FROZEN]
2026-06-24 23:24:19,610 | INFO | vit_model.base_model.model.blocks.5.mlp.fc1.bias | 4096       | [FROZEN]
2026-06-24 23:24:19,610 | INFO | vit_model.base_model.model.blocks.5.mlp.fc2.weight | 4194304    | [FROZEN]
2026-06-24 23:24:19,610 | INFO | vit_model.base_model.model.blocks.5.mlp.fc2.bias | 1024       | [FROZEN]
2026-06-24 23:24:19,610 | INFO | vit_model.base_model.model.blocks.5.ls2.gamma | 1024       | [FROZEN]
2026-06-24 23:24:19,610 | INFO | vit_model.base_model.model.blocks.6.norm1.weight | 1024       | [FROZEN]
2026-06-24 23:24:19,610 | INFO | vit_model.base_model.model.blocks.6.norm1.bias | 1024       | [FROZEN]
2026-06-24 23:24:19,610 | INFO | vit_model.base_model.model.blocks.6.attn.qkv.base_layer.weight | 3145728    | [FROZEN]
2026-06-24 23:24:19,610 | INFO | vit_model.base_model.model.blocks.6.attn.qkv.base_layer.bias | 3072       | [FROZEN]
2026-06-24 23:24:19,611 | INFO | vit_model.base_model.model.blocks.6.attn.qkv.lora_A.default.weight | 8192       | [TRAINABLE]
2026-06-24 23:24:19,611 | INFO | vit_model.base_model.model.blocks.6.attn.qkv.lora_B.default.weight | 24576      | [TRAINABLE]
2026-06-24 23:24:19,611 | INFO | vit_model.base_model.model.blocks.6.attn.proj.weight | 1048576    | [FROZEN]
2026-06-24 23:24:19,611 | INFO | vit_model.base_model.model.blocks.6.attn.proj.bias | 1024       | [FROZEN]
2026-06-24 23:24:19,611 | INFO | vit_model.base_model.model.blocks.6.ls1.gamma | 1024       | [FROZEN]
2026-06-24 23:24:19,611 | INFO | vit_model.base_model.model.blocks.6.norm2.weight | 1024       | [FROZEN]
2026-06-24 23:24:19,611 | INFO | vit_model.base_model.model.blocks.6.norm2.bias | 1024       | [FROZEN]
2026-06-24 23:24:19,611 | INFO | vit_model.base_model.model.blocks.6.mlp.fc1.weight | 4194304    | [FROZEN]
2026-06-24 23:24:19,611 | INFO | vit_model.base_model.model.blocks.6.mlp.fc1.bias | 4096       | [FROZEN]
2026-06-24 23:24:19,611 | INFO | vit_model.base_model.model.blocks.6.mlp.fc2.weight | 4194304    | [FROZEN]
2026-06-24 23:24:19,611 | INFO | vit_model.base_model.model.blocks.6.mlp.fc2.bias | 1024       | [FROZEN]
2026-06-24 23:24:19,611 | INFO | vit_model.base_model.model.blocks.6.ls2.gamma | 1024       | [FROZEN]
2026-06-24 23:24:19,611 | INFO | vit_model.base_model.model.blocks.7.norm1.weight | 1024       | [FROZEN]
2026-06-24 23:24:19,611 | INFO | vit_model.base_model.model.blocks.7.norm1.bias | 1024       | [FROZEN]
2026-06-24 23:24:19,611 | INFO | vit_model.base_model.model.blocks.7.attn.qkv.base_layer.weight | 3145728    | [FROZEN]
2026-06-24 23:24:19,611 | INFO | vit_model.base_model.model.blocks.7.attn.qkv.base_layer.bias | 3072       | [FROZEN]
2026-06-24 23:24:19,611 | INFO | vit_model.base_model.model.blocks.7.attn.qkv.lora_A.default.weight | 8192       | [TRAINABLE]
2026-06-24 23:24:19,611 | INFO | vit_model.base_model.model.blocks.7.attn.qkv.lora_B.default.weight | 24576      | [TRAINABLE]
2026-06-24 23:24:19,611 | INFO | vit_model.base_model.model.blocks.7.attn.proj.weight | 1048576    | [FROZEN]
2026-06-24 23:24:19,611 | INFO | vit_model.base_model.model.blocks.7.attn.proj.bias | 1024       | [FROZEN]
2026-06-24 23:24:19,611 | INFO | vit_model.base_model.model.blocks.7.ls1.gamma | 1024       | [FROZEN]
2026-06-24 23:24:19,611 | INFO | vit_model.base_model.model.blocks.7.norm2.weight | 1024       | [FROZEN]
2026-06-24 23:24:19,611 | INFO | vit_model.base_model.model.blocks.7.norm2.bias | 1024       | [FROZEN]
2026-06-24 23:24:19,611 | INFO | vit_model.base_model.model.blocks.7.mlp.fc1.weight | 4194304    | [FROZEN]
2026-06-24 23:24:19,611 | INFO | vit_model.base_model.model.blocks.7.mlp.fc1.bias | 4096       | [FROZEN]
2026-06-24 23:24:19,611 | INFO | vit_model.base_model.model.blocks.7.mlp.fc2.weight | 4194304    | [FROZEN]
2026-06-24 23:24:19,611 | INFO | vit_model.base_model.model.blocks.7.mlp.fc2.bias | 1024       | [FROZEN]
2026-06-24 23:24:19,611 | INFO | vit_model.base_model.model.blocks.7.ls2.gamma | 1024       | [FROZEN]
2026-06-24 23:24:19,611 | INFO | vit_model.base_model.model.blocks.8.norm1.weight | 1024       | [FROZEN]
2026-06-24 23:24:19,611 | INFO | vit_model.base_model.model.blocks.8.norm1.bias | 1024       | [FROZEN]
2026-06-24 23:24:19,611 | INFO | vit_model.base_model.model.blocks.8.attn.qkv.base_layer.weight | 3145728    | [FROZEN]
2026-06-24 23:24:19,611 | INFO | vit_model.base_model.model.blocks.8.attn.qkv.base_layer.bias | 3072       | [FROZEN]
2026-06-24 23:24:19,611 | INFO | vit_model.base_model.model.blocks.8.attn.qkv.lora_A.default.weight | 8192       | [TRAINABLE]
2026-06-24 23:24:19,611 | INFO | vit_model.base_model.model.blocks.8.attn.qkv.lora_B.default.weight | 24576      | [TRAINABLE]
2026-06-24 23:24:19,611 | INFO | vit_model.base_model.model.blocks.8.attn.proj.weight | 1048576    | [FROZEN]
2026-06-24 23:24:19,611 | INFO | vit_model.base_model.model.blocks.8.attn.proj.bias | 1024       | [FROZEN]
2026-06-24 23:24:19,611 | INFO | vit_model.base_model.model.blocks.8.ls1.gamma | 1024       | [FROZEN]
2026-06-24 23:24:19,611 | INFO | vit_model.base_model.model.blocks.8.norm2.weight | 1024       | [FROZEN]
2026-06-24 23:24:19,611 | INFO | vit_model.base_model.model.blocks.8.norm2.bias | 1024       | [FROZEN]
2026-06-24 23:24:19,611 | INFO | vit_model.base_model.model.blocks.8.mlp.fc1.weight | 4194304    | [FROZEN]
2026-06-24 23:24:19,611 | INFO | vit_model.base_model.model.blocks.8.mlp.fc1.bias | 4096       | [FROZEN]
2026-06-24 23:24:19,611 | INFO | vit_model.base_model.model.blocks.8.mlp.fc2.weight | 4194304    | [FROZEN]
2026-06-24 23:24:19,611 | INFO | vit_model.base_model.model.blocks.8.mlp.fc2.bias | 1024       | [FROZEN]
2026-06-24 23:24:19,611 | INFO | vit_model.base_model.model.blocks.8.ls2.gamma | 1024       | [FROZEN]
2026-06-24 23:24:19,611 | INFO | vit_model.base_model.model.blocks.9.norm1.weight | 1024       | [FROZEN]
2026-06-24 23:24:19,611 | INFO | vit_model.base_model.model.blocks.9.norm1.bias | 1024       | [FROZEN]
2026-06-24 23:24:19,611 | INFO | vit_model.base_model.model.blocks.9.attn.qkv.base_layer.weight | 3145728    | [FROZEN]
2026-06-24 23:24:19,611 | INFO | vit_model.base_model.model.blocks.9.attn.qkv.base_layer.bias | 3072       | [FROZEN]
2026-06-24 23:24:19,611 | INFO | vit_model.base_model.model.blocks.9.attn.qkv.lora_A.default.weight | 8192       | [TRAINABLE]
2026-06-24 23:24:19,611 | INFO | vit_model.base_model.model.blocks.9.attn.qkv.lora_B.default.weight | 24576      | [TRAINABLE]
2026-06-24 23:24:19,611 | INFO | vit_model.base_model.model.blocks.9.attn.proj.weight | 1048576    | [FROZEN]
2026-06-24 23:24:19,611 | INFO | vit_model.base_model.model.blocks.9.attn.proj.bias | 1024       | [FROZEN]
2026-06-24 23:24:19,611 | INFO | vit_model.base_model.model.blocks.9.ls1.gamma | 1024       | [FROZEN]
2026-06-24 23:24:19,611 | INFO | vit_model.base_model.model.blocks.9.norm2.weight | 1024       | [FROZEN]
2026-06-24 23:24:19,611 | INFO | vit_model.base_model.model.blocks.9.norm2.bias | 1024       | [FROZEN]
2026-06-24 23:24:19,611 | INFO | vit_model.base_model.model.blocks.9.mlp.fc1.weight | 4194304    | [FROZEN]
2026-06-24 23:24:19,611 | INFO | vit_model.base_model.model.blocks.9.mlp.fc1.bias | 4096       | [FROZEN]
2026-06-24 23:24:19,611 | INFO | vit_model.base_model.model.blocks.9.mlp.fc2.weight | 4194304    | [FROZEN]
2026-06-24 23:24:19,611 | INFO | vit_model.base_model.model.blocks.9.mlp.fc2.bias | 1024       | [FROZEN]
2026-06-24 23:24:19,611 | INFO | vit_model.base_model.model.blocks.9.ls2.gamma | 1024       | [FROZEN]
2026-06-24 23:24:19,611 | INFO | vit_model.base_model.model.blocks.10.norm1.weight | 1024       | [FROZEN]
2026-06-24 23:24:19,611 | INFO | vit_model.base_model.model.blocks.10.norm1.bias | 1024       | [FROZEN]
2026-06-24 23:24:19,611 | INFO | vit_model.base_model.model.blocks.10.attn.qkv.base_layer.weight | 3145728    | [FROZEN]
2026-06-24 23:24:19,611 | INFO | vit_model.base_model.model.blocks.10.attn.qkv.base_layer.bias | 3072       | [FROZEN]
2026-06-24 23:24:19,611 | INFO | vit_model.base_model.model.blocks.10.attn.qkv.lora_A.default.weight | 8192       | [TRAINABLE]
2026-06-24 23:24:19,611 | INFO | vit_model.base_model.model.blocks.10.attn.qkv.lora_B.default.weight | 24576      | [TRAINABLE]
2026-06-24 23:24:19,612 | INFO | vit_model.base_model.model.blocks.10.attn.proj.weight | 1048576    | [FROZEN]
2026-06-24 23:24:19,612 | INFO | vit_model.base_model.model.blocks.10.attn.proj.bias | 1024       | [FROZEN]
2026-06-24 23:24:19,612 | INFO | vit_model.base_model.model.blocks.10.ls1.gamma | 1024       | [FROZEN]
2026-06-24 23:24:19,612 | INFO | vit_model.base_model.model.blocks.10.norm2.weight | 1024       | [FROZEN]
2026-06-24 23:24:19,612 | INFO | vit_model.base_model.model.blocks.10.norm2.bias | 1024       | [FROZEN]
2026-06-24 23:24:19,612 | INFO | vit_model.base_model.model.blocks.10.mlp.fc1.weight | 4194304    | [FROZEN]
2026-06-24 23:24:19,612 | INFO | vit_model.base_model.model.blocks.10.mlp.fc1.bias | 4096       | [FROZEN]
2026-06-24 23:24:19,612 | INFO | vit_model.base_model.model.blocks.10.mlp.fc2.weight | 4194304    | [FROZEN]
2026-06-24 23:24:19,612 | INFO | vit_model.base_model.model.blocks.10.mlp.fc2.bias | 1024       | [FROZEN]
2026-06-24 23:24:19,612 | INFO | vit_model.base_model.model.blocks.10.ls2.gamma | 1024       | [FROZEN]
2026-06-24 23:24:19,612 | INFO | vit_model.base_model.model.blocks.11.norm1.weight | 1024       | [FROZEN]
2026-06-24 23:24:19,612 | INFO | vit_model.base_model.model.blocks.11.norm1.bias | 1024       | [FROZEN]
2026-06-24 23:24:19,612 | INFO | vit_model.base_model.model.blocks.11.attn.qkv.base_layer.weight | 3145728    | [FROZEN]
2026-06-24 23:24:19,612 | INFO | vit_model.base_model.model.blocks.11.attn.qkv.base_layer.bias | 3072       | [FROZEN]
2026-06-24 23:24:19,612 | INFO | vit_model.base_model.model.blocks.11.attn.qkv.lora_A.default.weight | 8192       | [TRAINABLE]
2026-06-24 23:24:19,612 | INFO | vit_model.base_model.model.blocks.11.attn.qkv.lora_B.default.weight | 24576      | [TRAINABLE]
2026-06-24 23:24:19,612 | INFO | vit_model.base_model.model.blocks.11.attn.proj.weight | 1048576    | [FROZEN]
2026-06-24 23:24:19,612 | INFO | vit_model.base_model.model.blocks.11.attn.proj.bias | 1024       | [FROZEN]
2026-06-24 23:24:19,612 | INFO | vit_model.base_model.model.blocks.11.ls1.gamma | 1024       | [FROZEN]
2026-06-24 23:24:19,612 | INFO | vit_model.base_model.model.blocks.11.norm2.weight | 1024       | [FROZEN]
2026-06-24 23:24:19,612 | INFO | vit_model.base_model.model.blocks.11.norm2.bias | 1024       | [FROZEN]
2026-06-24 23:24:19,612 | INFO | vit_model.base_model.model.blocks.11.mlp.fc1.weight | 4194304    | [FROZEN]
2026-06-24 23:24:19,612 | INFO | vit_model.base_model.model.blocks.11.mlp.fc1.bias | 4096       | [FROZEN]
2026-06-24 23:24:19,612 | INFO | vit_model.base_model.model.blocks.11.mlp.fc2.weight | 4194304    | [FROZEN]
2026-06-24 23:24:19,612 | INFO | vit_model.base_model.model.blocks.11.mlp.fc2.bias | 1024       | [FROZEN]
2026-06-24 23:24:19,612 | INFO | vit_model.base_model.model.blocks.11.ls2.gamma | 1024       | [FROZEN]
2026-06-24 23:24:19,612 | INFO | vit_model.base_model.model.blocks.12.norm1.weight | 1024       | [FROZEN]
2026-06-24 23:24:19,612 | INFO | vit_model.base_model.model.blocks.12.norm1.bias | 1024       | [FROZEN]
2026-06-24 23:24:19,612 | INFO | vit_model.base_model.model.blocks.12.attn.qkv.base_layer.weight | 3145728    | [FROZEN]
2026-06-24 23:24:19,612 | INFO | vit_model.base_model.model.blocks.12.attn.qkv.base_layer.bias | 3072       | [FROZEN]
2026-06-24 23:24:19,612 | INFO | vit_model.base_model.model.blocks.12.attn.qkv.lora_A.default.weight | 8192       | [TRAINABLE]
2026-06-24 23:24:19,612 | INFO | vit_model.base_model.model.blocks.12.attn.qkv.lora_B.default.weight | 24576      | [TRAINABLE]
2026-06-24 23:24:19,612 | INFO | vit_model.base_model.model.blocks.12.attn.proj.weight | 1048576    | [FROZEN]
2026-06-24 23:24:19,612 | INFO | vit_model.base_model.model.blocks.12.attn.proj.bias | 1024       | [FROZEN]
2026-06-24 23:24:19,612 | INFO | vit_model.base_model.model.blocks.12.ls1.gamma | 1024       | [FROZEN]
2026-06-24 23:24:19,612 | INFO | vit_model.base_model.model.blocks.12.norm2.weight | 1024       | [FROZEN]
2026-06-24 23:24:19,612 | INFO | vit_model.base_model.model.blocks.12.norm2.bias | 1024       | [FROZEN]
2026-06-24 23:24:19,612 | INFO | vit_model.base_model.model.blocks.12.mlp.fc1.weight | 4194304    | [FROZEN]
2026-06-24 23:24:19,612 | INFO | vit_model.base_model.model.blocks.12.mlp.fc1.bias | 4096       | [FROZEN]
2026-06-24 23:24:19,612 | INFO | vit_model.base_model.model.blocks.12.mlp.fc2.weight | 4194304    | [FROZEN]
2026-06-24 23:24:19,612 | INFO | vit_model.base_model.model.blocks.12.mlp.fc2.bias | 1024       | [FROZEN]
2026-06-24 23:24:19,612 | INFO | vit_model.base_model.model.blocks.12.ls2.gamma | 1024       | [FROZEN]
2026-06-24 23:24:19,612 | INFO | vit_model.base_model.model.blocks.13.norm1.weight | 1024       | [FROZEN]
2026-06-24 23:24:19,612 | INFO | vit_model.base_model.model.blocks.13.norm1.bias | 1024       | [FROZEN]
2026-06-24 23:24:19,612 | INFO | vit_model.base_model.model.blocks.13.attn.qkv.base_layer.weight | 3145728    | [FROZEN]
2026-06-24 23:24:19,612 | INFO | vit_model.base_model.model.blocks.13.attn.qkv.base_layer.bias | 3072       | [FROZEN]
2026-06-24 23:24:19,612 | INFO | vit_model.base_model.model.blocks.13.attn.qkv.lora_A.default.weight | 8192       | [TRAINABLE]
2026-06-24 23:24:19,612 | INFO | vit_model.base_model.model.blocks.13.attn.qkv.lora_B.default.weight | 24576      | [TRAINABLE]
2026-06-24 23:24:19,612 | INFO | vit_model.base_model.model.blocks.13.attn.proj.weight | 1048576    | [FROZEN]
2026-06-24 23:24:19,612 | INFO | vit_model.base_model.model.blocks.13.attn.proj.bias | 1024       | [FROZEN]
2026-06-24 23:24:19,612 | INFO | vit_model.base_model.model.blocks.13.ls1.gamma | 1024       | [FROZEN]
2026-06-24 23:24:19,612 | INFO | vit_model.base_model.model.blocks.13.norm2.weight | 1024       | [FROZEN]
2026-06-24 23:24:19,612 | INFO | vit_model.base_model.model.blocks.13.norm2.bias | 1024       | [FROZEN]
2026-06-24 23:24:19,612 | INFO | vit_model.base_model.model.blocks.13.mlp.fc1.weight | 4194304    | [FROZEN]
2026-06-24 23:24:19,612 | INFO | vit_model.base_model.model.blocks.13.mlp.fc1.bias | 4096       | [FROZEN]
2026-06-24 23:24:19,612 | INFO | vit_model.base_model.model.blocks.13.mlp.fc2.weight | 4194304    | [FROZEN]
2026-06-24 23:24:19,612 | INFO | vit_model.base_model.model.blocks.13.mlp.fc2.bias | 1024       | [FROZEN]
2026-06-24 23:24:19,612 | INFO | vit_model.base_model.model.blocks.13.ls2.gamma | 1024       | [FROZEN]
2026-06-24 23:24:19,612 | INFO | vit_model.base_model.model.blocks.14.norm1.weight | 1024       | [FROZEN]
2026-06-24 23:24:19,612 | INFO | vit_model.base_model.model.blocks.14.norm1.bias | 1024       | [FROZEN]
2026-06-24 23:24:19,612 | INFO | vit_model.base_model.model.blocks.14.attn.qkv.base_layer.weight | 3145728    | [FROZEN]
2026-06-24 23:24:19,612 | INFO | vit_model.base_model.model.blocks.14.attn.qkv.base_layer.bias | 3072       | [FROZEN]
2026-06-24 23:24:19,612 | INFO | vit_model.base_model.model.blocks.14.attn.qkv.lora_A.default.weight | 8192       | [TRAINABLE]
2026-06-24 23:24:19,612 | INFO | vit_model.base_model.model.blocks.14.attn.qkv.lora_B.default.weight | 24576      | [TRAINABLE]
2026-06-24 23:24:19,612 | INFO | vit_model.base_model.model.blocks.14.attn.proj.weight | 1048576    | [FROZEN]
2026-06-24 23:24:19,612 | INFO | vit_model.base_model.model.blocks.14.attn.proj.bias | 1024       | [FROZEN]
2026-06-24 23:24:19,612 | INFO | vit_model.base_model.model.blocks.14.ls1.gamma | 1024       | [FROZEN]
2026-06-24 23:24:19,613 | INFO | vit_model.base_model.model.blocks.14.norm2.weight | 1024       | [FROZEN]
2026-06-24 23:24:19,613 | INFO | vit_model.base_model.model.blocks.14.norm2.bias | 1024       | [FROZEN]
2026-06-24 23:24:19,613 | INFO | vit_model.base_model.model.blocks.14.mlp.fc1.weight | 4194304    | [FROZEN]
2026-06-24 23:24:19,613 | INFO | vit_model.base_model.model.blocks.14.mlp.fc1.bias | 4096       | [FROZEN]
2026-06-24 23:24:19,613 | INFO | vit_model.base_model.model.blocks.14.mlp.fc2.weight | 4194304    | [FROZEN]
2026-06-24 23:24:19,613 | INFO | vit_model.base_model.model.blocks.14.mlp.fc2.bias | 1024       | [FROZEN]
2026-06-24 23:24:19,613 | INFO | vit_model.base_model.model.blocks.14.ls2.gamma | 1024       | [FROZEN]
2026-06-24 23:24:19,613 | INFO | vit_model.base_model.model.blocks.15.norm1.weight | 1024       | [FROZEN]
2026-06-24 23:24:19,613 | INFO | vit_model.base_model.model.blocks.15.norm1.bias | 1024       | [FROZEN]
2026-06-24 23:24:19,613 | INFO | vit_model.base_model.model.blocks.15.attn.qkv.base_layer.weight | 3145728    | [FROZEN]
2026-06-24 23:24:19,613 | INFO | vit_model.base_model.model.blocks.15.attn.qkv.base_layer.bias | 3072       | [FROZEN]
2026-06-24 23:24:19,613 | INFO | vit_model.base_model.model.blocks.15.attn.qkv.lora_A.default.weight | 8192       | [TRAINABLE]
2026-06-24 23:24:19,613 | INFO | vit_model.base_model.model.blocks.15.attn.qkv.lora_B.default.weight | 24576      | [TRAINABLE]
2026-06-24 23:24:19,613 | INFO | vit_model.base_model.model.blocks.15.attn.proj.weight | 1048576    | [FROZEN]
2026-06-24 23:24:19,613 | INFO | vit_model.base_model.model.blocks.15.attn.proj.bias | 1024       | [FROZEN]
2026-06-24 23:24:19,613 | INFO | vit_model.base_model.model.blocks.15.ls1.gamma | 1024       | [FROZEN]
2026-06-24 23:24:19,613 | INFO | vit_model.base_model.model.blocks.15.norm2.weight | 1024       | [FROZEN]
2026-06-24 23:24:19,613 | INFO | vit_model.base_model.model.blocks.15.norm2.bias | 1024       | [FROZEN]
2026-06-24 23:24:19,613 | INFO | vit_model.base_model.model.blocks.15.mlp.fc1.weight | 4194304    | [FROZEN]
2026-06-24 23:24:19,613 | INFO | vit_model.base_model.model.blocks.15.mlp.fc1.bias | 4096       | [FROZEN]
2026-06-24 23:24:19,613 | INFO | vit_model.base_model.model.blocks.15.mlp.fc2.weight | 4194304    | [FROZEN]
2026-06-24 23:24:19,613 | INFO | vit_model.base_model.model.blocks.15.mlp.fc2.bias | 1024       | [FROZEN]
2026-06-24 23:24:19,613 | INFO | vit_model.base_model.model.blocks.15.ls2.gamma | 1024       | [FROZEN]
2026-06-24 23:24:19,613 | INFO | vit_model.base_model.model.blocks.16.norm1.weight | 1024       | [FROZEN]
2026-06-24 23:24:19,613 | INFO | vit_model.base_model.model.blocks.16.norm1.bias | 1024       | [FROZEN]
2026-06-24 23:24:19,613 | INFO | vit_model.base_model.model.blocks.16.attn.qkv.base_layer.weight | 3145728    | [FROZEN]
2026-06-24 23:24:19,613 | INFO | vit_model.base_model.model.blocks.16.attn.qkv.base_layer.bias | 3072       | [FROZEN]
2026-06-24 23:24:19,613 | INFO | vit_model.base_model.model.blocks.16.attn.qkv.lora_A.default.weight | 8192       | [TRAINABLE]
2026-06-24 23:24:19,613 | INFO | vit_model.base_model.model.blocks.16.attn.qkv.lora_B.default.weight | 24576      | [TRAINABLE]
2026-06-24 23:24:19,613 | INFO | vit_model.base_model.model.blocks.16.attn.proj.weight | 1048576    | [FROZEN]
2026-06-24 23:24:19,613 | INFO | vit_model.base_model.model.blocks.16.attn.proj.bias | 1024       | [FROZEN]
2026-06-24 23:24:19,613 | INFO | vit_model.base_model.model.blocks.16.ls1.gamma | 1024       | [FROZEN]
2026-06-24 23:24:19,613 | INFO | vit_model.base_model.model.blocks.16.norm2.weight | 1024       | [FROZEN]
2026-06-24 23:24:19,613 | INFO | vit_model.base_model.model.blocks.16.norm2.bias | 1024       | [FROZEN]
2026-06-24 23:24:19,613 | INFO | vit_model.base_model.model.blocks.16.mlp.fc1.weight | 4194304    | [FROZEN]
2026-06-24 23:24:19,613 | INFO | vit_model.base_model.model.blocks.16.mlp.fc1.bias | 4096       | [FROZEN]
2026-06-24 23:24:19,613 | INFO | vit_model.base_model.model.blocks.16.mlp.fc2.weight | 4194304    | [FROZEN]
2026-06-24 23:24:19,613 | INFO | vit_model.base_model.model.blocks.16.mlp.fc2.bias | 1024       | [FROZEN]
2026-06-24 23:24:19,613 | INFO | vit_model.base_model.model.blocks.16.ls2.gamma | 1024       | [FROZEN]
2026-06-24 23:24:19,613 | INFO | vit_model.base_model.model.blocks.17.norm1.weight | 1024       | [FROZEN]
2026-06-24 23:24:19,613 | INFO | vit_model.base_model.model.blocks.17.norm1.bias | 1024       | [FROZEN]
2026-06-24 23:24:19,613 | INFO | vit_model.base_model.model.blocks.17.attn.qkv.base_layer.weight | 3145728    | [FROZEN]
2026-06-24 23:24:19,613 | INFO | vit_model.base_model.model.blocks.17.attn.qkv.base_layer.bias | 3072       | [FROZEN]
2026-06-24 23:24:19,613 | INFO | vit_model.base_model.model.blocks.17.attn.qkv.lora_A.default.weight | 8192       | [TRAINABLE]
2026-06-24 23:24:19,613 | INFO | vit_model.base_model.model.blocks.17.attn.qkv.lora_B.default.weight | 24576      | [TRAINABLE]
2026-06-24 23:24:19,613 | INFO | vit_model.base_model.model.blocks.17.attn.proj.weight | 1048576    | [FROZEN]
2026-06-24 23:24:19,613 | INFO | vit_model.base_model.model.blocks.17.attn.proj.bias | 1024       | [FROZEN]
2026-06-24 23:24:19,613 | INFO | vit_model.base_model.model.blocks.17.ls1.gamma | 1024       | [FROZEN]
2026-06-24 23:24:19,613 | INFO | vit_model.base_model.model.blocks.17.norm2.weight | 1024       | [FROZEN]
2026-06-24 23:24:19,613 | INFO | vit_model.base_model.model.blocks.17.norm2.bias | 1024       | [FROZEN]
2026-06-24 23:24:19,613 | INFO | vit_model.base_model.model.blocks.17.mlp.fc1.weight | 4194304    | [FROZEN]
2026-06-24 23:24:19,613 | INFO | vit_model.base_model.model.blocks.17.mlp.fc1.bias | 4096       | [FROZEN]
2026-06-24 23:24:19,613 | INFO | vit_model.base_model.model.blocks.17.mlp.fc2.weight | 4194304    | [FROZEN]
2026-06-24 23:24:19,613 | INFO | vit_model.base_model.model.blocks.17.mlp.fc2.bias | 1024       | [FROZEN]
2026-06-24 23:24:19,613 | INFO | vit_model.base_model.model.blocks.17.ls2.gamma | 1024       | [FROZEN]
2026-06-24 23:24:19,613 | INFO | vit_model.base_model.model.blocks.18.norm1.weight | 1024       | [FROZEN]
2026-06-24 23:24:19,613 | INFO | vit_model.base_model.model.blocks.18.norm1.bias | 1024       | [FROZEN]
2026-06-24 23:24:19,613 | INFO | vit_model.base_model.model.blocks.18.attn.qkv.base_layer.weight | 3145728    | [FROZEN]
2026-06-24 23:24:19,613 | INFO | vit_model.base_model.model.blocks.18.attn.qkv.base_layer.bias | 3072       | [FROZEN]
2026-06-24 23:24:19,613 | INFO | vit_model.base_model.model.blocks.18.attn.qkv.lora_A.default.weight | 8192       | [TRAINABLE]
2026-06-24 23:24:19,613 | INFO | vit_model.base_model.model.blocks.18.attn.qkv.lora_B.default.weight | 24576      | [TRAINABLE]
2026-06-24 23:24:19,613 | INFO | vit_model.base_model.model.blocks.18.attn.proj.weight | 1048576    | [FROZEN]
2026-06-24 23:24:19,613 | INFO | vit_model.base_model.model.blocks.18.attn.proj.bias | 1024       | [FROZEN]
2026-06-24 23:24:19,613 | INFO | vit_model.base_model.model.blocks.18.ls1.gamma | 1024       | [FROZEN]
2026-06-24 23:24:19,613 | INFO | vit_model.base_model.model.blocks.18.norm2.weight | 1024       | [FROZEN]
2026-06-24 23:24:19,613 | INFO | vit_model.base_model.model.blocks.18.norm2.bias | 1024       | [FROZEN]
2026-06-24 23:24:19,613 | INFO | vit_model.base_model.model.blocks.18.mlp.fc1.weight | 4194304    | [FROZEN]
2026-06-24 23:24:19,613 | INFO | vit_model.base_model.model.blocks.18.mlp.fc1.bias | 4096       | [FROZEN]
2026-06-24 23:24:19,614 | INFO | vit_model.base_model.model.blocks.18.mlp.fc2.weight | 4194304    | [FROZEN]
2026-06-24 23:24:19,614 | INFO | vit_model.base_model.model.blocks.18.mlp.fc2.bias | 1024       | [FROZEN]
2026-06-24 23:24:19,614 | INFO | vit_model.base_model.model.blocks.18.ls2.gamma | 1024       | [FROZEN]
2026-06-24 23:24:19,614 | INFO | vit_model.base_model.model.blocks.19.norm1.weight | 1024       | [FROZEN]
2026-06-24 23:24:19,614 | INFO | vit_model.base_model.model.blocks.19.norm1.bias | 1024       | [FROZEN]
2026-06-24 23:24:19,614 | INFO | vit_model.base_model.model.blocks.19.attn.qkv.base_layer.weight | 3145728    | [FROZEN]
2026-06-24 23:24:19,614 | INFO | vit_model.base_model.model.blocks.19.attn.qkv.base_layer.bias | 3072       | [FROZEN]
2026-06-24 23:24:19,614 | INFO | vit_model.base_model.model.blocks.19.attn.qkv.lora_A.default.weight | 8192       | [TRAINABLE]
2026-06-24 23:24:19,614 | INFO | vit_model.base_model.model.blocks.19.attn.qkv.lora_B.default.weight | 24576      | [TRAINABLE]
2026-06-24 23:24:19,614 | INFO | vit_model.base_model.model.blocks.19.attn.proj.weight | 1048576    | [FROZEN]
2026-06-24 23:24:19,614 | INFO | vit_model.base_model.model.blocks.19.attn.proj.bias | 1024       | [FROZEN]
2026-06-24 23:24:19,614 | INFO | vit_model.base_model.model.blocks.19.ls1.gamma | 1024       | [FROZEN]
2026-06-24 23:24:19,614 | INFO | vit_model.base_model.model.blocks.19.norm2.weight | 1024       | [FROZEN]
2026-06-24 23:24:19,614 | INFO | vit_model.base_model.model.blocks.19.norm2.bias | 1024       | [FROZEN]
2026-06-24 23:24:19,614 | INFO | vit_model.base_model.model.blocks.19.mlp.fc1.weight | 4194304    | [FROZEN]
2026-06-24 23:24:19,614 | INFO | vit_model.base_model.model.blocks.19.mlp.fc1.bias | 4096       | [FROZEN]
2026-06-24 23:24:19,614 | INFO | vit_model.base_model.model.blocks.19.mlp.fc2.weight | 4194304    | [FROZEN]
2026-06-24 23:24:19,614 | INFO | vit_model.base_model.model.blocks.19.mlp.fc2.bias | 1024       | [FROZEN]
2026-06-24 23:24:19,614 | INFO | vit_model.base_model.model.blocks.19.ls2.gamma | 1024       | [FROZEN]
2026-06-24 23:24:19,614 | INFO | vit_model.base_model.model.blocks.20.norm1.weight | 1024       | [FROZEN]
2026-06-24 23:24:19,614 | INFO | vit_model.base_model.model.blocks.20.norm1.bias | 1024       | [FROZEN]
2026-06-24 23:24:19,614 | INFO | vit_model.base_model.model.blocks.20.attn.qkv.base_layer.weight | 3145728    | [FROZEN]
2026-06-24 23:24:19,614 | INFO | vit_model.base_model.model.blocks.20.attn.qkv.base_layer.bias | 3072       | [FROZEN]
2026-06-24 23:24:19,614 | INFO | vit_model.base_model.model.blocks.20.attn.qkv.lora_A.default.weight | 8192       | [TRAINABLE]
2026-06-24 23:24:19,614 | INFO | vit_model.base_model.model.blocks.20.attn.qkv.lora_B.default.weight | 24576      | [TRAINABLE]
2026-06-24 23:24:19,614 | INFO | vit_model.base_model.model.blocks.20.attn.proj.weight | 1048576    | [FROZEN]
2026-06-24 23:24:19,614 | INFO | vit_model.base_model.model.blocks.20.attn.proj.bias | 1024       | [FROZEN]
2026-06-24 23:24:19,614 | INFO | vit_model.base_model.model.blocks.20.ls1.gamma | 1024       | [FROZEN]
2026-06-24 23:24:19,614 | INFO | vit_model.base_model.model.blocks.20.norm2.weight | 1024       | [FROZEN]
2026-06-24 23:24:19,614 | INFO | vit_model.base_model.model.blocks.20.norm2.bias | 1024       | [FROZEN]
2026-06-24 23:24:19,614 | INFO | vit_model.base_model.model.blocks.20.mlp.fc1.weight | 4194304    | [FROZEN]
2026-06-24 23:24:19,614 | INFO | vit_model.base_model.model.blocks.20.mlp.fc1.bias | 4096       | [FROZEN]
2026-06-24 23:24:19,614 | INFO | vit_model.base_model.model.blocks.20.mlp.fc2.weight | 4194304    | [FROZEN]
2026-06-24 23:24:19,614 | INFO | vit_model.base_model.model.blocks.20.mlp.fc2.bias | 1024       | [FROZEN]
2026-06-24 23:24:19,614 | INFO | vit_model.base_model.model.blocks.20.ls2.gamma | 1024       | [FROZEN]
2026-06-24 23:24:19,614 | INFO | vit_model.base_model.model.blocks.21.norm1.weight | 1024       | [FROZEN]
2026-06-24 23:24:19,614 | INFO | vit_model.base_model.model.blocks.21.norm1.bias | 1024       | [FROZEN]
2026-06-24 23:24:19,614 | INFO | vit_model.base_model.model.blocks.21.attn.qkv.base_layer.weight | 3145728    | [FROZEN]
2026-06-24 23:24:19,614 | INFO | vit_model.base_model.model.blocks.21.attn.qkv.base_layer.bias | 3072       | [FROZEN]
2026-06-24 23:24:19,614 | INFO | vit_model.base_model.model.blocks.21.attn.qkv.lora_A.default.weight | 8192       | [TRAINABLE]
2026-06-24 23:24:19,614 | INFO | vit_model.base_model.model.blocks.21.attn.qkv.lora_B.default.weight | 24576      | [TRAINABLE]
2026-06-24 23:24:19,614 | INFO | vit_model.base_model.model.blocks.21.attn.proj.weight | 1048576    | [FROZEN]
2026-06-24 23:24:19,614 | INFO | vit_model.base_model.model.blocks.21.attn.proj.bias | 1024       | [FROZEN]
2026-06-24 23:24:19,614 | INFO | vit_model.base_model.model.blocks.21.ls1.gamma | 1024       | [FROZEN]
2026-06-24 23:24:19,614 | INFO | vit_model.base_model.model.blocks.21.norm2.weight | 1024       | [FROZEN]
2026-06-24 23:24:19,614 | INFO | vit_model.base_model.model.blocks.21.norm2.bias | 1024       | [FROZEN]
2026-06-24 23:24:19,614 | INFO | vit_model.base_model.model.blocks.21.mlp.fc1.weight | 4194304    | [FROZEN]
2026-06-24 23:24:19,614 | INFO | vit_model.base_model.model.blocks.21.mlp.fc1.bias | 4096       | [FROZEN]
2026-06-24 23:24:19,614 | INFO | vit_model.base_model.model.blocks.21.mlp.fc2.weight | 4194304    | [FROZEN]
2026-06-24 23:24:19,614 | INFO | vit_model.base_model.model.blocks.21.mlp.fc2.bias | 1024       | [FROZEN]
2026-06-24 23:24:19,614 | INFO | vit_model.base_model.model.blocks.21.ls2.gamma | 1024       | [FROZEN]
2026-06-24 23:24:19,614 | INFO | vit_model.base_model.model.blocks.22.norm1.weight | 1024       | [FROZEN]
2026-06-24 23:24:19,614 | INFO | vit_model.base_model.model.blocks.22.norm1.bias | 1024       | [FROZEN]
2026-06-24 23:24:19,614 | INFO | vit_model.base_model.model.blocks.22.attn.qkv.base_layer.weight | 3145728    | [FROZEN]
2026-06-24 23:24:19,614 | INFO | vit_model.base_model.model.blocks.22.attn.qkv.base_layer.bias | 3072       | [FROZEN]
2026-06-24 23:24:19,614 | INFO | vit_model.base_model.model.blocks.22.attn.qkv.lora_A.default.weight | 8192       | [TRAINABLE]
2026-06-24 23:24:19,614 | INFO | vit_model.base_model.model.blocks.22.attn.qkv.lora_B.default.weight | 24576      | [TRAINABLE]
2026-06-24 23:24:19,614 | INFO | vit_model.base_model.model.blocks.22.attn.proj.weight | 1048576    | [FROZEN]
2026-06-24 23:24:19,614 | INFO | vit_model.base_model.model.blocks.22.attn.proj.bias | 1024       | [FROZEN]
2026-06-24 23:24:19,614 | INFO | vit_model.base_model.model.blocks.22.ls1.gamma | 1024       | [FROZEN]
2026-06-24 23:24:19,614 | INFO | vit_model.base_model.model.blocks.22.norm2.weight | 1024       | [FROZEN]
2026-06-24 23:24:19,614 | INFO | vit_model.base_model.model.blocks.22.norm2.bias | 1024       | [FROZEN]
2026-06-24 23:24:19,614 | INFO | vit_model.base_model.model.blocks.22.mlp.fc1.weight | 4194304    | [FROZEN]
2026-06-24 23:24:19,614 | INFO | vit_model.base_model.model.blocks.22.mlp.fc1.bias | 4096       | [FROZEN]
2026-06-24 23:24:19,614 | INFO | vit_model.base_model.model.blocks.22.mlp.fc2.weight | 4194304    | [FROZEN]
2026-06-24 23:24:19,614 | INFO | vit_model.base_model.model.blocks.22.mlp.fc2.bias | 1024       | [FROZEN]
2026-06-24 23:24:19,615 | INFO | vit_model.base_model.model.blocks.22.ls2.gamma | 1024       | [FROZEN]
2026-06-24 23:24:19,615 | INFO | vit_model.base_model.model.blocks.23.norm1.weight | 1024       | [FROZEN]
2026-06-24 23:24:19,615 | INFO | vit_model.base_model.model.blocks.23.norm1.bias | 1024       | [FROZEN]
2026-06-24 23:24:19,615 | INFO | vit_model.base_model.model.blocks.23.attn.qkv.base_layer.weight | 3145728    | [FROZEN]
2026-06-24 23:24:19,615 | INFO | vit_model.base_model.model.blocks.23.attn.qkv.base_layer.bias | 3072       | [FROZEN]
2026-06-24 23:24:19,615 | INFO | vit_model.base_model.model.blocks.23.attn.qkv.lora_A.default.weight | 8192       | [TRAINABLE]
2026-06-24 23:24:19,615 | INFO | vit_model.base_model.model.blocks.23.attn.qkv.lora_B.default.weight | 24576      | [TRAINABLE]
2026-06-24 23:24:19,615 | INFO | vit_model.base_model.model.blocks.23.attn.proj.weight | 1048576    | [FROZEN]
2026-06-24 23:24:19,615 | INFO | vit_model.base_model.model.blocks.23.attn.proj.bias | 1024       | [FROZEN]
2026-06-24 23:24:19,615 | INFO | vit_model.base_model.model.blocks.23.ls1.gamma | 1024       | [FROZEN]
2026-06-24 23:24:19,615 | INFO | vit_model.base_model.model.blocks.23.norm2.weight | 1024       | [FROZEN]
2026-06-24 23:24:19,615 | INFO | vit_model.base_model.model.blocks.23.norm2.bias | 1024       | [FROZEN]
2026-06-24 23:24:19,615 | INFO | vit_model.base_model.model.blocks.23.mlp.fc1.weight | 4194304    | [FROZEN]
2026-06-24 23:24:19,615 | INFO | vit_model.base_model.model.blocks.23.mlp.fc1.bias | 4096       | [FROZEN]
2026-06-24 23:24:19,615 | INFO | vit_model.base_model.model.blocks.23.mlp.fc2.weight | 4194304    | [FROZEN]
2026-06-24 23:24:19,615 | INFO | vit_model.base_model.model.blocks.23.mlp.fc2.bias | 1024       | [FROZEN]
2026-06-24 23:24:19,615 | INFO | vit_model.base_model.model.blocks.23.ls2.gamma | 1024       | [FROZEN]
2026-06-24 23:24:19,615 | INFO | vit_model.base_model.model.norm.weight   | 1024       | [FROZEN]
2026-06-24 23:24:19,615 | INFO | vit_model.base_model.model.norm.bias     | 1024       | [FROZEN]
2026-06-24 23:24:19,615 | INFO | mil_model.w_map.0.weight                 | 1024       | [TRAINABLE]
2026-06-24 23:24:19,615 | INFO | mil_model.v_map.0.weight                 | 1048576    | [TRAINABLE]
2026-06-24 23:24:19,615 | INFO | concept_heads.0.weight                   | 4096       | [TRAINABLE]
2026-06-24 23:24:19,615 | INFO | concept_heads.0.bias                     | 4          | [TRAINABLE]
2026-06-24 23:24:19,615 | INFO | concept_heads.1.weight                   | 3072       | [TRAINABLE]
2026-06-24 23:24:19,615 | INFO | concept_heads.1.bias                     | 3          | [TRAINABLE]
2026-06-24 23:24:19,615 | INFO | concept_heads.2.weight                   | 3072       | [TRAINABLE]
2026-06-24 23:24:19,615 | INFO | concept_heads.2.bias                     | 3          | [TRAINABLE]
2026-06-24 23:24:19,615 | INFO | task_model.weight                        | 10         | [TRAINABLE]
2026-06-24 23:24:19,615 | INFO | task_model.bias                          | 1          | [TRAINABLE]
2026-06-24 23:24:19,616 | INFO | Total parameters (incl unnamed): 305.1971M
2026-06-24 23:24:19,616 | INFO | Total named parameters: 305.1971M
2026-06-24 23:24:19,616 | INFO | Trainable parameters: 1.8463M
2026-06-24 23:24:19,616 | INFO | ======== starting epoch 1 ========
2026-06-24 23:24:19,616 | INFO | epoch 1 LR at start of epoch: vit = 0.000000
2026-06-24 23:24:19,616 | INFO | epoch 1 LR at start of epoch: head = 0.010000
2026-06-24 23:24:19,616 | INFO | [VALIDATION STEP]
2026-06-24 23:24:34,333 | INFO | [epoch 1 | val | batch 0 start] allocated=2955.9MB | reserved=31856.0MB | peak=12411.9MB
2026-06-24 23:26:20,285 | INFO | [epoch 1 | val | batch 10 start] allocated=2955.9MB | reserved=31856.0MB | peak=12411.9MB
2026-06-24 23:26:31,477 | INFO | epoch 1 val loss (mean of batches): 1.48
2026-06-24 23:26:31,477 | INFO | epoch 1 val loss history: [1.4839999675750732]
2026-06-24 23:26:31,477 | INFO | epoch 1 val c-index (total sample): 0.49
2026-06-24 23:26:31,477 | INFO | epoch 1 val c-index history: [0.488]
2026-06-24 23:26:31,480 | INFO | [TRAINING STEP]
2026-06-24 23:26:40,973 | INFO | [epoch 1 | train | batch 0 start] allocated=2367.9MB | reserved=31856.0MB | peak=12411.9MB
2026-06-24 23:26:42,705 | INFO |     task_logits from  -0.1259765625 to 0.228515625
2026-06-24 23:27:37,861 | INFO | [epoch 1 | train | batch 10 start] allocated=2389.0MB | reserved=31856.0MB | peak=30391.5MB
2026-06-24 23:28:34,891 | INFO | [epoch 1 | train | batch 20 start] allocated=2389.0MB | reserved=31856.0MB | peak=30391.5MB
2026-06-24 23:29:31,865 | INFO | [epoch 1 | train | batch 30 start] allocated=2389.0MB | reserved=31856.0MB | peak=30391.5MB
2026-06-24 23:30:28,924 | INFO | [epoch 1 | train | batch 40 start] allocated=2389.0MB | reserved=31856.0MB | peak=30391.5MB
2026-06-24 23:31:03,084 | INFO | epoch 1 train total loss: 1.84
2026-06-24 23:31:03,084 | INFO | epoch 1 train concept loss: 1.59
2026-06-24 23:31:03,084 | INFO | epoch 1 train task loss: 0.25
2026-06-24 23:31:03,084 | INFO | epoch 1 train total loss history: [1.8420000076293945]
2026-06-24 23:31:03,084 | INFO | epoch 1 train concept loss history: [1.5880000591278076]
2026-06-24 23:31:03,084 | INFO | epoch 1 train task loss history: [0.2540000081062317]
2026-06-24 23:31:03,085 | INFO | epoch 1 complete
2026-06-24 23:31:03,085 | INFO | ======== starting epoch 2 ========
2026-06-24 23:31:03,085 | INFO | epoch 2 LR at start of epoch: vit = 0.000000
2026-06-24 23:31:03,085 | INFO | epoch 2 LR at start of epoch: head = 0.009755
2026-06-24 23:31:03,085 | INFO | [VALIDATION STEP]
2026-06-24 23:31:17,214 | INFO | [epoch 2 | val | batch 0 start] allocated=2977.0MB | reserved=31856.0MB | peak=30391.5MB
2026-06-24 23:33:03,666 | INFO | [epoch 2 | val | batch 10 start] allocated=2977.0MB | reserved=31856.0MB | peak=30391.5MB
2026-06-24 23:33:14,971 | INFO | epoch 2 val loss (mean of batches): 1.51
2026-06-24 23:33:14,971 | INFO | epoch 2 val loss history: [1.4839999675750732, 1.5149999856948853]
2026-06-24 23:33:14,971 | INFO | epoch 2 val c-index (total sample): 0.51
2026-06-24 23:33:14,971 | INFO | epoch 2 val c-index history: [0.488, 0.514]
2026-06-24 23:33:14,974 | INFO | [TRAINING STEP]
2026-06-24 23:33:25,158 | INFO | [epoch 2 | train | batch 0 start] allocated=2389.0MB | reserved=31856.0MB | peak=30391.5MB
2026-06-24 23:33:26,892 | INFO |     task_logits from  -2.046875 to 0.6796875
2026-06-24 23:34:22,857 | INFO | [epoch 2 | train | batch 10 start] allocated=2389.0MB | reserved=31856.0MB | peak=30391.5MB
2026-06-24 23:35:19,801 | INFO | [epoch 2 | train | batch 20 start] allocated=2389.0MB | reserved=31856.0MB | peak=30391.5MB
2026-06-24 23:36:16,829 | INFO | [epoch 2 | train | batch 30 start] allocated=2389.0MB | reserved=31856.0MB | peak=30391.5MB
2026-06-24 23:37:13,936 | INFO | [epoch 2 | train | batch 40 start] allocated=2389.0MB | reserved=31856.0MB | peak=30391.5MB
2026-06-24 23:37:48,085 | INFO | epoch 2 train total loss: 1.43
2026-06-24 23:37:48,085 | INFO | epoch 2 train concept loss: 1.22
2026-06-24 23:37:48,085 | INFO | epoch 2 train task loss: 0.21
2026-06-24 23:37:48,085 | INFO | epoch 2 train total loss history: [1.8420000076293945, 1.4259999990463257]
2026-06-24 23:37:48,085 | INFO | epoch 2 train concept loss history: [1.5880000591278076, 1.215000033378601]
2026-06-24 23:37:48,085 | INFO | epoch 2 train task loss history: [0.2540000081062317, 0.210999995470047]
2026-06-24 23:37:48,086 | INFO | epoch 2 complete
2026-06-24 23:37:48,086 | INFO | ======== starting epoch 3 ========
2026-06-24 23:37:48,086 | INFO | epoch 3 LR at start of epoch: vit = 0.000000
2026-06-24 23:37:48,086 | INFO | epoch 3 LR at start of epoch: head = 0.009045
2026-06-24 23:37:48,086 | INFO | [VALIDATION STEP]
2026-06-24 23:38:02,285 | INFO | [epoch 3 | val | batch 0 start] allocated=2977.0MB | reserved=31856.0MB | peak=30391.5MB
2026-06-24 23:39:48,577 | INFO | [epoch 3 | val | batch 10 start] allocated=2977.0MB | reserved=31856.0MB | peak=30391.5MB
2026-06-24 23:39:59,844 | INFO | epoch 3 val loss (mean of batches): 1.61
2026-06-24 23:39:59,844 | INFO | epoch 3 val loss history: [1.4839999675750732, 1.5149999856948853, 1.6069999933242798]
2026-06-24 23:39:59,844 | INFO | epoch 3 val c-index (total sample): 0.67
2026-06-24 23:39:59,844 | INFO | epoch 3 val c-index history: [0.488, 0.514, 0.671]
2026-06-24 23:39:59,847 | INFO | [TRAINING STEP]
2026-06-24 23:40:08,769 | INFO | [epoch 3 | train | batch 0 start] allocated=2389.0MB | reserved=31856.0MB | peak=30391.5MB
2026-06-24 23:40:10,505 | INFO |     task_logits from  -1.7890625 to 2.171875
2026-06-24 23:41:06,282 | INFO | [epoch 3 | train | batch 10 start] allocated=2389.0MB | reserved=31856.0MB | peak=30391.5MB
2026-06-24 23:42:03,258 | INFO | [epoch 3 | train | batch 20 start] allocated=2389.0MB | reserved=31856.0MB | peak=30391.5MB
2026-06-24 23:43:00,269 | INFO | [epoch 3 | train | batch 30 start] allocated=2389.0MB | reserved=31856.0MB | peak=30391.5MB
2026-06-24 23:43:57,193 | INFO | [epoch 3 | train | batch 40 start] allocated=2389.0MB | reserved=31856.0MB | peak=30391.5MB
2026-06-24 23:44:31,319 | INFO | epoch 3 train total loss: 1.20
2026-06-24 23:44:31,319 | INFO | epoch 3 train concept loss: 1.01
2026-06-24 23:44:31,319 | INFO | epoch 3 train task loss: 0.19
2026-06-24 23:44:31,319 | INFO | epoch 3 train total loss history: [1.8420000076293945, 1.4259999990463257, 1.1970000267028809]
2026-06-24 23:44:31,319 | INFO | epoch 3 train concept loss history: [1.5880000591278076, 1.215000033378601, 1.0080000162124634]
2026-06-24 23:44:31,319 | INFO | epoch 3 train task loss history: [0.2540000081062317, 0.210999995470047, 0.1889999955892563]
2026-06-24 23:44:31,320 | INFO | epoch 3 complete
2026-06-24 23:44:31,320 | INFO | ======== starting epoch 4 ========
2026-06-24 23:44:31,320 | INFO | epoch 4 LR at start of epoch: vit = 0.000000
2026-06-24 23:44:31,320 | INFO | epoch 4 LR at start of epoch: head = 0.007939
2026-06-24 23:44:31,320 | INFO | [VALIDATION STEP]
2026-06-24 23:44:46,120 | INFO | [epoch 4 | val | batch 0 start] allocated=2977.0MB | reserved=31856.0MB | peak=30391.5MB
2026-06-24 23:46:32,353 | INFO | [epoch 4 | val | batch 10 start] allocated=2977.0MB | reserved=31856.0MB | peak=30391.5MB
2026-06-24 23:46:43,602 | INFO | epoch 4 val loss (mean of batches): 1.51
2026-06-24 23:46:43,602 | INFO | epoch 4 val loss history: [1.4839999675750732, 1.5149999856948853, 1.6069999933242798, 1.5089999437332153]
2026-06-24 23:46:43,602 | INFO | epoch 4 val c-index (total sample): 0.62
2026-06-24 23:46:43,602 | INFO | epoch 4 val c-index history: [0.488, 0.514, 0.671, 0.622]
2026-06-24 23:46:43,605 | INFO | [TRAINING STEP]
2026-06-24 23:46:54,123 | INFO | [epoch 4 | train | batch 0 start] allocated=2389.0MB | reserved=31856.0MB | peak=30391.5MB
2026-06-24 23:46:55,858 | INFO |     task_logits from  -1.6640625 to 2.65625
2026-06-24 23:47:51,111 | INFO | [epoch 4 | train | batch 10 start] allocated=2389.0MB | reserved=31856.0MB | peak=30391.5MB
2026-06-24 23:48:48,089 | INFO | [epoch 4 | train | batch 20 start] allocated=2389.0MB | reserved=31856.0MB | peak=30391.5MB
2026-06-24 23:49:45,088 | INFO | [epoch 4 | train | batch 30 start] allocated=2389.0MB | reserved=31856.0MB | peak=30391.5MB
2026-06-24 23:50:42,057 | INFO | [epoch 4 | train | batch 40 start] allocated=2389.0MB | reserved=31856.0MB | peak=30391.5MB
2026-06-24 23:51:16,228 | INFO | epoch 4 train total loss: 1.04
2026-06-24 23:51:16,228 | INFO | epoch 4 train concept loss: 0.88
2026-06-24 23:51:16,228 | INFO | epoch 4 train task loss: 0.16
2026-06-24 23:51:16,228 | INFO | epoch 4 train total loss history: [1.8420000076293945, 1.4259999990463257, 1.1970000267028809, 1.0440000295639038]
2026-06-24 23:51:16,228 | INFO | epoch 4 train concept loss history: [1.5880000591278076, 1.215000033378601, 1.0080000162124634, 0.8830000162124634]
2026-06-24 23:51:16,228 | INFO | epoch 4 train task loss history: [0.2540000081062317, 0.210999995470047, 0.1889999955892563, 0.16200000047683716]
2026-06-24 23:51:16,229 | INFO | epoch 4 complete
2026-06-24 23:51:16,229 | INFO | ======== starting epoch 5 ========
2026-06-24 23:51:16,229 | INFO | epoch 5 LR at start of epoch: vit = 0.000000
2026-06-24 23:51:16,229 | INFO | epoch 5 LR at start of epoch: head = 0.006545
2026-06-24 23:51:16,229 | INFO | [VALIDATION STEP]
2026-06-24 23:51:31,237 | INFO | [epoch 5 | val | batch 0 start] allocated=2977.0MB | reserved=31856.0MB | peak=30391.5MB
2026-06-24 23:53:17,465 | INFO | [epoch 5 | val | batch 10 start] allocated=2977.0MB | reserved=31856.0MB | peak=30391.5MB
2026-06-24 23:53:28,735 | INFO | epoch 5 val loss (mean of batches): 1.50
2026-06-24 23:53:28,735 | INFO | epoch 5 val loss history: [1.4839999675750732, 1.5149999856948853, 1.6069999933242798, 1.5089999437332153, 1.503000020980835]
2026-06-24 23:53:28,735 | INFO | epoch 5 val c-index (total sample): 0.54
2026-06-24 23:53:28,735 | INFO | epoch 5 val c-index history: [0.488, 0.514, 0.671, 0.622, 0.535]
2026-06-24 23:53:28,738 | INFO | [TRAINING STEP]
2026-06-24 23:53:39,065 | INFO | [epoch 5 | train | batch 0 start] allocated=2389.0MB | reserved=31856.0MB | peak=30391.5MB
2026-06-24 23:53:40,801 | INFO |     task_logits from  -2.234375 to 4.71875
2026-06-24 23:54:36,410 | INFO | [epoch 5 | train | batch 10 start] allocated=2389.0MB | reserved=31856.0MB | peak=30391.5MB
2026-06-24 23:55:39,865 | INFO | [epoch 5 | train | batch 20 start] allocated=2389.0MB | reserved=31856.0MB | peak=30391.5MB
2026-06-24 23:56:36,884 | INFO | [epoch 5 | train | batch 30 start] allocated=2389.0MB | reserved=31856.0MB | peak=30391.5MB
2026-06-24 23:57:33,878 | INFO | [epoch 5 | train | batch 40 start] allocated=2389.0MB | reserved=31856.0MB | peak=30391.5MB
2026-06-24 23:58:08,035 | INFO | epoch 5 train total loss: 0.86
2026-06-24 23:58:08,036 | INFO | epoch 5 train concept loss: 0.73
2026-06-24 23:58:08,036 | INFO | epoch 5 train task loss: 0.14
2026-06-24 23:58:08,036 | INFO | epoch 5 train total loss history: [1.8420000076293945, 1.4259999990463257, 1.1970000267028809, 1.0440000295639038, 0.8619999885559082]
2026-06-24 23:58:08,036 | INFO | epoch 5 train concept loss history: [1.5880000591278076, 1.215000033378601, 1.0080000162124634, 0.8830000162124634, 0.7269999980926514]
2026-06-24 23:58:08,036 | INFO | epoch 5 train task loss history: [0.2540000081062317, 0.210999995470047, 0.1889999955892563, 0.16200000047683716, 0.13500000536441803]
2026-06-24 23:58:08,036 | INFO | epoch 5 complete
2026-06-24 23:58:08,037 | INFO | ======== starting epoch 6 ========
2026-06-24 23:58:08,037 | INFO | epoch 6 LR at start of epoch: vit = 0.000000
2026-06-24 23:58:08,037 | INFO | epoch 6 LR at start of epoch: head = 0.005000
2026-06-24 23:58:08,037 | INFO | [VALIDATION STEP]
2026-06-24 23:58:23,127 | INFO | [epoch 6 | val | batch 0 start] allocated=2977.0MB | reserved=31856.0MB | peak=30391.5MB
2026-06-25 00:00:09,542 | INFO | [epoch 6 | val | batch 10 start] allocated=2977.0MB | reserved=31856.0MB | peak=30391.5MB
2026-06-25 00:00:20,845 | INFO | epoch 6 val loss (mean of batches): 1.48
2026-06-25 00:00:20,845 | INFO | epoch 6 val loss history: [1.4839999675750732, 1.5149999856948853, 1.6069999933242798, 1.5089999437332153, 1.503000020980835, 1.475000023841858]
2026-06-25 00:00:20,845 | INFO | epoch 6 val c-index (total sample): 0.57
2026-06-25 00:00:20,845 | INFO | epoch 6 val c-index history: [0.488, 0.514, 0.671, 0.622, 0.535, 0.57]
2026-06-25 00:00:20,849 | INFO | [TRAINING STEP]
2026-06-25 00:00:31,180 | INFO | [epoch 6 | train | batch 0 start] allocated=2389.0MB | reserved=31856.0MB | peak=30391.5MB
2026-06-25 00:00:32,914 | INFO |     task_logits from  -1.9765625 to 3.71875
2026-06-25 00:01:29,088 | INFO | [epoch 6 | train | batch 10 start] allocated=2389.0MB | reserved=31856.0MB | peak=30391.5MB
2026-06-25 00:02:26,046 | INFO | [epoch 6 | train | batch 20 start] allocated=2389.0MB | reserved=31856.0MB | peak=30391.5MB
2026-06-25 00:03:23,106 | INFO | [epoch 6 | train | batch 30 start] allocated=2389.0MB | reserved=31856.0MB | peak=30391.5MB
2026-06-25 00:04:20,097 | INFO | [epoch 6 | train | batch 40 start] allocated=2389.0MB | reserved=31856.0MB | peak=30391.5MB
2026-06-25 00:04:54,256 | INFO | epoch 6 train total loss: 0.79
2026-06-25 00:04:54,256 | INFO | epoch 6 train concept loss: 0.67
2026-06-25 00:04:54,256 | INFO | epoch 6 train task loss: 0.12
2026-06-25 00:04:54,256 | INFO | epoch 6 train total loss history: [1.8420000076293945, 1.4259999990463257, 1.1970000267028809, 1.0440000295639038, 0.8619999885559082, 0.7919999957084656]
2026-06-25 00:04:54,256 | INFO | epoch 6 train concept loss history: [1.5880000591278076, 1.215000033378601, 1.0080000162124634, 0.8830000162124634, 0.7269999980926514, 0.6669999957084656]
2026-06-25 00:04:54,256 | INFO | epoch 6 train task loss history: [0.2540000081062317, 0.210999995470047, 0.1889999955892563, 0.16200000047683716, 0.13500000536441803, 0.125]
2026-06-25 00:04:54,257 | INFO | epoch 6 complete
2026-06-25 00:04:54,257 | INFO | ======== starting epoch 7 ========
2026-06-25 00:04:54,257 | INFO | epoch 7 LR at start of epoch: vit = 0.000000
2026-06-25 00:04:54,257 | INFO | epoch 7 LR at start of epoch: head = 0.003455
2026-06-25 00:04:54,257 | INFO | [VALIDATION STEP]
2026-06-25 00:05:09,541 | INFO | [epoch 7 | val | batch 0 start] allocated=2977.0MB | reserved=31856.0MB | peak=30391.5MB
2026-06-25 00:06:55,711 | INFO | [epoch 7 | val | batch 10 start] allocated=2977.0MB | reserved=31856.0MB | peak=30391.5MB
2026-06-25 00:07:07,022 | INFO | epoch 7 val loss (mean of batches): 1.35
2026-06-25 00:07:07,022 | INFO | epoch 7 val loss history: [1.4839999675750732, 1.5149999856948853, 1.6069999933242798, 1.5089999437332153, 1.503000020980835, 1.475000023841858, 1.350000023841858]
2026-06-25 00:07:07,022 | INFO | epoch 7 val c-index (total sample): 0.55
2026-06-25 00:07:07,022 | INFO | epoch 7 val c-index history: [0.488, 0.514, 0.671, 0.622, 0.535, 0.57, 0.548]
2026-06-25 00:07:07,025 | INFO | [TRAINING STEP]
2026-06-25 00:07:18,112 | INFO | [epoch 7 | train | batch 0 start] allocated=2389.0MB | reserved=31856.0MB | peak=30391.5MB
2026-06-25 00:07:19,847 | INFO |     task_logits from  -4.65625 to 1.890625
2026-06-25 00:08:15,045 | INFO | [epoch 7 | train | batch 10 start] allocated=2389.0MB | reserved=31856.0MB | peak=30391.5MB
2026-06-25 00:09:12,019 | INFO | [epoch 7 | train | batch 20 start] allocated=2389.0MB | reserved=31856.0MB | peak=30391.5MB
2026-06-25 00:10:09,003 | INFO | [epoch 7 | train | batch 30 start] allocated=2389.0MB | reserved=31856.0MB | peak=30391.5MB
2026-06-25 00:11:06,244 | INFO | [epoch 7 | train | batch 40 start] allocated=2389.0MB | reserved=31856.0MB | peak=30391.5MB
2026-06-25 00:11:40,467 | INFO | epoch 7 train total loss: 0.66
2026-06-25 00:11:40,467 | INFO | epoch 7 train concept loss: 0.52
2026-06-25 00:11:40,467 | INFO | epoch 7 train task loss: 0.13
2026-06-25 00:11:40,467 | INFO | epoch 7 train total loss history: [1.8420000076293945, 1.4259999990463257, 1.1970000267028809, 1.0440000295639038, 0.8619999885559082, 0.7919999957084656, 0.6570000052452087]
2026-06-25 00:11:40,467 | INFO | epoch 7 train concept loss history: [1.5880000591278076, 1.215000033378601, 1.0080000162124634, 0.8830000162124634, 0.7269999980926514, 0.6669999957084656, 0.5230000019073486]
2026-06-25 00:11:40,467 | INFO | epoch 7 train task loss history: [0.2540000081062317, 0.210999995470047, 0.1889999955892563, 0.16200000047683716, 0.13500000536441803, 0.125, 0.1340000033378601]
2026-06-25 00:11:40,468 | INFO | epoch 7 complete
2026-06-25 00:11:40,468 | INFO | ======== starting epoch 8 ========
2026-06-25 00:11:40,468 | INFO | epoch 8 LR at start of epoch: vit = 0.000000
2026-06-25 00:11:40,468 | INFO | epoch 8 LR at start of epoch: head = 0.002061
2026-06-25 00:11:40,468 | INFO | [VALIDATION STEP]
2026-06-25 00:11:55,613 | INFO | [epoch 8 | val | batch 0 start] allocated=2977.0MB | reserved=31856.0MB | peak=30391.5MB
2026-06-25 00:13:41,883 | INFO | [epoch 8 | val | batch 10 start] allocated=2977.0MB | reserved=31856.0MB | peak=30391.5MB
2026-06-25 00:13:53,122 | INFO | epoch 8 val loss (mean of batches): 1.38
2026-06-25 00:13:53,122 | INFO | epoch 8 val loss history: [1.4839999675750732, 1.5149999856948853, 1.6069999933242798, 1.5089999437332153, 1.503000020980835, 1.475000023841858, 1.350000023841858, 1.3830000162124634]
2026-06-25 00:13:53,122 | INFO | epoch 8 val c-index (total sample): 0.57
2026-06-25 00:13:53,122 | INFO | epoch 8 val c-index history: [0.488, 0.514, 0.671, 0.622, 0.535, 0.57, 0.548, 0.571]
2026-06-25 00:13:53,125 | INFO | [TRAINING STEP]
2026-06-25 00:14:03,836 | INFO | [epoch 8 | train | batch 0 start] allocated=2389.0MB | reserved=31856.0MB | peak=30391.5MB
2026-06-25 00:14:05,569 | INFO |     task_logits from  -2.515625 to 2.859375
2026-06-25 00:15:00,669 | INFO | [epoch 8 | train | batch 10 start] allocated=2389.0MB | reserved=31856.0MB | peak=30391.5MB
2026-06-25 00:15:57,810 | INFO | [epoch 8 | train | batch 20 start] allocated=2389.0MB | reserved=31856.0MB | peak=30391.5MB
2026-06-25 00:16:54,809 | INFO | [epoch 8 | train | batch 30 start] allocated=2389.0MB | reserved=31856.0MB | peak=30391.5MB
2026-06-25 00:17:51,757 | INFO | [epoch 8 | train | batch 40 start] allocated=2389.0MB | reserved=31856.0MB | peak=30391.5MB
2026-06-25 00:18:25,921 | INFO | epoch 8 train total loss: 0.53
2026-06-25 00:18:25,922 | INFO | epoch 8 train concept loss: 0.44
2026-06-25 00:18:25,922 | INFO | epoch 8 train task loss: 0.10
2026-06-25 00:18:25,922 | INFO | epoch 8 train total loss history: [1.8420000076293945, 1.4259999990463257, 1.1970000267028809, 1.0440000295639038, 0.8619999885559082, 0.7919999957084656, 0.6570000052452087, 0.5339999794960022]
2026-06-25 00:18:25,922 | INFO | epoch 8 train concept loss history: [1.5880000591278076, 1.215000033378601, 1.0080000162124634, 0.8830000162124634, 0.7269999980926514, 0.6669999957084656, 0.5230000019073486, 0.4350000023841858]
2026-06-25 00:18:25,922 | INFO | epoch 8 train task loss history: [0.2540000081062317, 0.210999995470047, 0.1889999955892563, 0.16200000047683716, 0.13500000536441803, 0.125, 0.1340000033378601, 0.0989999994635582]
2026-06-25 00:18:25,923 | INFO | epoch 8 complete
2026-06-25 00:18:25,923 | INFO | ======== starting epoch 9 ========
2026-06-25 00:18:25,923 | INFO | epoch 9 LR at start of epoch: vit = 0.000000
2026-06-25 00:18:25,923 | INFO | epoch 9 LR at start of epoch: head = 0.000955
2026-06-25 00:18:25,923 | INFO | [VALIDATION STEP]
2026-06-25 00:18:41,053 | INFO | [epoch 9 | val | batch 0 start] allocated=2977.0MB | reserved=31856.0MB | peak=30391.5MB
2026-06-25 00:20:27,955 | INFO | [epoch 9 | val | batch 10 start] allocated=2977.0MB | reserved=31856.0MB | peak=30391.5MB
2026-06-25 00:20:39,333 | INFO | epoch 9 val loss (mean of batches): 1.37
2026-06-25 00:20:39,333 | INFO | epoch 9 val loss history: [1.4839999675750732, 1.5149999856948853, 1.6069999933242798, 1.5089999437332153, 1.503000020980835, 1.475000023841858, 1.350000023841858, 1.3830000162124634, 1.371999979019165]
2026-06-25 00:20:39,333 | INFO | epoch 9 val c-index (total sample): 0.60
2026-06-25 00:20:39,333 | INFO | epoch 9 val c-index history: [0.488, 0.514, 0.671, 0.622, 0.535, 0.57, 0.548, 0.571, 0.598]
2026-06-25 00:20:39,336 | INFO | [TRAINING STEP]
2026-06-25 00:20:50,498 | INFO | [epoch 9 | train | batch 0 start] allocated=2389.0MB | reserved=31856.0MB | peak=30391.5MB
2026-06-25 00:20:52,234 | INFO |     task_logits from  -2.375 to 2.75
2026-06-25 00:21:48,745 | INFO | [epoch 9 | train | batch 10 start] allocated=2389.0MB | reserved=31856.0MB | peak=30391.5MB
2026-06-25 00:22:45,704 | INFO | [epoch 9 | train | batch 20 start] allocated=2389.0MB | reserved=31856.0MB | peak=30391.5MB
2026-06-25 00:23:42,687 | INFO | [epoch 9 | train | batch 30 start] allocated=2389.0MB | reserved=31856.0MB | peak=30391.5MB
2026-06-25 00:24:39,668 | INFO | [epoch 9 | train | batch 40 start] allocated=2389.0MB | reserved=31856.0MB | peak=30391.5MB
2026-06-25 00:25:13,977 | INFO | epoch 9 train total loss: 0.50
2026-06-25 00:25:13,977 | INFO | epoch 9 train concept loss: 0.40
2026-06-25 00:25:13,977 | INFO | epoch 9 train task loss: 0.10
2026-06-25 00:25:13,977 | INFO | epoch 9 train total loss history: [1.8420000076293945, 1.4259999990463257, 1.1970000267028809, 1.0440000295639038, 0.8619999885559082, 0.7919999957084656, 0.6570000052452087, 0.5339999794960022, 0.5019999742507935]
2026-06-25 00:25:13,977 | INFO | epoch 9 train concept loss history: [1.5880000591278076, 1.215000033378601, 1.0080000162124634, 0.8830000162124634, 0.7269999980926514, 0.6669999957084656, 0.5230000019073486, 0.4350000023841858, 0.3970000147819519]
2026-06-25 00:25:13,977 | INFO | epoch 9 train task loss history: [0.2540000081062317, 0.210999995470047, 0.1889999955892563, 0.16200000047683716, 0.13500000536441803, 0.125, 0.1340000033378601, 0.0989999994635582, 0.10499999672174454]
2026-06-25 00:25:13,978 | INFO | epoch 9 complete
2026-06-25 00:25:13,978 | INFO | ======== starting epoch 10 ========
2026-06-25 00:25:13,978 | INFO | epoch 10 LR at start of epoch: vit = 0.000000
2026-06-25 00:25:13,978 | INFO | epoch 10 LR at start of epoch: head = 0.000245
2026-06-25 00:25:13,978 | INFO | [VALIDATION STEP]
2026-06-25 00:25:29,719 | INFO | [epoch 10 | val | batch 0 start] allocated=2977.0MB | reserved=31856.0MB | peak=30391.5MB
2026-06-25 00:27:16,053 | INFO | [epoch 10 | val | batch 10 start] allocated=2977.0MB | reserved=31856.0MB | peak=30391.5MB
2026-06-25 00:27:27,359 | INFO | epoch 10 val loss (mean of batches): 1.34
2026-06-25 00:27:27,359 | INFO | epoch 10 val loss history: [1.4839999675750732, 1.5149999856948853, 1.6069999933242798, 1.5089999437332153, 1.503000020980835, 1.475000023841858, 1.350000023841858, 1.3830000162124634, 1.371999979019165, 1.340999960899353]
2026-06-25 00:27:27,359 | INFO | epoch 10 val c-index (total sample): 0.63
2026-06-25 00:27:27,359 | INFO | epoch 10 val c-index history: [0.488, 0.514, 0.671, 0.622, 0.535, 0.57, 0.548, 0.571, 0.598, 0.628]
2026-06-25 00:27:27,362 | INFO | [TRAINING STEP]
2026-06-25 00:27:37,351 | INFO | [epoch 10 | train | batch 0 start] allocated=2389.0MB | reserved=31856.0MB | peak=30391.5MB
2026-06-25 00:27:39,090 | INFO |     task_logits from  -2.34375 to 3.296875
2026-06-25 00:28:35,249 | INFO | [epoch 10 | train | batch 10 start] allocated=2389.0MB | reserved=31856.0MB | peak=30391.5MB
2026-06-25 00:29:32,190 | INFO | [epoch 10 | train | batch 20 start] allocated=2389.0MB | reserved=31856.0MB | peak=30391.5MB
2026-06-25 00:30:29,208 | INFO | [epoch 10 | train | batch 30 start] allocated=2389.0MB | reserved=31856.0MB | peak=30391.5MB
2026-06-25 00:31:26,135 | INFO | [epoch 10 | train | batch 40 start] allocated=2389.0MB | reserved=31856.0MB | peak=30391.5MB
2026-06-25 00:32:00,280 | INFO | epoch 10 train total loss: 0.45
2026-06-25 00:32:00,281 | INFO | epoch 10 train concept loss: 0.36
2026-06-25 00:32:00,281 | INFO | epoch 10 train task loss: 0.09
2026-06-25 00:32:00,281 | INFO | epoch 10 train total loss history: [1.8420000076293945, 1.4259999990463257, 1.1970000267028809, 1.0440000295639038, 0.8619999885559082, 0.7919999957084656, 0.6570000052452087, 0.5339999794960022, 0.5019999742507935, 0.45399999618530273]
2026-06-25 00:32:00,281 | INFO | epoch 10 train concept loss history: [1.5880000591278076, 1.215000033378601, 1.0080000162124634, 0.8830000162124634, 0.7269999980926514, 0.6669999957084656, 0.5230000019073486, 0.4350000023841858, 0.3970000147819519, 0.35899999737739563]
2026-06-25 00:32:00,281 | INFO | epoch 10 train task loss history: [0.2540000081062317, 0.210999995470047, 0.1889999955892563, 0.16200000047683716, 0.13500000536441803, 0.125, 0.1340000033378601, 0.0989999994635582, 0.10499999672174454, 0.0949999988079071]
2026-06-25 00:32:00,281 | INFO | epoch 10 complete
2026-06-25 00:32:00,283 | INFO | training complete
2026-06-25 00:32:00,283 | INFO | predicting on the validation set
2026-06-25 00:33:05,966 | INFO |   starting batch 1 of validation
2026-06-25 00:33:11,125 | INFO |   starting batch 2 of validation
2026-06-25 00:33:16,316 | INFO |   starting batch 3 of validation
2026-06-25 00:33:21,522 | INFO |   starting batch 4 of validation
2026-06-25 00:33:27,033 | INFO |   starting batch 5 of validation
2026-06-25 00:33:32,289 | INFO |   starting batch 6 of validation
2026-06-25 00:33:37,849 | INFO |   starting batch 7 of validation
2026-06-25 00:33:43,163 | INFO |   starting batch 8 of validation
2026-06-25 00:33:48,966 | INFO |   starting batch 9 of validation
2026-06-25 00:33:54,284 | INFO |   starting batch 10 of validation
2026-06-25 00:33:59,938 | INFO |   starting batch 11 of validation
2026-06-25 00:34:05,259 | INFO |   starting batch 12 of validation
2026-06-25 00:34:08,243 | INFO | measuring performance
2026-06-25 00:34:08,243 | INFO | y_test: (185, 2)
2026-06-25 00:34:08,243 | INFO | y_probs: (185, 1)
2026-06-25 00:34:08,243 | INFO | c_test: (185, 3)
2026-06-25 00:34:08,243 | INFO | c_probs: (185, 10)
2026-06-25 00:34:08,245 | INFO | c_test_concept: (185,)
2026-06-25 00:34:08,245 | INFO | c_pred_concept: (185,)
2026-06-25 00:34:08,251 | INFO | c_test_concept: (185,)
2026-06-25 00:34:08,251 | INFO | c_pred_concept: (185,)
2026-06-25 00:34:08,256 | INFO | c_test_concept: (185,)
2026-06-25 00:34:08,256 | INFO | c_pred_concept: (185,)
2026-06-25 00:34:08,260 | INFO | results: {'task': {'c_index': 0.6146095717884131}, 'concepts': {'concept_0': {'0': {'precision': 0.25925925925925924, 'recall': 0.22580645161290322, 'f1-score': 0.2413793103448276, 'support': 31.0}, '1': {'precision': 0.6363636363636364, 'recall': 0.6936936936936937, 'f1-score': 0.6637931034482759, 'support': 111.0}, '2': {'precision': 0.2857142857142857, 'recall': 0.25, 'f1-score': 0.26666666666666666, 'support': 40.0}, '3': {'precision': 0.0, 'recall': 0.0, 'f1-score': 0.0, 'support': 3.0}, 'accuracy': 0.5081081081081081, 'macro avg': {'precision': 0.29533429533429534, 'recall': 0.29237503632664924, 'f1-score': 0.29295977011494256, 'support': 185.0}, 'weighted avg': {'precision': 0.4870376870376871, 'recall': 0.5081081081081081, 'f1-score': 0.49638086362224293, 'support': 185.0}, 'auc': {'ovo': 0.5995939487874972}, 'confusion': {'true_0': {'pred_0': 7, 'pred_1': 20, 'pred_2': 4, 'pred_3': 0}, 'true_1': {'pred_0': 12, 'pred_1': 77, 'pred_2': 20, 'pred_3': 2}, 'true_2': {'pred_0': 8, 'pred_1': 22, 'pred_2': 10, 'pred_3': 0}, 'true_3': {'pred_0': 0, 'pred_1': 2, 'pred_2': 1, 'pred_3': 0}}}, 'concept_1': {'0': {'precision': 0.6415094339622641, 'recall': 0.7555555555555555, 'f1-score': 0.6938775510204082, 'support': 90.0}, '1': {'precision': 0.5294117647058824, 'recall': 0.4426229508196721, 'f1-score': 0.48214285714285715, 'support': 61.0}, '2': {'precision': 0.5, 'recall': 0.4117647058823529, 'f1-score': 0.45161290322580644, 'support': 34.0}, 'accuracy': 0.5891891891891892, 'macro avg': {'precision': 0.5569737328893821, 'recall': 0.5366477374191936, 'f1-score': 0.5425444371296906, 'support': 185.0}, 'weighted avg': {'precision': 0.5785403605603383, 'recall': 0.5891891891891892, 'f1-score': 0.5795380139850186, 'support': 185.0}, 'auc': {'ovo': 0.7380602878674237}, 'confusion': {'true_0': {'pred_0': 68, 'pred_1': 15, 'pred_2': 7}, 'true_1': {'pred_0': 27, 'pred_1': 27, 'pred_2': 7}, 'true_2': {'pred_0': 11, 'pred_1': 9, 'pred_2': 14}}}, 'concept_2': {'0': {'precision': 0.851063829787234, 'recall': 0.8633093525179856, 'f1-score': 0.8571428571428571, 'support': 139.0}, '1': {'precision': 0.5476190476190477, 'recall': 0.5111111111111111, 'f1-score': 0.5287356321839081, 'support': 45.0}, '2': {'precision': 0.0, 'recall': 0.0, 'f1-score': 0.0, 'support': 1.0}, 'accuracy': 0.772972972972973, 'macro avg': {'precision': 0.4662276258020939, 'recall': 0.4581401545430322, 'f1-score': 0.4619594964422551, 'support': 185.0}, 'weighted avg': {'precision': 0.7726525918015279, 'recall': 0.772972972972973, 'f1-score': 0.7726268140061244, 'support': 185.0}, 'auc': {'ovo': 0.7543032240873968}, 'confusion': {'true_0': {'pred_0': 120, 'pred_1': 18, 'pred_2': 1}, 'true_1': {'pred_0': 21, 'pred_1': 23, 'pred_2': 1}, 'true_2': {'pred_0': 0, 'pred_1': 1, 'pred_2': 0}}}}}
2026-06-25 00:34:08,266 | INFO | training fold 3
2026-06-25 00:34:08,267 | INFO | train set size: 739
2026-06-25 00:34:08,267 | INFO | val set size: 185
2026-06-25 00:34:08,270 | INFO | cpu_count: 30
2026-06-25 00:34:08,270 | INFO | num_workers: 2
2026-06-25 00:34:08,382 | INFO | completed building dataloaders
2026-06-25 00:34:08,382 | INFO | training starts
2026-06-25 00:34:17,986 | INFO | model initialized
2026-06-25 00:34:18,049 | INFO | LR scheduler: <torch.optim.lr_scheduler.CosineAnnealingLR object at 0x71f6617c28c0>
2026-06-25 00:34:18,049 | INFO | Parameters by layer:
2026-06-25 00:34:18,049 | INFO | vit_model.base_model.model.cls_token     | 1024       | [FROZEN]
2026-06-25 00:34:18,049 | INFO | vit_model.base_model.model.pos_embed     | 201728     | [FROZEN]
2026-06-25 00:34:18,049 | INFO | vit_model.base_model.model.patch_embed.proj.weight | 786432     | [FROZEN]
2026-06-25 00:34:18,049 | INFO | vit_model.base_model.model.patch_embed.proj.bias | 1024       | [FROZEN]
2026-06-25 00:34:18,049 | INFO | vit_model.base_model.model.blocks.0.norm1.weight | 1024       | [FROZEN]
2026-06-25 00:34:18,049 | INFO | vit_model.base_model.model.blocks.0.norm1.bias | 1024       | [FROZEN]
2026-06-25 00:34:18,049 | INFO | vit_model.base_model.model.blocks.0.attn.qkv.base_layer.weight | 3145728    | [FROZEN]
2026-06-25 00:34:18,049 | INFO | vit_model.base_model.model.blocks.0.attn.qkv.base_layer.bias | 3072       | [FROZEN]
2026-06-25 00:34:18,049 | INFO | vit_model.base_model.model.blocks.0.attn.qkv.lora_A.default.weight | 8192       | [TRAINABLE]
2026-06-25 00:34:18,049 | INFO | vit_model.base_model.model.blocks.0.attn.qkv.lora_B.default.weight | 24576      | [TRAINABLE]
2026-06-25 00:34:18,049 | INFO | vit_model.base_model.model.blocks.0.attn.proj.weight | 1048576    | [FROZEN]
2026-06-25 00:34:18,049 | INFO | vit_model.base_model.model.blocks.0.attn.proj.bias | 1024       | [FROZEN]
2026-06-25 00:34:18,049 | INFO | vit_model.base_model.model.blocks.0.ls1.gamma | 1024       | [FROZEN]
2026-06-25 00:34:18,049 | INFO | vit_model.base_model.model.blocks.0.norm2.weight | 1024       | [FROZEN]
2026-06-25 00:34:18,049 | INFO | vit_model.base_model.model.blocks.0.norm2.bias | 1024       | [FROZEN]
2026-06-25 00:34:18,049 | INFO | vit_model.base_model.model.blocks.0.mlp.fc1.weight | 4194304    | [FROZEN]
2026-06-25 00:34:18,049 | INFO | vit_model.base_model.model.blocks.0.mlp.fc1.bias | 4096       | [FROZEN]
2026-06-25 00:34:18,049 | INFO | vit_model.base_model.model.blocks.0.mlp.fc2.weight | 4194304    | [FROZEN]
2026-06-25 00:34:18,049 | INFO | vit_model.base_model.model.blocks.0.mlp.fc2.bias | 1024       | [FROZEN]
2026-06-25 00:34:18,049 | INFO | vit_model.base_model.model.blocks.0.ls2.gamma | 1024       | [FROZEN]
2026-06-25 00:34:18,049 | INFO | vit_model.base_model.model.blocks.1.norm1.weight | 1024       | [FROZEN]
2026-06-25 00:34:18,049 | INFO | vit_model.base_model.model.blocks.1.norm1.bias | 1024       | [FROZEN]
2026-06-25 00:34:18,049 | INFO | vit_model.base_model.model.blocks.1.attn.qkv.base_layer.weight | 3145728    | [FROZEN]
2026-06-25 00:34:18,049 | INFO | vit_model.base_model.model.blocks.1.attn.qkv.base_layer.bias | 3072       | [FROZEN]
2026-06-25 00:34:18,049 | INFO | vit_model.base_model.model.blocks.1.attn.qkv.lora_A.default.weight | 8192       | [TRAINABLE]
2026-06-25 00:34:18,049 | INFO | vit_model.base_model.model.blocks.1.attn.qkv.lora_B.default.weight | 24576      | [TRAINABLE]
2026-06-25 00:34:18,049 | INFO | vit_model.base_model.model.blocks.1.attn.proj.weight | 1048576    | [FROZEN]
2026-06-25 00:34:18,049 | INFO | vit_model.base_model.model.blocks.1.attn.proj.bias | 1024       | [FROZEN]
2026-06-25 00:34:18,049 | INFO | vit_model.base_model.model.blocks.1.ls1.gamma | 1024       | [FROZEN]
2026-06-25 00:34:18,049 | INFO | vit_model.base_model.model.blocks.1.norm2.weight | 1024       | [FROZEN]
2026-06-25 00:34:18,049 | INFO | vit_model.base_model.model.blocks.1.norm2.bias | 1024       | [FROZEN]
2026-06-25 00:34:18,049 | INFO | vit_model.base_model.model.blocks.1.mlp.fc1.weight | 4194304    | [FROZEN]
2026-06-25 00:34:18,049 | INFO | vit_model.base_model.model.blocks.1.mlp.fc1.bias | 4096       | [FROZEN]
2026-06-25 00:34:18,049 | INFO | vit_model.base_model.model.blocks.1.mlp.fc2.weight | 4194304    | [FROZEN]
2026-06-25 00:34:18,049 | INFO | vit_model.base_model.model.blocks.1.mlp.fc2.bias | 1024       | [FROZEN]
2026-06-25 00:34:18,049 | INFO | vit_model.base_model.model.blocks.1.ls2.gamma | 1024       | [FROZEN]
2026-06-25 00:34:18,049 | INFO | vit_model.base_model.model.blocks.2.norm1.weight | 1024       | [FROZEN]
2026-06-25 00:34:18,049 | INFO | vit_model.base_model.model.blocks.2.norm1.bias | 1024       | [FROZEN]
2026-06-25 00:34:18,049 | INFO | vit_model.base_model.model.blocks.2.attn.qkv.base_layer.weight | 3145728    | [FROZEN]
2026-06-25 00:34:18,049 | INFO | vit_model.base_model.model.blocks.2.attn.qkv.base_layer.bias | 3072       | [FROZEN]
2026-06-25 00:34:18,049 | INFO | vit_model.base_model.model.blocks.2.attn.qkv.lora_A.default.weight | 8192       | [TRAINABLE]
2026-06-25 00:34:18,049 | INFO | vit_model.base_model.model.blocks.2.attn.qkv.lora_B.default.weight | 24576      | [TRAINABLE]
2026-06-25 00:34:18,049 | INFO | vit_model.base_model.model.blocks.2.attn.proj.weight | 1048576    | [FROZEN]
2026-06-25 00:34:18,049 | INFO | vit_model.base_model.model.blocks.2.attn.proj.bias | 1024       | [FROZEN]
2026-06-25 00:34:18,049 | INFO | vit_model.base_model.model.blocks.2.ls1.gamma | 1024       | [FROZEN]
2026-06-25 00:34:18,049 | INFO | vit_model.base_model.model.blocks.2.norm2.weight | 1024       | [FROZEN]
2026-06-25 00:34:18,049 | INFO | vit_model.base_model.model.blocks.2.norm2.bias | 1024       | [FROZEN]
2026-06-25 00:34:18,049 | INFO | vit_model.base_model.model.blocks.2.mlp.fc1.weight | 4194304    | [FROZEN]
2026-06-25 00:34:18,049 | INFO | vit_model.base_model.model.blocks.2.mlp.fc1.bias | 4096       | [FROZEN]
2026-06-25 00:34:18,049 | INFO | vit_model.base_model.model.blocks.2.mlp.fc2.weight | 4194304    | [FROZEN]
2026-06-25 00:34:18,049 | INFO | vit_model.base_model.model.blocks.2.mlp.fc2.bias | 1024       | [FROZEN]
2026-06-25 00:34:18,049 | INFO | vit_model.base_model.model.blocks.2.ls2.gamma | 1024       | [FROZEN]
2026-06-25 00:34:18,049 | INFO | vit_model.base_model.model.blocks.3.norm1.weight | 1024       | [FROZEN]
2026-06-25 00:34:18,050 | INFO | vit_model.base_model.model.blocks.3.norm1.bias | 1024       | [FROZEN]
2026-06-25 00:34:18,050 | INFO | vit_model.base_model.model.blocks.3.attn.qkv.base_layer.weight | 3145728    | [FROZEN]
2026-06-25 00:34:18,050 | INFO | vit_model.base_model.model.blocks.3.attn.qkv.base_layer.bias | 3072       | [FROZEN]
2026-06-25 00:34:18,050 | INFO | vit_model.base_model.model.blocks.3.attn.qkv.lora_A.default.weight | 8192       | [TRAINABLE]
2026-06-25 00:34:18,050 | INFO | vit_model.base_model.model.blocks.3.attn.qkv.lora_B.default.weight | 24576      | [TRAINABLE]
2026-06-25 00:34:18,050 | INFO | vit_model.base_model.model.blocks.3.attn.proj.weight | 1048576    | [FROZEN]
2026-06-25 00:34:18,050 | INFO | vit_model.base_model.model.blocks.3.attn.proj.bias | 1024       | [FROZEN]
2026-06-25 00:34:18,050 | INFO | vit_model.base_model.model.blocks.3.ls1.gamma | 1024       | [FROZEN]
2026-06-25 00:34:18,050 | INFO | vit_model.base_model.model.blocks.3.norm2.weight | 1024       | [FROZEN]
2026-06-25 00:34:18,050 | INFO | vit_model.base_model.model.blocks.3.norm2.bias | 1024       | [FROZEN]
2026-06-25 00:34:18,050 | INFO | vit_model.base_model.model.blocks.3.mlp.fc1.weight | 4194304    | [FROZEN]
2026-06-25 00:34:18,050 | INFO | vit_model.base_model.model.blocks.3.mlp.fc1.bias | 4096       | [FROZEN]
2026-06-25 00:34:18,050 | INFO | vit_model.base_model.model.blocks.3.mlp.fc2.weight | 4194304    | [FROZEN]
2026-06-25 00:34:18,050 | INFO | vit_model.base_model.model.blocks.3.mlp.fc2.bias | 1024       | [FROZEN]
2026-06-25 00:34:18,050 | INFO | vit_model.base_model.model.blocks.3.ls2.gamma | 1024       | [FROZEN]
2026-06-25 00:34:18,050 | INFO | vit_model.base_model.model.blocks.4.norm1.weight | 1024       | [FROZEN]
2026-06-25 00:34:18,050 | INFO | vit_model.base_model.model.blocks.4.norm1.bias | 1024       | [FROZEN]
2026-06-25 00:34:18,050 | INFO | vit_model.base_model.model.blocks.4.attn.qkv.base_layer.weight | 3145728    | [FROZEN]
2026-06-25 00:34:18,050 | INFO | vit_model.base_model.model.blocks.4.attn.qkv.base_layer.bias | 3072       | [FROZEN]
2026-06-25 00:34:18,050 | INFO | vit_model.base_model.model.blocks.4.attn.qkv.lora_A.default.weight | 8192       | [TRAINABLE]
2026-06-25 00:34:18,050 | INFO | vit_model.base_model.model.blocks.4.attn.qkv.lora_B.default.weight | 24576      | [TRAINABLE]
2026-06-25 00:34:18,050 | INFO | vit_model.base_model.model.blocks.4.attn.proj.weight | 1048576    | [FROZEN]
2026-06-25 00:34:18,050 | INFO | vit_model.base_model.model.blocks.4.attn.proj.bias | 1024       | [FROZEN]
2026-06-25 00:34:18,050 | INFO | vit_model.base_model.model.blocks.4.ls1.gamma | 1024       | [FROZEN]
2026-06-25 00:34:18,050 | INFO | vit_model.base_model.model.blocks.4.norm2.weight | 1024       | [FROZEN]
2026-06-25 00:34:18,050 | INFO | vit_model.base_model.model.blocks.4.norm2.bias | 1024       | [FROZEN]
2026-06-25 00:34:18,050 | INFO | vit_model.base_model.model.blocks.4.mlp.fc1.weight | 4194304    | [FROZEN]
2026-06-25 00:34:18,050 | INFO | vit_model.base_model.model.blocks.4.mlp.fc1.bias | 4096       | [FROZEN]
2026-06-25 00:34:18,050 | INFO | vit_model.base_model.model.blocks.4.mlp.fc2.weight | 4194304    | [FROZEN]
2026-06-25 00:34:18,050 | INFO | vit_model.base_model.model.blocks.4.mlp.fc2.bias | 1024       | [FROZEN]
2026-06-25 00:34:18,050 | INFO | vit_model.base_model.model.blocks.4.ls2.gamma | 1024       | [FROZEN]
2026-06-25 00:34:18,050 | INFO | vit_model.base_model.model.blocks.5.norm1.weight | 1024       | [FROZEN]
2026-06-25 00:34:18,050 | INFO | vit_model.base_model.model.blocks.5.norm1.bias | 1024       | [FROZEN]
2026-06-25 00:34:18,050 | INFO | vit_model.base_model.model.blocks.5.attn.qkv.base_layer.weight | 3145728    | [FROZEN]
2026-06-25 00:34:18,050 | INFO | vit_model.base_model.model.blocks.5.attn.qkv.base_layer.bias | 3072       | [FROZEN]
2026-06-25 00:34:18,050 | INFO | vit_model.base_model.model.blocks.5.attn.qkv.lora_A.default.weight | 8192       | [TRAINABLE]
2026-06-25 00:34:18,050 | INFO | vit_model.base_model.model.blocks.5.attn.qkv.lora_B.default.weight | 24576      | [TRAINABLE]
2026-06-25 00:34:18,050 | INFO | vit_model.base_model.model.blocks.5.attn.proj.weight | 1048576    | [FROZEN]
2026-06-25 00:34:18,050 | INFO | vit_model.base_model.model.blocks.5.attn.proj.bias | 1024       | [FROZEN]
2026-06-25 00:34:18,050 | INFO | vit_model.base_model.model.blocks.5.ls1.gamma | 1024       | [FROZEN]
2026-06-25 00:34:18,050 | INFO | vit_model.base_model.model.blocks.5.norm2.weight | 1024       | [FROZEN]
2026-06-25 00:34:18,050 | INFO | vit_model.base_model.model.blocks.5.norm2.bias | 1024       | [FROZEN]
2026-06-25 00:34:18,050 | INFO | vit_model.base_model.model.blocks.5.mlp.fc1.weight | 4194304    | [FROZEN]
2026-06-25 00:34:18,050 | INFO | vit_model.base_model.model.blocks.5.mlp.fc1.bias | 4096       | [FROZEN]
2026-06-25 00:34:18,050 | INFO | vit_model.base_model.model.blocks.5.mlp.fc2.weight | 4194304    | [FROZEN]
2026-06-25 00:34:18,050 | INFO | vit_model.base_model.model.blocks.5.mlp.fc2.bias | 1024       | [FROZEN]
2026-06-25 00:34:18,050 | INFO | vit_model.base_model.model.blocks.5.ls2.gamma | 1024       | [FROZEN]
2026-06-25 00:34:18,050 | INFO | vit_model.base_model.model.blocks.6.norm1.weight | 1024       | [FROZEN]
2026-06-25 00:34:18,050 | INFO | vit_model.base_model.model.blocks.6.norm1.bias | 1024       | [FROZEN]
2026-06-25 00:34:18,050 | INFO | vit_model.base_model.model.blocks.6.attn.qkv.base_layer.weight | 3145728    | [FROZEN]
2026-06-25 00:34:18,050 | INFO | vit_model.base_model.model.blocks.6.attn.qkv.base_layer.bias | 3072       | [FROZEN]
2026-06-25 00:34:18,050 | INFO | vit_model.base_model.model.blocks.6.attn.qkv.lora_A.default.weight | 8192       | [TRAINABLE]
2026-06-25 00:34:18,050 | INFO | vit_model.base_model.model.blocks.6.attn.qkv.lora_B.default.weight | 24576      | [TRAINABLE]
2026-06-25 00:34:18,050 | INFO | vit_model.base_model.model.blocks.6.attn.proj.weight | 1048576    | [FROZEN]
2026-06-25 00:34:18,050 | INFO | vit_model.base_model.model.blocks.6.attn.proj.bias | 1024       | [FROZEN]
2026-06-25 00:34:18,050 | INFO | vit_model.base_model.model.blocks.6.ls1.gamma | 1024       | [FROZEN]
2026-06-25 00:34:18,050 | INFO | vit_model.base_model.model.blocks.6.norm2.weight | 1024       | [FROZEN]
2026-06-25 00:34:18,050 | INFO | vit_model.base_model.model.blocks.6.norm2.bias | 1024       | [FROZEN]
2026-06-25 00:34:18,050 | INFO | vit_model.base_model.model.blocks.6.mlp.fc1.weight | 4194304    | [FROZEN]
2026-06-25 00:34:18,050 | INFO | vit_model.base_model.model.blocks.6.mlp.fc1.bias | 4096       | [FROZEN]
2026-06-25 00:34:18,050 | INFO | vit_model.base_model.model.blocks.6.mlp.fc2.weight | 4194304    | [FROZEN]
2026-06-25 00:34:18,050 | INFO | vit_model.base_model.model.blocks.6.mlp.fc2.bias | 1024       | [FROZEN]
2026-06-25 00:34:18,050 | INFO | vit_model.base_model.model.blocks.6.ls2.gamma | 1024       | [FROZEN]
2026-06-25 00:34:18,050 | INFO | vit_model.base_model.model.blocks.7.norm1.weight | 1024       | [FROZEN]
2026-06-25 00:34:18,050 | INFO | vit_model.base_model.model.blocks.7.norm1.bias | 1024       | [FROZEN]
2026-06-25 00:34:18,050 | INFO | vit_model.base_model.model.blocks.7.attn.qkv.base_layer.weight | 3145728    | [FROZEN]
2026-06-25 00:34:18,050 | INFO | vit_model.base_model.model.blocks.7.attn.qkv.base_layer.bias | 3072       | [FROZEN]
2026-06-25 00:34:18,050 | INFO | vit_model.base_model.model.blocks.7.attn.qkv.lora_A.default.weight | 8192       | [TRAINABLE]
2026-06-25 00:34:18,050 | INFO | vit_model.base_model.model.blocks.7.attn.qkv.lora_B.default.weight | 24576      | [TRAINABLE]
2026-06-25 00:34:18,051 | INFO | vit_model.base_model.model.blocks.7.attn.proj.weight | 1048576    | [FROZEN]
2026-06-25 00:34:18,051 | INFO | vit_model.base_model.model.blocks.7.attn.proj.bias | 1024       | [FROZEN]
2026-06-25 00:34:18,051 | INFO | vit_model.base_model.model.blocks.7.ls1.gamma | 1024       | [FROZEN]
2026-06-25 00:34:18,051 | INFO | vit_model.base_model.model.blocks.7.norm2.weight | 1024       | [FROZEN]
2026-06-25 00:34:18,051 | INFO | vit_model.base_model.model.blocks.7.norm2.bias | 1024       | [FROZEN]
2026-06-25 00:34:18,051 | INFO | vit_model.base_model.model.blocks.7.mlp.fc1.weight | 4194304    | [FROZEN]
2026-06-25 00:34:18,051 | INFO | vit_model.base_model.model.blocks.7.mlp.fc1.bias | 4096       | [FROZEN]
2026-06-25 00:34:18,051 | INFO | vit_model.base_model.model.blocks.7.mlp.fc2.weight | 4194304    | [FROZEN]
2026-06-25 00:34:18,051 | INFO | vit_model.base_model.model.blocks.7.mlp.fc2.bias | 1024       | [FROZEN]
2026-06-25 00:34:18,051 | INFO | vit_model.base_model.model.blocks.7.ls2.gamma | 1024       | [FROZEN]
2026-06-25 00:34:18,051 | INFO | vit_model.base_model.model.blocks.8.norm1.weight | 1024       | [FROZEN]
2026-06-25 00:34:18,051 | INFO | vit_model.base_model.model.blocks.8.norm1.bias | 1024       | [FROZEN]
2026-06-25 00:34:18,051 | INFO | vit_model.base_model.model.blocks.8.attn.qkv.base_layer.weight | 3145728    | [FROZEN]
2026-06-25 00:34:18,051 | INFO | vit_model.base_model.model.blocks.8.attn.qkv.base_layer.bias | 3072       | [FROZEN]
2026-06-25 00:34:18,051 | INFO | vit_model.base_model.model.blocks.8.attn.qkv.lora_A.default.weight | 8192       | [TRAINABLE]
2026-06-25 00:34:18,051 | INFO | vit_model.base_model.model.blocks.8.attn.qkv.lora_B.default.weight | 24576      | [TRAINABLE]
2026-06-25 00:34:18,051 | INFO | vit_model.base_model.model.blocks.8.attn.proj.weight | 1048576    | [FROZEN]
2026-06-25 00:34:18,051 | INFO | vit_model.base_model.model.blocks.8.attn.proj.bias | 1024       | [FROZEN]
2026-06-25 00:34:18,051 | INFO | vit_model.base_model.model.blocks.8.ls1.gamma | 1024       | [FROZEN]
2026-06-25 00:34:18,051 | INFO | vit_model.base_model.model.blocks.8.norm2.weight | 1024       | [FROZEN]
2026-06-25 00:34:18,051 | INFO | vit_model.base_model.model.blocks.8.norm2.bias | 1024       | [FROZEN]
2026-06-25 00:34:18,051 | INFO | vit_model.base_model.model.blocks.8.mlp.fc1.weight | 4194304    | [FROZEN]
2026-06-25 00:34:18,051 | INFO | vit_model.base_model.model.blocks.8.mlp.fc1.bias | 4096       | [FROZEN]
2026-06-25 00:34:18,051 | INFO | vit_model.base_model.model.blocks.8.mlp.fc2.weight | 4194304    | [FROZEN]
2026-06-25 00:34:18,051 | INFO | vit_model.base_model.model.blocks.8.mlp.fc2.bias | 1024       | [FROZEN]
2026-06-25 00:34:18,051 | INFO | vit_model.base_model.model.blocks.8.ls2.gamma | 1024       | [FROZEN]
2026-06-25 00:34:18,051 | INFO | vit_model.base_model.model.blocks.9.norm1.weight | 1024       | [FROZEN]
2026-06-25 00:34:18,051 | INFO | vit_model.base_model.model.blocks.9.norm1.bias | 1024       | [FROZEN]
2026-06-25 00:34:18,051 | INFO | vit_model.base_model.model.blocks.9.attn.qkv.base_layer.weight | 3145728    | [FROZEN]
2026-06-25 00:34:18,051 | INFO | vit_model.base_model.model.blocks.9.attn.qkv.base_layer.bias | 3072       | [FROZEN]
2026-06-25 00:34:18,051 | INFO | vit_model.base_model.model.blocks.9.attn.qkv.lora_A.default.weight | 8192       | [TRAINABLE]
2026-06-25 00:34:18,051 | INFO | vit_model.base_model.model.blocks.9.attn.qkv.lora_B.default.weight | 24576      | [TRAINABLE]
2026-06-25 00:34:18,051 | INFO | vit_model.base_model.model.blocks.9.attn.proj.weight | 1048576    | [FROZEN]
2026-06-25 00:34:18,051 | INFO | vit_model.base_model.model.blocks.9.attn.proj.bias | 1024       | [FROZEN]
2026-06-25 00:34:18,051 | INFO | vit_model.base_model.model.blocks.9.ls1.gamma | 1024       | [FROZEN]
2026-06-25 00:34:18,051 | INFO | vit_model.base_model.model.blocks.9.norm2.weight | 1024       | [FROZEN]
2026-06-25 00:34:18,051 | INFO | vit_model.base_model.model.blocks.9.norm2.bias | 1024       | [FROZEN]
2026-06-25 00:34:18,051 | INFO | vit_model.base_model.model.blocks.9.mlp.fc1.weight | 4194304    | [FROZEN]
2026-06-25 00:34:18,051 | INFO | vit_model.base_model.model.blocks.9.mlp.fc1.bias | 4096       | [FROZEN]
2026-06-25 00:34:18,051 | INFO | vit_model.base_model.model.blocks.9.mlp.fc2.weight | 4194304    | [FROZEN]
2026-06-25 00:34:18,051 | INFO | vit_model.base_model.model.blocks.9.mlp.fc2.bias | 1024       | [FROZEN]
2026-06-25 00:34:18,051 | INFO | vit_model.base_model.model.blocks.9.ls2.gamma | 1024       | [FROZEN]
2026-06-25 00:34:18,051 | INFO | vit_model.base_model.model.blocks.10.norm1.weight | 1024       | [FROZEN]
2026-06-25 00:34:18,051 | INFO | vit_model.base_model.model.blocks.10.norm1.bias | 1024       | [FROZEN]
2026-06-25 00:34:18,051 | INFO | vit_model.base_model.model.blocks.10.attn.qkv.base_layer.weight | 3145728    | [FROZEN]
2026-06-25 00:34:18,051 | INFO | vit_model.base_model.model.blocks.10.attn.qkv.base_layer.bias | 3072       | [FROZEN]
2026-06-25 00:34:18,051 | INFO | vit_model.base_model.model.blocks.10.attn.qkv.lora_A.default.weight | 8192       | [TRAINABLE]
2026-06-25 00:34:18,051 | INFO | vit_model.base_model.model.blocks.10.attn.qkv.lora_B.default.weight | 24576      | [TRAINABLE]
2026-06-25 00:34:18,051 | INFO | vit_model.base_model.model.blocks.10.attn.proj.weight | 1048576    | [FROZEN]
2026-06-25 00:34:18,051 | INFO | vit_model.base_model.model.blocks.10.attn.proj.bias | 1024       | [FROZEN]
2026-06-25 00:34:18,051 | INFO | vit_model.base_model.model.blocks.10.ls1.gamma | 1024       | [FROZEN]
2026-06-25 00:34:18,051 | INFO | vit_model.base_model.model.blocks.10.norm2.weight | 1024       | [FROZEN]
2026-06-25 00:34:18,051 | INFO | vit_model.base_model.model.blocks.10.norm2.bias | 1024       | [FROZEN]
2026-06-25 00:34:18,051 | INFO | vit_model.base_model.model.blocks.10.mlp.fc1.weight | 4194304    | [FROZEN]
2026-06-25 00:34:18,051 | INFO | vit_model.base_model.model.blocks.10.mlp.fc1.bias | 4096       | [FROZEN]
2026-06-25 00:34:18,051 | INFO | vit_model.base_model.model.blocks.10.mlp.fc2.weight | 4194304    | [FROZEN]
2026-06-25 00:34:18,051 | INFO | vit_model.base_model.model.blocks.10.mlp.fc2.bias | 1024       | [FROZEN]
2026-06-25 00:34:18,051 | INFO | vit_model.base_model.model.blocks.10.ls2.gamma | 1024       | [FROZEN]
2026-06-25 00:34:18,051 | INFO | vit_model.base_model.model.blocks.11.norm1.weight | 1024       | [FROZEN]
2026-06-25 00:34:18,051 | INFO | vit_model.base_model.model.blocks.11.norm1.bias | 1024       | [FROZEN]
2026-06-25 00:34:18,051 | INFO | vit_model.base_model.model.blocks.11.attn.qkv.base_layer.weight | 3145728    | [FROZEN]
2026-06-25 00:34:18,051 | INFO | vit_model.base_model.model.blocks.11.attn.qkv.base_layer.bias | 3072       | [FROZEN]
2026-06-25 00:34:18,051 | INFO | vit_model.base_model.model.blocks.11.attn.qkv.lora_A.default.weight | 8192       | [TRAINABLE]
2026-06-25 00:34:18,051 | INFO | vit_model.base_model.model.blocks.11.attn.qkv.lora_B.default.weight | 24576      | [TRAINABLE]
2026-06-25 00:34:18,052 | INFO | vit_model.base_model.model.blocks.11.attn.proj.weight | 1048576    | [FROZEN]
2026-06-25 00:34:18,052 | INFO | vit_model.base_model.model.blocks.11.attn.proj.bias | 1024       | [FROZEN]
2026-06-25 00:34:18,052 | INFO | vit_model.base_model.model.blocks.11.ls1.gamma | 1024       | [FROZEN]
2026-06-25 00:34:18,052 | INFO | vit_model.base_model.model.blocks.11.norm2.weight | 1024       | [FROZEN]
2026-06-25 00:34:18,052 | INFO | vit_model.base_model.model.blocks.11.norm2.bias | 1024       | [FROZEN]
2026-06-25 00:34:18,052 | INFO | vit_model.base_model.model.blocks.11.mlp.fc1.weight | 4194304    | [FROZEN]
2026-06-25 00:34:18,052 | INFO | vit_model.base_model.model.blocks.11.mlp.fc1.bias | 4096       | [FROZEN]
2026-06-25 00:34:18,052 | INFO | vit_model.base_model.model.blocks.11.mlp.fc2.weight | 4194304    | [FROZEN]
2026-06-25 00:34:18,052 | INFO | vit_model.base_model.model.blocks.11.mlp.fc2.bias | 1024       | [FROZEN]
2026-06-25 00:34:18,052 | INFO | vit_model.base_model.model.blocks.11.ls2.gamma | 1024       | [FROZEN]
2026-06-25 00:34:18,052 | INFO | vit_model.base_model.model.blocks.12.norm1.weight | 1024       | [FROZEN]
2026-06-25 00:34:18,052 | INFO | vit_model.base_model.model.blocks.12.norm1.bias | 1024       | [FROZEN]
2026-06-25 00:34:18,052 | INFO | vit_model.base_model.model.blocks.12.attn.qkv.base_layer.weight | 3145728    | [FROZEN]
2026-06-25 00:34:18,052 | INFO | vit_model.base_model.model.blocks.12.attn.qkv.base_layer.bias | 3072       | [FROZEN]
2026-06-25 00:34:18,052 | INFO | vit_model.base_model.model.blocks.12.attn.qkv.lora_A.default.weight | 8192       | [TRAINABLE]
2026-06-25 00:34:18,052 | INFO | vit_model.base_model.model.blocks.12.attn.qkv.lora_B.default.weight | 24576      | [TRAINABLE]
2026-06-25 00:34:18,052 | INFO | vit_model.base_model.model.blocks.12.attn.proj.weight | 1048576    | [FROZEN]
2026-06-25 00:34:18,052 | INFO | vit_model.base_model.model.blocks.12.attn.proj.bias | 1024       | [FROZEN]
2026-06-25 00:34:18,052 | INFO | vit_model.base_model.model.blocks.12.ls1.gamma | 1024       | [FROZEN]
2026-06-25 00:34:18,052 | INFO | vit_model.base_model.model.blocks.12.norm2.weight | 1024       | [FROZEN]
2026-06-25 00:34:18,052 | INFO | vit_model.base_model.model.blocks.12.norm2.bias | 1024       | [FROZEN]
2026-06-25 00:34:18,052 | INFO | vit_model.base_model.model.blocks.12.mlp.fc1.weight | 4194304    | [FROZEN]
2026-06-25 00:34:18,052 | INFO | vit_model.base_model.model.blocks.12.mlp.fc1.bias | 4096       | [FROZEN]
2026-06-25 00:34:18,052 | INFO | vit_model.base_model.model.blocks.12.mlp.fc2.weight | 4194304    | [FROZEN]
2026-06-25 00:34:18,052 | INFO | vit_model.base_model.model.blocks.12.mlp.fc2.bias | 1024       | [FROZEN]
2026-06-25 00:34:18,052 | INFO | vit_model.base_model.model.blocks.12.ls2.gamma | 1024       | [FROZEN]
2026-06-25 00:34:18,052 | INFO | vit_model.base_model.model.blocks.13.norm1.weight | 1024       | [FROZEN]
2026-06-25 00:34:18,052 | INFO | vit_model.base_model.model.blocks.13.norm1.bias | 1024       | [FROZEN]
2026-06-25 00:34:18,052 | INFO | vit_model.base_model.model.blocks.13.attn.qkv.base_layer.weight | 3145728    | [FROZEN]
2026-06-25 00:34:18,052 | INFO | vit_model.base_model.model.blocks.13.attn.qkv.base_layer.bias | 3072       | [FROZEN]
2026-06-25 00:34:18,052 | INFO | vit_model.base_model.model.blocks.13.attn.qkv.lora_A.default.weight | 8192       | [TRAINABLE]
2026-06-25 00:34:18,052 | INFO | vit_model.base_model.model.blocks.13.attn.qkv.lora_B.default.weight | 24576      | [TRAINABLE]
2026-06-25 00:34:18,052 | INFO | vit_model.base_model.model.blocks.13.attn.proj.weight | 1048576    | [FROZEN]
2026-06-25 00:34:18,052 | INFO | vit_model.base_model.model.blocks.13.attn.proj.bias | 1024       | [FROZEN]
2026-06-25 00:34:18,052 | INFO | vit_model.base_model.model.blocks.13.ls1.gamma | 1024       | [FROZEN]
2026-06-25 00:34:18,052 | INFO | vit_model.base_model.model.blocks.13.norm2.weight | 1024       | [FROZEN]
2026-06-25 00:34:18,052 | INFO | vit_model.base_model.model.blocks.13.norm2.bias | 1024       | [FROZEN]
2026-06-25 00:34:18,052 | INFO | vit_model.base_model.model.blocks.13.mlp.fc1.weight | 4194304    | [FROZEN]
2026-06-25 00:34:18,052 | INFO | vit_model.base_model.model.blocks.13.mlp.fc1.bias | 4096       | [FROZEN]
2026-06-25 00:34:18,052 | INFO | vit_model.base_model.model.blocks.13.mlp.fc2.weight | 4194304    | [FROZEN]
2026-06-25 00:34:18,052 | INFO | vit_model.base_model.model.blocks.13.mlp.fc2.bias | 1024       | [FROZEN]
2026-06-25 00:34:18,052 | INFO | vit_model.base_model.model.blocks.13.ls2.gamma | 1024       | [FROZEN]
2026-06-25 00:34:18,052 | INFO | vit_model.base_model.model.blocks.14.norm1.weight | 1024       | [FROZEN]
2026-06-25 00:34:18,052 | INFO | vit_model.base_model.model.blocks.14.norm1.bias | 1024       | [FROZEN]
2026-06-25 00:34:18,052 | INFO | vit_model.base_model.model.blocks.14.attn.qkv.base_layer.weight | 3145728    | [FROZEN]
2026-06-25 00:34:18,052 | INFO | vit_model.base_model.model.blocks.14.attn.qkv.base_layer.bias | 3072       | [FROZEN]
2026-06-25 00:34:18,052 | INFO | vit_model.base_model.model.blocks.14.attn.qkv.lora_A.default.weight | 8192       | [TRAINABLE]
2026-06-25 00:34:18,052 | INFO | vit_model.base_model.model.blocks.14.attn.qkv.lora_B.default.weight | 24576      | [TRAINABLE]
2026-06-25 00:34:18,052 | INFO | vit_model.base_model.model.blocks.14.attn.proj.weight | 1048576    | [FROZEN]
2026-06-25 00:34:18,052 | INFO | vit_model.base_model.model.blocks.14.attn.proj.bias | 1024       | [FROZEN]
2026-06-25 00:34:18,052 | INFO | vit_model.base_model.model.blocks.14.ls1.gamma | 1024       | [FROZEN]
2026-06-25 00:34:18,052 | INFO | vit_model.base_model.model.blocks.14.norm2.weight | 1024       | [FROZEN]
2026-06-25 00:34:18,052 | INFO | vit_model.base_model.model.blocks.14.norm2.bias | 1024       | [FROZEN]
2026-06-25 00:34:18,052 | INFO | vit_model.base_model.model.blocks.14.mlp.fc1.weight | 4194304    | [FROZEN]
2026-06-25 00:34:18,052 | INFO | vit_model.base_model.model.blocks.14.mlp.fc1.bias | 4096       | [FROZEN]
2026-06-25 00:34:18,052 | INFO | vit_model.base_model.model.blocks.14.mlp.fc2.weight | 4194304    | [FROZEN]
2026-06-25 00:34:18,052 | INFO | vit_model.base_model.model.blocks.14.mlp.fc2.bias | 1024       | [FROZEN]
2026-06-25 00:34:18,052 | INFO | vit_model.base_model.model.blocks.14.ls2.gamma | 1024       | [FROZEN]
2026-06-25 00:34:18,052 | INFO | vit_model.base_model.model.blocks.15.norm1.weight | 1024       | [FROZEN]
2026-06-25 00:34:18,052 | INFO | vit_model.base_model.model.blocks.15.norm1.bias | 1024       | [FROZEN]
2026-06-25 00:34:18,052 | INFO | vit_model.base_model.model.blocks.15.attn.qkv.base_layer.weight | 3145728    | [FROZEN]
2026-06-25 00:34:18,052 | INFO | vit_model.base_model.model.blocks.15.attn.qkv.base_layer.bias | 3072       | [FROZEN]
2026-06-25 00:34:18,052 | INFO | vit_model.base_model.model.blocks.15.attn.qkv.lora_A.default.weight | 8192       | [TRAINABLE]
2026-06-25 00:34:18,052 | INFO | vit_model.base_model.model.blocks.15.attn.qkv.lora_B.default.weight | 24576      | [TRAINABLE]
2026-06-25 00:34:18,052 | INFO | vit_model.base_model.model.blocks.15.attn.proj.weight | 1048576    | [FROZEN]
2026-06-25 00:34:18,052 | INFO | vit_model.base_model.model.blocks.15.attn.proj.bias | 1024       | [FROZEN]
2026-06-25 00:34:18,052 | INFO | vit_model.base_model.model.blocks.15.ls1.gamma | 1024       | [FROZEN]
2026-06-25 00:34:18,053 | INFO | vit_model.base_model.model.blocks.15.norm2.weight | 1024       | [FROZEN]
2026-06-25 00:34:18,053 | INFO | vit_model.base_model.model.blocks.15.norm2.bias | 1024       | [FROZEN]
2026-06-25 00:34:18,053 | INFO | vit_model.base_model.model.blocks.15.mlp.fc1.weight | 4194304    | [FROZEN]
2026-06-25 00:34:18,053 | INFO | vit_model.base_model.model.blocks.15.mlp.fc1.bias | 4096       | [FROZEN]
2026-06-25 00:34:18,053 | INFO | vit_model.base_model.model.blocks.15.mlp.fc2.weight | 4194304    | [FROZEN]
2026-06-25 00:34:18,053 | INFO | vit_model.base_model.model.blocks.15.mlp.fc2.bias | 1024       | [FROZEN]
2026-06-25 00:34:18,053 | INFO | vit_model.base_model.model.blocks.15.ls2.gamma | 1024       | [FROZEN]
2026-06-25 00:34:18,053 | INFO | vit_model.base_model.model.blocks.16.norm1.weight | 1024       | [FROZEN]
2026-06-25 00:34:18,053 | INFO | vit_model.base_model.model.blocks.16.norm1.bias | 1024       | [FROZEN]
2026-06-25 00:34:18,053 | INFO | vit_model.base_model.model.blocks.16.attn.qkv.base_layer.weight | 3145728    | [FROZEN]
2026-06-25 00:34:18,053 | INFO | vit_model.base_model.model.blocks.16.attn.qkv.base_layer.bias | 3072       | [FROZEN]
2026-06-25 00:34:18,053 | INFO | vit_model.base_model.model.blocks.16.attn.qkv.lora_A.default.weight | 8192       | [TRAINABLE]
2026-06-25 00:34:18,053 | INFO | vit_model.base_model.model.blocks.16.attn.qkv.lora_B.default.weight | 24576      | [TRAINABLE]
2026-06-25 00:34:18,053 | INFO | vit_model.base_model.model.blocks.16.attn.proj.weight | 1048576    | [FROZEN]
2026-06-25 00:34:18,053 | INFO | vit_model.base_model.model.blocks.16.attn.proj.bias | 1024       | [FROZEN]
2026-06-25 00:34:18,053 | INFO | vit_model.base_model.model.blocks.16.ls1.gamma | 1024       | [FROZEN]
2026-06-25 00:34:18,053 | INFO | vit_model.base_model.model.blocks.16.norm2.weight | 1024       | [FROZEN]
2026-06-25 00:34:18,053 | INFO | vit_model.base_model.model.blocks.16.norm2.bias | 1024       | [FROZEN]
2026-06-25 00:34:18,053 | INFO | vit_model.base_model.model.blocks.16.mlp.fc1.weight | 4194304    | [FROZEN]
2026-06-25 00:34:18,053 | INFO | vit_model.base_model.model.blocks.16.mlp.fc1.bias | 4096       | [FROZEN]
2026-06-25 00:34:18,053 | INFO | vit_model.base_model.model.blocks.16.mlp.fc2.weight | 4194304    | [FROZEN]
2026-06-25 00:34:18,053 | INFO | vit_model.base_model.model.blocks.16.mlp.fc2.bias | 1024       | [FROZEN]
2026-06-25 00:34:18,053 | INFO | vit_model.base_model.model.blocks.16.ls2.gamma | 1024       | [FROZEN]
2026-06-25 00:34:18,053 | INFO | vit_model.base_model.model.blocks.17.norm1.weight | 1024       | [FROZEN]
2026-06-25 00:34:18,053 | INFO | vit_model.base_model.model.blocks.17.norm1.bias | 1024       | [FROZEN]
2026-06-25 00:34:18,053 | INFO | vit_model.base_model.model.blocks.17.attn.qkv.base_layer.weight | 3145728    | [FROZEN]
2026-06-25 00:34:18,053 | INFO | vit_model.base_model.model.blocks.17.attn.qkv.base_layer.bias | 3072       | [FROZEN]
2026-06-25 00:34:18,053 | INFO | vit_model.base_model.model.blocks.17.attn.qkv.lora_A.default.weight | 8192       | [TRAINABLE]
2026-06-25 00:34:18,053 | INFO | vit_model.base_model.model.blocks.17.attn.qkv.lora_B.default.weight | 24576      | [TRAINABLE]
2026-06-25 00:34:18,053 | INFO | vit_model.base_model.model.blocks.17.attn.proj.weight | 1048576    | [FROZEN]
2026-06-25 00:34:18,053 | INFO | vit_model.base_model.model.blocks.17.attn.proj.bias | 1024       | [FROZEN]
2026-06-25 00:34:18,053 | INFO | vit_model.base_model.model.blocks.17.ls1.gamma | 1024       | [FROZEN]
2026-06-25 00:34:18,053 | INFO | vit_model.base_model.model.blocks.17.norm2.weight | 1024       | [FROZEN]
2026-06-25 00:34:18,053 | INFO | vit_model.base_model.model.blocks.17.norm2.bias | 1024       | [FROZEN]
2026-06-25 00:34:18,053 | INFO | vit_model.base_model.model.blocks.17.mlp.fc1.weight | 4194304    | [FROZEN]
2026-06-25 00:34:18,053 | INFO | vit_model.base_model.model.blocks.17.mlp.fc1.bias | 4096       | [FROZEN]
2026-06-25 00:34:18,053 | INFO | vit_model.base_model.model.blocks.17.mlp.fc2.weight | 4194304    | [FROZEN]
2026-06-25 00:34:18,053 | INFO | vit_model.base_model.model.blocks.17.mlp.fc2.bias | 1024       | [FROZEN]
2026-06-25 00:34:18,053 | INFO | vit_model.base_model.model.blocks.17.ls2.gamma | 1024       | [FROZEN]
2026-06-25 00:34:18,053 | INFO | vit_model.base_model.model.blocks.18.norm1.weight | 1024       | [FROZEN]
2026-06-25 00:34:18,053 | INFO | vit_model.base_model.model.blocks.18.norm1.bias | 1024       | [FROZEN]
2026-06-25 00:34:18,053 | INFO | vit_model.base_model.model.blocks.18.attn.qkv.base_layer.weight | 3145728    | [FROZEN]
2026-06-25 00:34:18,053 | INFO | vit_model.base_model.model.blocks.18.attn.qkv.base_layer.bias | 3072       | [FROZEN]
2026-06-25 00:34:18,053 | INFO | vit_model.base_model.model.blocks.18.attn.qkv.lora_A.default.weight | 8192       | [TRAINABLE]
2026-06-25 00:34:18,053 | INFO | vit_model.base_model.model.blocks.18.attn.qkv.lora_B.default.weight | 24576      | [TRAINABLE]
2026-06-25 00:34:18,053 | INFO | vit_model.base_model.model.blocks.18.attn.proj.weight | 1048576    | [FROZEN]
2026-06-25 00:34:18,053 | INFO | vit_model.base_model.model.blocks.18.attn.proj.bias | 1024       | [FROZEN]
2026-06-25 00:34:18,053 | INFO | vit_model.base_model.model.blocks.18.ls1.gamma | 1024       | [FROZEN]
2026-06-25 00:34:18,053 | INFO | vit_model.base_model.model.blocks.18.norm2.weight | 1024       | [FROZEN]
2026-06-25 00:34:18,053 | INFO | vit_model.base_model.model.blocks.18.norm2.bias | 1024       | [FROZEN]
2026-06-25 00:34:18,053 | INFO | vit_model.base_model.model.blocks.18.mlp.fc1.weight | 4194304    | [FROZEN]
2026-06-25 00:34:18,053 | INFO | vit_model.base_model.model.blocks.18.mlp.fc1.bias | 4096       | [FROZEN]
2026-06-25 00:34:18,053 | INFO | vit_model.base_model.model.blocks.18.mlp.fc2.weight | 4194304    | [FROZEN]
2026-06-25 00:34:18,053 | INFO | vit_model.base_model.model.blocks.18.mlp.fc2.bias | 1024       | [FROZEN]
2026-06-25 00:34:18,053 | INFO | vit_model.base_model.model.blocks.18.ls2.gamma | 1024       | [FROZEN]
2026-06-25 00:34:18,053 | INFO | vit_model.base_model.model.blocks.19.norm1.weight | 1024       | [FROZEN]
2026-06-25 00:34:18,053 | INFO | vit_model.base_model.model.blocks.19.norm1.bias | 1024       | [FROZEN]
2026-06-25 00:34:18,053 | INFO | vit_model.base_model.model.blocks.19.attn.qkv.base_layer.weight | 3145728    | [FROZEN]
2026-06-25 00:34:18,053 | INFO | vit_model.base_model.model.blocks.19.attn.qkv.base_layer.bias | 3072       | [FROZEN]
2026-06-25 00:34:18,053 | INFO | vit_model.base_model.model.blocks.19.attn.qkv.lora_A.default.weight | 8192       | [TRAINABLE]
2026-06-25 00:34:18,053 | INFO | vit_model.base_model.model.blocks.19.attn.qkv.lora_B.default.weight | 24576      | [TRAINABLE]
2026-06-25 00:34:18,053 | INFO | vit_model.base_model.model.blocks.19.attn.proj.weight | 1048576    | [FROZEN]
2026-06-25 00:34:18,053 | INFO | vit_model.base_model.model.blocks.19.attn.proj.bias | 1024       | [FROZEN]
2026-06-25 00:34:18,053 | INFO | vit_model.base_model.model.blocks.19.ls1.gamma | 1024       | [FROZEN]
2026-06-25 00:34:18,054 | INFO | vit_model.base_model.model.blocks.19.norm2.weight | 1024       | [FROZEN]
2026-06-25 00:34:18,054 | INFO | vit_model.base_model.model.blocks.19.norm2.bias | 1024       | [FROZEN]
2026-06-25 00:34:18,054 | INFO | vit_model.base_model.model.blocks.19.mlp.fc1.weight | 4194304    | [FROZEN]
2026-06-25 00:34:18,054 | INFO | vit_model.base_model.model.blocks.19.mlp.fc1.bias | 4096       | [FROZEN]
2026-06-25 00:34:18,054 | INFO | vit_model.base_model.model.blocks.19.mlp.fc2.weight | 4194304    | [FROZEN]
2026-06-25 00:34:18,054 | INFO | vit_model.base_model.model.blocks.19.mlp.fc2.bias | 1024       | [FROZEN]
2026-06-25 00:34:18,054 | INFO | vit_model.base_model.model.blocks.19.ls2.gamma | 1024       | [FROZEN]
2026-06-25 00:34:18,054 | INFO | vit_model.base_model.model.blocks.20.norm1.weight | 1024       | [FROZEN]
2026-06-25 00:34:18,054 | INFO | vit_model.base_model.model.blocks.20.norm1.bias | 1024       | [FROZEN]
2026-06-25 00:34:18,054 | INFO | vit_model.base_model.model.blocks.20.attn.qkv.base_layer.weight | 3145728    | [FROZEN]
2026-06-25 00:34:18,054 | INFO | vit_model.base_model.model.blocks.20.attn.qkv.base_layer.bias | 3072       | [FROZEN]
2026-06-25 00:34:18,054 | INFO | vit_model.base_model.model.blocks.20.attn.qkv.lora_A.default.weight | 8192       | [TRAINABLE]
2026-06-25 00:34:18,054 | INFO | vit_model.base_model.model.blocks.20.attn.qkv.lora_B.default.weight | 24576      | [TRAINABLE]
2026-06-25 00:34:18,054 | INFO | vit_model.base_model.model.blocks.20.attn.proj.weight | 1048576    | [FROZEN]
2026-06-25 00:34:18,054 | INFO | vit_model.base_model.model.blocks.20.attn.proj.bias | 1024       | [FROZEN]
2026-06-25 00:34:18,054 | INFO | vit_model.base_model.model.blocks.20.ls1.gamma | 1024       | [FROZEN]
2026-06-25 00:34:18,054 | INFO | vit_model.base_model.model.blocks.20.norm2.weight | 1024       | [FROZEN]
2026-06-25 00:34:18,054 | INFO | vit_model.base_model.model.blocks.20.norm2.bias | 1024       | [FROZEN]
2026-06-25 00:34:18,054 | INFO | vit_model.base_model.model.blocks.20.mlp.fc1.weight | 4194304    | [FROZEN]
2026-06-25 00:34:18,054 | INFO | vit_model.base_model.model.blocks.20.mlp.fc1.bias | 4096       | [FROZEN]
2026-06-25 00:34:18,054 | INFO | vit_model.base_model.model.blocks.20.mlp.fc2.weight | 4194304    | [FROZEN]
2026-06-25 00:34:18,054 | INFO | vit_model.base_model.model.blocks.20.mlp.fc2.bias | 1024       | [FROZEN]
2026-06-25 00:34:18,054 | INFO | vit_model.base_model.model.blocks.20.ls2.gamma | 1024       | [FROZEN]
2026-06-25 00:34:18,054 | INFO | vit_model.base_model.model.blocks.21.norm1.weight | 1024       | [FROZEN]
2026-06-25 00:34:18,054 | INFO | vit_model.base_model.model.blocks.21.norm1.bias | 1024       | [FROZEN]
2026-06-25 00:34:18,054 | INFO | vit_model.base_model.model.blocks.21.attn.qkv.base_layer.weight | 3145728    | [FROZEN]
2026-06-25 00:34:18,054 | INFO | vit_model.base_model.model.blocks.21.attn.qkv.base_layer.bias | 3072       | [FROZEN]
2026-06-25 00:34:18,054 | INFO | vit_model.base_model.model.blocks.21.attn.qkv.lora_A.default.weight | 8192       | [TRAINABLE]
2026-06-25 00:34:18,054 | INFO | vit_model.base_model.model.blocks.21.attn.qkv.lora_B.default.weight | 24576      | [TRAINABLE]
2026-06-25 00:34:18,054 | INFO | vit_model.base_model.model.blocks.21.attn.proj.weight | 1048576    | [FROZEN]
2026-06-25 00:34:18,054 | INFO | vit_model.base_model.model.blocks.21.attn.proj.bias | 1024       | [FROZEN]
2026-06-25 00:34:18,054 | INFO | vit_model.base_model.model.blocks.21.ls1.gamma | 1024       | [FROZEN]
2026-06-25 00:34:18,054 | INFO | vit_model.base_model.model.blocks.21.norm2.weight | 1024       | [FROZEN]
2026-06-25 00:34:18,054 | INFO | vit_model.base_model.model.blocks.21.norm2.bias | 1024       | [FROZEN]
2026-06-25 00:34:18,054 | INFO | vit_model.base_model.model.blocks.21.mlp.fc1.weight | 4194304    | [FROZEN]
2026-06-25 00:34:18,054 | INFO | vit_model.base_model.model.blocks.21.mlp.fc1.bias | 4096       | [FROZEN]
2026-06-25 00:34:18,054 | INFO | vit_model.base_model.model.blocks.21.mlp.fc2.weight | 4194304    | [FROZEN]
2026-06-25 00:34:18,054 | INFO | vit_model.base_model.model.blocks.21.mlp.fc2.bias | 1024       | [FROZEN]
2026-06-25 00:34:18,054 | INFO | vit_model.base_model.model.blocks.21.ls2.gamma | 1024       | [FROZEN]
2026-06-25 00:34:18,054 | INFO | vit_model.base_model.model.blocks.22.norm1.weight | 1024       | [FROZEN]
2026-06-25 00:34:18,054 | INFO | vit_model.base_model.model.blocks.22.norm1.bias | 1024       | [FROZEN]
2026-06-25 00:34:18,054 | INFO | vit_model.base_model.model.blocks.22.attn.qkv.base_layer.weight | 3145728    | [FROZEN]
2026-06-25 00:34:18,054 | INFO | vit_model.base_model.model.blocks.22.attn.qkv.base_layer.bias | 3072       | [FROZEN]
2026-06-25 00:34:18,054 | INFO | vit_model.base_model.model.blocks.22.attn.qkv.lora_A.default.weight | 8192       | [TRAINABLE]
2026-06-25 00:34:18,054 | INFO | vit_model.base_model.model.blocks.22.attn.qkv.lora_B.default.weight | 24576      | [TRAINABLE]
2026-06-25 00:34:18,054 | INFO | vit_model.base_model.model.blocks.22.attn.proj.weight | 1048576    | [FROZEN]
2026-06-25 00:34:18,054 | INFO | vit_model.base_model.model.blocks.22.attn.proj.bias | 1024       | [FROZEN]
2026-06-25 00:34:18,054 | INFO | vit_model.base_model.model.blocks.22.ls1.gamma | 1024       | [FROZEN]
2026-06-25 00:34:18,054 | INFO | vit_model.base_model.model.blocks.22.norm2.weight | 1024       | [FROZEN]
2026-06-25 00:34:18,054 | INFO | vit_model.base_model.model.blocks.22.norm2.bias | 1024       | [FROZEN]
2026-06-25 00:34:18,054 | INFO | vit_model.base_model.model.blocks.22.mlp.fc1.weight | 4194304    | [FROZEN]
2026-06-25 00:34:18,054 | INFO | vit_model.base_model.model.blocks.22.mlp.fc1.bias | 4096       | [FROZEN]
2026-06-25 00:34:18,054 | INFO | vit_model.base_model.model.blocks.22.mlp.fc2.weight | 4194304    | [FROZEN]
2026-06-25 00:34:18,054 | INFO | vit_model.base_model.model.blocks.22.mlp.fc2.bias | 1024       | [FROZEN]
2026-06-25 00:34:18,054 | INFO | vit_model.base_model.model.blocks.22.ls2.gamma | 1024       | [FROZEN]
2026-06-25 00:34:18,054 | INFO | vit_model.base_model.model.blocks.23.norm1.weight | 1024       | [FROZEN]
2026-06-25 00:34:18,054 | INFO | vit_model.base_model.model.blocks.23.norm1.bias | 1024       | [FROZEN]
2026-06-25 00:34:18,054 | INFO | vit_model.base_model.model.blocks.23.attn.qkv.base_layer.weight | 3145728    | [FROZEN]
2026-06-25 00:34:18,054 | INFO | vit_model.base_model.model.blocks.23.attn.qkv.base_layer.bias | 3072       | [FROZEN]
2026-06-25 00:34:18,054 | INFO | vit_model.base_model.model.blocks.23.attn.qkv.lora_A.default.weight | 8192       | [TRAINABLE]
2026-06-25 00:34:18,054 | INFO | vit_model.base_model.model.blocks.23.attn.qkv.lora_B.default.weight | 24576      | [TRAINABLE]
2026-06-25 00:34:18,054 | INFO | vit_model.base_model.model.blocks.23.attn.proj.weight | 1048576    | [FROZEN]
2026-06-25 00:34:18,054 | INFO | vit_model.base_model.model.blocks.23.attn.proj.bias | 1024       | [FROZEN]
2026-06-25 00:34:18,054 | INFO | vit_model.base_model.model.blocks.23.ls1.gamma | 1024       | [FROZEN]
2026-06-25 00:34:18,054 | INFO | vit_model.base_model.model.blocks.23.norm2.weight | 1024       | [FROZEN]
2026-06-25 00:34:18,054 | INFO | vit_model.base_model.model.blocks.23.norm2.bias | 1024       | [FROZEN]
2026-06-25 00:34:18,055 | INFO | vit_model.base_model.model.blocks.23.mlp.fc1.weight | 4194304    | [FROZEN]
2026-06-25 00:34:18,055 | INFO | vit_model.base_model.model.blocks.23.mlp.fc1.bias | 4096       | [FROZEN]
2026-06-25 00:34:18,055 | INFO | vit_model.base_model.model.blocks.23.mlp.fc2.weight | 4194304    | [FROZEN]
2026-06-25 00:34:18,055 | INFO | vit_model.base_model.model.blocks.23.mlp.fc2.bias | 1024       | [FROZEN]
2026-06-25 00:34:18,055 | INFO | vit_model.base_model.model.blocks.23.ls2.gamma | 1024       | [FROZEN]
2026-06-25 00:34:18,055 | INFO | vit_model.base_model.model.norm.weight   | 1024       | [FROZEN]
2026-06-25 00:34:18,055 | INFO | vit_model.base_model.model.norm.bias     | 1024       | [FROZEN]
2026-06-25 00:34:18,055 | INFO | mil_model.w_map.0.weight                 | 1024       | [TRAINABLE]
2026-06-25 00:34:18,055 | INFO | mil_model.v_map.0.weight                 | 1048576    | [TRAINABLE]
2026-06-25 00:34:18,055 | INFO | concept_heads.0.weight                   | 4096       | [TRAINABLE]
2026-06-25 00:34:18,055 | INFO | concept_heads.0.bias                     | 4          | [TRAINABLE]
2026-06-25 00:34:18,055 | INFO | concept_heads.1.weight                   | 3072       | [TRAINABLE]
2026-06-25 00:34:18,055 | INFO | concept_heads.1.bias                     | 3          | [TRAINABLE]
2026-06-25 00:34:18,055 | INFO | concept_heads.2.weight                   | 3072       | [TRAINABLE]
2026-06-25 00:34:18,055 | INFO | concept_heads.2.bias                     | 3          | [TRAINABLE]
2026-06-25 00:34:18,055 | INFO | task_model.weight                        | 10         | [TRAINABLE]
2026-06-25 00:34:18,055 | INFO | task_model.bias                          | 1          | [TRAINABLE]
2026-06-25 00:34:18,056 | INFO | Total parameters (incl unnamed): 305.1971M
2026-06-25 00:34:18,056 | INFO | Total named parameters: 305.1971M
2026-06-25 00:34:18,056 | INFO | Trainable parameters: 1.8463M
2026-06-25 00:34:18,056 | INFO | ======== starting epoch 1 ========
2026-06-25 00:34:18,056 | INFO | epoch 1 LR at start of epoch: vit = 0.000000
2026-06-25 00:34:18,056 | INFO | epoch 1 LR at start of epoch: head = 0.010000
2026-06-25 00:34:18,056 | INFO | [VALIDATION STEP]
2026-06-25 00:34:33,249 | INFO | [epoch 1 | val | batch 0 start] allocated=2955.9MB | reserved=31856.0MB | peak=12411.9MB
2026-06-25 00:36:19,181 | INFO | [epoch 1 | val | batch 10 start] allocated=2955.9MB | reserved=31856.0MB | peak=12411.9MB
2026-06-25 00:36:30,414 | INFO | epoch 1 val loss (mean of batches): 1.59
2026-06-25 00:36:30,415 | INFO | epoch 1 val loss history: [1.5859999656677246]
2026-06-25 00:36:30,415 | INFO | epoch 1 val c-index (total sample): 0.44
2026-06-25 00:36:30,415 | INFO | epoch 1 val c-index history: [0.438]
2026-06-25 00:36:30,418 | INFO | [TRAINING STEP]
2026-06-25 00:36:40,074 | INFO | [epoch 1 | train | batch 0 start] allocated=2367.9MB | reserved=31856.0MB | peak=12411.9MB
2026-06-25 00:36:41,920 | INFO |     task_logits from  -0.390625 to 0.0771484375
2026-06-25 00:37:37,741 | INFO | [epoch 1 | train | batch 10 start] allocated=2389.0MB | reserved=31856.0MB | peak=30391.5MB
2026-06-25 00:38:34,838 | INFO | [epoch 1 | train | batch 20 start] allocated=2389.0MB | reserved=31856.0MB | peak=30391.5MB
2026-06-25 00:39:31,802 | INFO | [epoch 1 | train | batch 30 start] allocated=2389.0MB | reserved=31856.0MB | peak=30391.5MB
2026-06-25 00:40:28,768 | INFO | [epoch 1 | train | batch 40 start] allocated=2389.0MB | reserved=31856.0MB | peak=30391.5MB
2026-06-25 00:41:02,989 | INFO | epoch 1 train total loss: 1.75
2026-06-25 00:41:02,989 | INFO | epoch 1 train concept loss: 1.51
2026-06-25 00:41:02,989 | INFO | epoch 1 train task loss: 0.24
2026-06-25 00:41:02,989 | INFO | epoch 1 train total loss history: [1.746000051498413]
2026-06-25 00:41:02,989 | INFO | epoch 1 train concept loss history: [1.5089999437332153]
2026-06-25 00:41:02,989 | INFO | epoch 1 train task loss history: [0.23800000548362732]
2026-06-25 00:41:02,990 | INFO | epoch 1 complete
2026-06-25 00:41:02,990 | INFO | ======== starting epoch 2 ========
2026-06-25 00:41:02,990 | INFO | epoch 2 LR at start of epoch: vit = 0.000000
2026-06-25 00:41:02,990 | INFO | epoch 2 LR at start of epoch: head = 0.009755
2026-06-25 00:41:02,990 | INFO | [VALIDATION STEP]
2026-06-25 00:41:17,127 | INFO | [epoch 2 | val | batch 0 start] allocated=2977.0MB | reserved=31856.0MB | peak=30391.5MB
2026-06-25 00:43:03,517 | INFO | [epoch 2 | val | batch 10 start] allocated=2977.0MB | reserved=31856.0MB | peak=30391.5MB
2026-06-25 00:43:14,823 | INFO | epoch 2 val loss (mean of batches): 1.64
2026-06-25 00:43:14,823 | INFO | epoch 2 val loss history: [1.5859999656677246, 1.6440000534057617]
2026-06-25 00:43:14,823 | INFO | epoch 2 val c-index (total sample): 0.58
2026-06-25 00:43:14,823 | INFO | epoch 2 val c-index history: [0.438, 0.584]
2026-06-25 00:43:14,826 | INFO | [TRAINING STEP]
2026-06-25 00:43:24,671 | INFO | [epoch 2 | train | batch 0 start] allocated=2389.0MB | reserved=31856.0MB | peak=30391.5MB
2026-06-25 00:43:26,405 | INFO |     task_logits from  -2.203125 to 0.5234375
2026-06-25 00:44:21,487 | INFO | [epoch 2 | train | batch 10 start] allocated=2389.0MB | reserved=31856.0MB | peak=30391.5MB
2026-06-25 00:45:18,389 | INFO | [epoch 2 | train | batch 20 start] allocated=2389.0MB | reserved=31856.0MB | peak=30391.5MB
2026-06-25 00:46:15,283 | INFO | [epoch 2 | train | batch 30 start] allocated=2389.0MB | reserved=31856.0MB | peak=30391.5MB
2026-06-25 00:47:12,190 | INFO | [epoch 2 | train | batch 40 start] allocated=2389.0MB | reserved=31856.0MB | peak=30391.5MB
2026-06-25 00:47:46,301 | INFO | epoch 2 train total loss: 1.40
2026-06-25 00:47:46,301 | INFO | epoch 2 train concept loss: 1.20
2026-06-25 00:47:46,301 | INFO | epoch 2 train task loss: 0.20
2026-06-25 00:47:46,301 | INFO | epoch 2 train total loss history: [1.746000051498413, 1.4049999713897705]
2026-06-25 00:47:46,301 | INFO | epoch 2 train concept loss history: [1.5089999437332153, 1.2009999752044678]
2026-06-25 00:47:46,301 | INFO | epoch 2 train task loss history: [0.23800000548362732, 0.20399999618530273]
2026-06-25 00:47:46,302 | INFO | epoch 2 complete
2026-06-25 00:47:46,302 | INFO | ======== starting epoch 3 ========
2026-06-25 00:47:46,302 | INFO | epoch 3 LR at start of epoch: vit = 0.000000
2026-06-25 00:47:46,302 | INFO | epoch 3 LR at start of epoch: head = 0.009045
2026-06-25 00:47:46,302 | INFO | [VALIDATION STEP]
2026-06-25 00:48:02,182 | INFO | [epoch 3 | val | batch 0 start] allocated=2977.0MB | reserved=31856.0MB | peak=30391.5MB
2026-06-25 00:49:48,371 | INFO | [epoch 3 | val | batch 10 start] allocated=2977.0MB | reserved=31856.0MB | peak=30391.5MB
2026-06-25 00:49:59,624 | INFO | epoch 3 val loss (mean of batches): 1.71
2026-06-25 00:49:59,624 | INFO | epoch 3 val loss history: [1.5859999656677246, 1.6440000534057617, 1.7120000123977661]
2026-06-25 00:49:59,624 | INFO | epoch 3 val c-index (total sample): 0.58
2026-06-25 00:49:59,624 | INFO | epoch 3 val c-index history: [0.438, 0.584, 0.578]
2026-06-25 00:49:59,627 | INFO | [TRAINING STEP]
2026-06-25 00:50:09,992 | INFO | [epoch 3 | train | batch 0 start] allocated=2389.0MB | reserved=31856.0MB | peak=30391.5MB
2026-06-25 00:50:11,727 | INFO |     task_logits from  -3.15625 to -0.5546875
2026-06-25 00:51:07,982 | INFO | [epoch 3 | train | batch 10 start] allocated=2389.0MB | reserved=31856.0MB | peak=30391.5MB
2026-06-25 00:52:04,908 | INFO | [epoch 3 | train | batch 20 start] allocated=2389.0MB | reserved=31856.0MB | peak=30391.5MB
2026-06-25 00:53:01,904 | INFO | [epoch 3 | train | batch 30 start] allocated=2389.0MB | reserved=31856.0MB | peak=30391.5MB
2026-06-25 00:53:59,116 | INFO | [epoch 3 | train | batch 40 start] allocated=2389.0MB | reserved=31856.0MB | peak=30391.5MB
2026-06-25 00:54:33,276 | INFO | epoch 3 train total loss: 1.14
2026-06-25 00:54:33,276 | INFO | epoch 3 train concept loss: 0.98
2026-06-25 00:54:33,276 | INFO | epoch 3 train task loss: 0.16
2026-06-25 00:54:33,277 | INFO | epoch 3 train total loss history: [1.746000051498413, 1.4049999713897705, 1.1440000534057617]
2026-06-25 00:54:33,277 | INFO | epoch 3 train concept loss history: [1.5089999437332153, 1.2009999752044678, 0.9819999933242798]
2026-06-25 00:54:33,277 | INFO | epoch 3 train task loss history: [0.23800000548362732, 0.20399999618530273, 0.16200000047683716]
2026-06-25 00:54:33,277 | INFO | epoch 3 complete
2026-06-25 00:54:33,277 | INFO | ======== starting epoch 4 ========
2026-06-25 00:54:33,277 | INFO | epoch 4 LR at start of epoch: vit = 0.000000
2026-06-25 00:54:33,277 | INFO | epoch 4 LR at start of epoch: head = 0.007939
2026-06-25 00:54:33,277 | INFO | [VALIDATION STEP]
2026-06-25 00:54:48,368 | INFO | [epoch 4 | val | batch 0 start] allocated=2977.0MB | reserved=31856.0MB | peak=30391.5MB
2026-06-25 00:56:34,526 | INFO | [epoch 4 | val | batch 10 start] allocated=2977.0MB | reserved=31856.0MB | peak=30391.5MB
2026-06-25 00:56:45,786 | INFO | epoch 4 val loss (mean of batches): 1.78
2026-06-25 00:56:45,786 | INFO | epoch 4 val loss history: [1.5859999656677246, 1.6440000534057617, 1.7120000123977661, 1.7790000438690186]
2026-06-25 00:56:45,786 | INFO | epoch 4 val c-index (total sample): 0.59
2026-06-25 00:56:45,786 | INFO | epoch 4 val c-index history: [0.438, 0.584, 0.578, 0.593]
2026-06-25 00:56:45,789 | INFO | [TRAINING STEP]
2026-06-25 00:56:54,750 | INFO | [epoch 4 | train | batch 0 start] allocated=2389.0MB | reserved=31856.0MB | peak=30391.5MB
2026-06-25 00:56:56,483 | INFO |     task_logits from  -3.8125 to 1.8515625
2026-06-25 00:57:51,658 | INFO | [epoch 4 | train | batch 10 start] allocated=2389.0MB | reserved=31856.0MB | peak=30391.5MB
2026-06-25 00:58:48,612 | INFO | [epoch 4 | train | batch 20 start] allocated=2389.0MB | reserved=31856.0MB | peak=30391.5MB
2026-06-25 00:59:45,605 | INFO | [epoch 4 | train | batch 30 start] allocated=2389.0MB | reserved=31856.0MB | peak=30391.5MB
2026-06-25 01:00:42,679 | INFO | [epoch 4 | train | batch 40 start] allocated=2389.0MB | reserved=31856.0MB | peak=30391.5MB
2026-06-25 01:01:16,830 | INFO | epoch 4 train total loss: 1.06
2026-06-25 01:01:16,831 | INFO | epoch 4 train concept loss: 0.90
2026-06-25 01:01:16,831 | INFO | epoch 4 train task loss: 0.16
2026-06-25 01:01:16,831 | INFO | epoch 4 train total loss history: [1.746000051498413, 1.4049999713897705, 1.1440000534057617, 1.0640000104904175]
2026-06-25 01:01:16,831 | INFO | epoch 4 train concept loss history: [1.5089999437332153, 1.2009999752044678, 0.9819999933242798, 0.8999999761581421]
2026-06-25 01:01:16,831 | INFO | epoch 4 train task loss history: [0.23800000548362732, 0.20399999618530273, 0.16200000047683716, 0.164000004529953]
2026-06-25 01:01:16,832 | INFO | epoch 4 complete
2026-06-25 01:01:16,832 | INFO | ======== starting epoch 5 ========
2026-06-25 01:01:16,832 | INFO | epoch 5 LR at start of epoch: vit = 0.000000
2026-06-25 01:01:16,832 | INFO | epoch 5 LR at start of epoch: head = 0.006545
2026-06-25 01:01:16,832 | INFO | [VALIDATION STEP]
2026-06-25 01:01:31,587 | INFO | [epoch 5 | val | batch 0 start] allocated=2977.0MB | reserved=31856.0MB | peak=30391.5MB
2026-06-25 01:03:17,858 | INFO | [epoch 5 | val | batch 10 start] allocated=2977.0MB | reserved=31856.0MB | peak=30391.5MB
2026-06-25 01:03:29,149 | INFO | epoch 5 val loss (mean of batches): 1.72
2026-06-25 01:03:29,149 | INFO | epoch 5 val loss history: [1.5859999656677246, 1.6440000534057617, 1.7120000123977661, 1.7790000438690186, 1.7170000076293945]
2026-06-25 01:03:29,149 | INFO | epoch 5 val c-index (total sample): 0.59
2026-06-25 01:03:29,149 | INFO | epoch 5 val c-index history: [0.438, 0.584, 0.578, 0.593, 0.59]
2026-06-25 01:03:29,152 | INFO | [TRAINING STEP]
2026-06-25 01:03:39,861 | INFO | [epoch 5 | train | batch 0 start] allocated=2389.0MB | reserved=31856.0MB | peak=30391.5MB
2026-06-25 01:03:41,595 | INFO |     task_logits from  -4.71875 to 0.85546875
2026-06-25 01:04:36,995 | INFO | [epoch 5 | train | batch 10 start] allocated=2389.0MB | reserved=31856.0MB | peak=30391.5MB
2026-06-25 01:05:33,958 | INFO | [epoch 5 | train | batch 20 start] allocated=2389.0MB | reserved=31856.0MB | peak=30391.5MB
2026-06-25 01:06:30,989 | INFO | [epoch 5 | train | batch 30 start] allocated=2389.0MB | reserved=31856.0MB | peak=30391.5MB
2026-06-25 01:07:27,921 | INFO | [epoch 5 | train | batch 40 start] allocated=2389.0MB | reserved=31856.0MB | peak=30391.5MB
2026-06-25 01:08:02,162 | INFO | epoch 5 train total loss: 0.96
2026-06-25 01:08:02,162 | INFO | epoch 5 train concept loss: 0.80
2026-06-25 01:08:02,162 | INFO | epoch 5 train task loss: 0.16
2026-06-25 01:08:02,163 | INFO | epoch 5 train total loss history: [1.746000051498413, 1.4049999713897705, 1.1440000534057617, 1.0640000104904175, 0.9610000252723694]
2026-06-25 01:08:02,163 | INFO | epoch 5 train concept loss history: [1.5089999437332153, 1.2009999752044678, 0.9819999933242798, 0.8999999761581421, 0.8009999990463257]
2026-06-25 01:08:02,163 | INFO | epoch 5 train task loss history: [0.23800000548362732, 0.20399999618530273, 0.16200000047683716, 0.164000004529953, 0.1599999964237213]
2026-06-25 01:08:02,163 | INFO | epoch 5 complete
2026-06-25 01:08:02,163 | INFO | ======== starting epoch 6 ========
2026-06-25 01:08:02,163 | INFO | epoch 6 LR at start of epoch: vit = 0.000000
2026-06-25 01:08:02,163 | INFO | epoch 6 LR at start of epoch: head = 0.005000
2026-06-25 01:08:02,163 | INFO | [VALIDATION STEP]
2026-06-25 01:08:17,125 | INFO | [epoch 6 | val | batch 0 start] allocated=2977.0MB | reserved=31856.0MB | peak=30391.5MB
2026-06-25 01:10:03,335 | INFO | [epoch 6 | val | batch 10 start] allocated=2977.0MB | reserved=31856.0MB | peak=30391.5MB
2026-06-25 01:10:14,603 | INFO | epoch 6 val loss (mean of batches): 1.70
2026-06-25 01:10:14,603 | INFO | epoch 6 val loss history: [1.5859999656677246, 1.6440000534057617, 1.7120000123977661, 1.7790000438690186, 1.7170000076293945, 1.7000000476837158]
2026-06-25 01:10:14,603 | INFO | epoch 6 val c-index (total sample): 0.57
2026-06-25 01:10:14,603 | INFO | epoch 6 val c-index history: [0.438, 0.584, 0.578, 0.593, 0.59, 0.574]
2026-06-25 01:10:14,606 | INFO | [TRAINING STEP]
2026-06-25 01:10:24,534 | INFO | [epoch 6 | train | batch 0 start] allocated=2389.0MB | reserved=31856.0MB | peak=30391.5MB
2026-06-25 01:10:26,271 | INFO |     task_logits from  -3.9375 to 0.08154296875
2026-06-25 01:11:21,712 | INFO | [epoch 6 | train | batch 10 start] allocated=2389.0MB | reserved=31856.0MB | peak=30391.5MB
2026-06-25 01:12:18,637 | INFO | [epoch 6 | train | batch 20 start] allocated=2389.0MB | reserved=31856.0MB | peak=30391.5MB
2026-06-25 01:13:15,586 | INFO | [epoch 6 | train | batch 30 start] allocated=2389.0MB | reserved=31856.0MB | peak=30391.5MB
2026-06-25 01:14:12,564 | INFO | [epoch 6 | train | batch 40 start] allocated=2389.0MB | reserved=31856.0MB | peak=30391.5MB
2026-06-25 01:14:46,698 | INFO | epoch 6 train total loss: 0.77
2026-06-25 01:14:46,698 | INFO | epoch 6 train concept loss: 0.63
2026-06-25 01:14:46,698 | INFO | epoch 6 train task loss: 0.14
2026-06-25 01:14:46,698 | INFO | epoch 6 train total loss history: [1.746000051498413, 1.4049999713897705, 1.1440000534057617, 1.0640000104904175, 0.9610000252723694, 0.7689999938011169]
2026-06-25 01:14:46,698 | INFO | epoch 6 train concept loss history: [1.5089999437332153, 1.2009999752044678, 0.9819999933242798, 0.8999999761581421, 0.8009999990463257, 0.6330000162124634]
2026-06-25 01:14:46,698 | INFO | epoch 6 train task loss history: [0.23800000548362732, 0.20399999618530273, 0.16200000047683716, 0.164000004529953, 0.1599999964237213, 0.13600000739097595]
2026-06-25 01:14:46,699 | INFO | epoch 6 complete
2026-06-25 01:14:46,699 | INFO | ======== starting epoch 7 ========
2026-06-25 01:14:46,699 | INFO | epoch 7 LR at start of epoch: vit = 0.000000
2026-06-25 01:14:46,699 | INFO | epoch 7 LR at start of epoch: head = 0.003455
2026-06-25 01:14:46,699 | INFO | [VALIDATION STEP]
2026-06-25 01:15:02,138 | INFO | [epoch 7 | val | batch 0 start] allocated=2977.0MB | reserved=31856.0MB | peak=30391.5MB
2026-06-25 01:16:48,448 | INFO | [epoch 7 | val | batch 10 start] allocated=2977.0MB | reserved=31856.0MB | peak=30391.5MB
2026-06-25 01:16:59,718 | INFO | epoch 7 val loss (mean of batches): 1.59
2026-06-25 01:16:59,718 | INFO | epoch 7 val loss history: [1.5859999656677246, 1.6440000534057617, 1.7120000123977661, 1.7790000438690186, 1.7170000076293945, 1.7000000476837158, 1.5880000591278076]
2026-06-25 01:16:59,718 | INFO | epoch 7 val c-index (total sample): 0.65
2026-06-25 01:16:59,718 | INFO | epoch 7 val c-index history: [0.438, 0.584, 0.578, 0.593, 0.59, 0.574, 0.645]
2026-06-25 01:16:59,721 | INFO | [TRAINING STEP]
2026-06-25 01:17:10,282 | INFO | [epoch 7 | train | batch 0 start] allocated=2389.0MB | reserved=31856.0MB | peak=30391.5MB
2026-06-25 01:17:12,020 | INFO |     task_logits from  -3.3125 to 2.953125
2026-06-25 01:18:07,223 | INFO | [epoch 7 | train | batch 10 start] allocated=2389.0MB | reserved=31856.0MB | peak=30391.5MB
2026-06-25 01:19:04,235 | INFO | [epoch 7 | train | batch 20 start] allocated=2389.0MB | reserved=31856.0MB | peak=30391.5MB
2026-06-25 01:20:01,278 | INFO | [epoch 7 | train | batch 30 start] allocated=2389.0MB | reserved=31856.0MB | peak=30391.5MB
2026-06-25 01:20:58,494 | INFO | [epoch 7 | train | batch 40 start] allocated=2389.0MB | reserved=31856.0MB | peak=30391.5MB
2026-06-25 01:21:32,677 | INFO | epoch 7 train total loss: 0.67
2026-06-25 01:21:32,678 | INFO | epoch 7 train concept loss: 0.53
2026-06-25 01:21:32,678 | INFO | epoch 7 train task loss: 0.14
2026-06-25 01:21:32,678 | INFO | epoch 7 train total loss history: [1.746000051498413, 1.4049999713897705, 1.1440000534057617, 1.0640000104904175, 0.9610000252723694, 0.7689999938011169, 0.671999990940094]
2026-06-25 01:21:32,678 | INFO | epoch 7 train concept loss history: [1.5089999437332153, 1.2009999752044678, 0.9819999933242798, 0.8999999761581421, 0.8009999990463257, 0.6330000162124634, 0.5339999794960022]
2026-06-25 01:21:32,678 | INFO | epoch 7 train task loss history: [0.23800000548362732, 0.20399999618530273, 0.16200000047683716, 0.164000004529953, 0.1599999964237213, 0.13600000739097595, 0.13899999856948853]
2026-06-25 01:21:32,678 | INFO | epoch 7 complete
2026-06-25 01:21:32,679 | INFO | ======== starting epoch 8 ========
2026-06-25 01:21:32,679 | INFO | epoch 8 LR at start of epoch: vit = 0.000000
2026-06-25 01:21:32,679 | INFO | epoch 8 LR at start of epoch: head = 0.002061
2026-06-25 01:21:32,679 | INFO | [VALIDATION STEP]
2026-06-25 01:21:47,590 | INFO | [epoch 8 | val | batch 0 start] allocated=2977.0MB | reserved=31856.0MB | peak=30391.5MB
2026-06-25 01:23:34,723 | INFO | [epoch 8 | val | batch 10 start] allocated=2977.0MB | reserved=31856.0MB | peak=30391.5MB
2026-06-25 01:23:46,067 | INFO | epoch 8 val loss (mean of batches): 1.55
2026-06-25 01:23:46,068 | INFO | epoch 8 val loss history: [1.5859999656677246, 1.6440000534057617, 1.7120000123977661, 1.7790000438690186, 1.7170000076293945, 1.7000000476837158, 1.5880000591278076, 1.5520000457763672]
2026-06-25 01:23:46,068 | INFO | epoch 8 val c-index (total sample): 0.62
2026-06-25 01:23:46,068 | INFO | epoch 8 val c-index history: [0.438, 0.584, 0.578, 0.593, 0.59, 0.574, 0.645, 0.622]
2026-06-25 01:23:46,071 | INFO | [TRAINING STEP]
2026-06-25 01:23:56,272 | INFO | [epoch 8 | train | batch 0 start] allocated=2389.0MB | reserved=31856.0MB | peak=30391.5MB
2026-06-25 01:23:58,006 | INFO |     task_logits from  -4.0 to 1.3046875
2026-06-25 01:24:53,147 | INFO | [epoch 8 | train | batch 10 start] allocated=2389.0MB | reserved=31856.0MB | peak=30391.5MB
2026-06-25 01:25:50,098 | INFO | [epoch 8 | train | batch 20 start] allocated=2389.0MB | reserved=31856.0MB | peak=30391.5MB
2026-06-25 01:26:47,197 | INFO | [epoch 8 | train | batch 30 start] allocated=2389.0MB | reserved=31856.0MB | peak=30391.5MB
2026-06-25 01:27:44,156 | INFO | [epoch 8 | train | batch 40 start] allocated=2389.0MB | reserved=31856.0MB | peak=30391.5MB
2026-06-25 01:28:18,307 | INFO | epoch 8 train total loss: 0.59
2026-06-25 01:28:18,307 | INFO | epoch 8 train concept loss: 0.46
2026-06-25 01:28:18,307 | INFO | epoch 8 train task loss: 0.13
2026-06-25 01:28:18,307 | INFO | epoch 8 train total loss history: [1.746000051498413, 1.4049999713897705, 1.1440000534057617, 1.0640000104904175, 0.9610000252723694, 0.7689999938011169, 0.671999990940094, 0.5899999737739563]
2026-06-25 01:28:18,307 | INFO | epoch 8 train concept loss history: [1.5089999437332153, 1.2009999752044678, 0.9819999933242798, 0.8999999761581421, 0.8009999990463257, 0.6330000162124634, 0.5339999794960022, 0.4580000042915344]
2026-06-25 01:28:18,307 | INFO | epoch 8 train task loss history: [0.23800000548362732, 0.20399999618530273, 0.16200000047683716, 0.164000004529953, 0.1599999964237213, 0.13600000739097595, 0.13899999856948853, 0.13199999928474426]
2026-06-25 01:28:18,308 | INFO | epoch 8 complete
2026-06-25 01:28:18,308 | INFO | ======== starting epoch 9 ========
2026-06-25 01:28:18,308 | INFO | epoch 9 LR at start of epoch: vit = 0.000000
2026-06-25 01:28:18,308 | INFO | epoch 9 LR at start of epoch: head = 0.000955
2026-06-25 01:28:18,308 | INFO | [VALIDATION STEP]
2026-06-25 01:28:33,961 | INFO | [epoch 9 | val | batch 0 start] allocated=2977.0MB | reserved=31856.0MB | peak=30391.5MB
2026-06-25 01:30:20,133 | INFO | [epoch 9 | val | batch 10 start] allocated=2977.0MB | reserved=31856.0MB | peak=30391.5MB
2026-06-25 01:30:31,455 | INFO | epoch 9 val loss (mean of batches): 1.51
2026-06-25 01:30:31,455 | INFO | epoch 9 val loss history: [1.5859999656677246, 1.6440000534057617, 1.7120000123977661, 1.7790000438690186, 1.7170000076293945, 1.7000000476837158, 1.5880000591278076, 1.5520000457763672, 1.5149999856948853]
2026-06-25 01:30:31,455 | INFO | epoch 9 val c-index (total sample): 0.59
2026-06-25 01:30:31,455 | INFO | epoch 9 val c-index history: [0.438, 0.584, 0.578, 0.593, 0.59, 0.574, 0.645, 0.622, 0.587]
2026-06-25 01:30:31,458 | INFO | [TRAINING STEP]
2026-06-25 01:30:41,651 | INFO | [epoch 9 | train | batch 0 start] allocated=2389.0MB | reserved=31856.0MB | peak=30391.5MB
2026-06-25 01:30:43,386 | INFO |     task_logits from  -4.1875 to 1.140625
2026-06-25 01:31:38,769 | INFO | [epoch 9 | train | batch 10 start] allocated=2389.0MB | reserved=31856.0MB | peak=30391.5MB
2026-06-25 01:32:35,862 | INFO | [epoch 9 | train | batch 20 start] allocated=2389.0MB | reserved=31856.0MB | peak=30391.5MB
2026-06-25 01:33:32,856 | INFO | [epoch 9 | train | batch 30 start] allocated=2389.0MB | reserved=31856.0MB | peak=30391.5MB
2026-06-25 01:34:29,926 | INFO | [epoch 9 | train | batch 40 start] allocated=2389.0MB | reserved=31856.0MB | peak=30391.5MB
2026-06-25 01:35:04,110 | INFO | epoch 9 train total loss: 0.49
2026-06-25 01:35:04,110 | INFO | epoch 9 train concept loss: 0.38
2026-06-25 01:35:04,110 | INFO | epoch 9 train task loss: 0.10
2026-06-25 01:35:04,110 | INFO | epoch 9 train total loss history: [1.746000051498413, 1.4049999713897705, 1.1440000534057617, 1.0640000104904175, 0.9610000252723694, 0.7689999938011169, 0.671999990940094, 0.5899999737739563, 0.49000000953674316]
2026-06-25 01:35:04,110 | INFO | epoch 9 train concept loss history: [1.5089999437332153, 1.2009999752044678, 0.9819999933242798, 0.8999999761581421, 0.8009999990463257, 0.6330000162124634, 0.5339999794960022, 0.4580000042915344, 0.38499999046325684]
2026-06-25 01:35:04,110 | INFO | epoch 9 train task loss history: [0.23800000548362732, 0.20399999618530273, 0.16200000047683716, 0.164000004529953, 0.1599999964237213, 0.13600000739097595, 0.13899999856948853, 0.13199999928474426, 0.10499999672174454]
2026-06-25 01:35:04,111 | INFO | epoch 9 complete
2026-06-25 01:35:04,111 | INFO | ======== starting epoch 10 ========
2026-06-25 01:35:04,111 | INFO | epoch 10 LR at start of epoch: vit = 0.000000
2026-06-25 01:35:04,111 | INFO | epoch 10 LR at start of epoch: head = 0.000245
2026-06-25 01:35:04,111 | INFO | [VALIDATION STEP]
2026-06-25 01:35:19,618 | INFO | [epoch 10 | val | batch 0 start] allocated=2977.0MB | reserved=31856.0MB | peak=30391.5MB
2026-06-25 01:37:05,805 | INFO | [epoch 10 | val | batch 10 start] allocated=2977.0MB | reserved=31856.0MB | peak=30391.5MB
2026-06-25 01:37:17,308 | INFO | epoch 10 val loss (mean of batches): 1.49
2026-06-25 01:37:17,308 | INFO | epoch 10 val loss history: [1.5859999656677246, 1.6440000534057617, 1.7120000123977661, 1.7790000438690186, 1.7170000076293945, 1.7000000476837158, 1.5880000591278076, 1.5520000457763672, 1.5149999856948853, 1.4889999628067017]
2026-06-25 01:37:17,308 | INFO | epoch 10 val c-index (total sample): 0.66
2026-06-25 01:37:17,308 | INFO | epoch 10 val c-index history: [0.438, 0.584, 0.578, 0.593, 0.59, 0.574, 0.645, 0.622, 0.587, 0.664]
2026-06-25 01:37:17,311 | INFO | [TRAINING STEP]
2026-06-25 01:37:26,891 | INFO | [epoch 10 | train | batch 0 start] allocated=2389.0MB | reserved=31856.0MB | peak=30391.5MB
2026-06-25 01:37:28,626 | INFO |     task_logits from  -5.65625 to 1.9296875
2026-06-25 01:38:23,811 | INFO | [epoch 10 | train | batch 10 start] allocated=2389.0MB | reserved=31856.0MB | peak=30391.5MB
2026-06-25 01:39:20,880 | INFO | [epoch 10 | train | batch 20 start] allocated=2389.0MB | reserved=31856.0MB | peak=30391.5MB
2026-06-25 01:40:17,979 | INFO | [epoch 10 | train | batch 30 start] allocated=2389.0MB | reserved=31856.0MB | peak=30391.5MB
2026-06-25 01:41:15,132 | INFO | [epoch 10 | train | batch 40 start] allocated=2389.0MB | reserved=31856.0MB | peak=30391.5MB
2026-06-25 01:41:49,292 | INFO | epoch 10 train total loss: 0.47
2026-06-25 01:41:49,293 | INFO | epoch 10 train concept loss: 0.38
2026-06-25 01:41:49,293 | INFO | epoch 10 train task loss: 0.10
2026-06-25 01:41:49,293 | INFO | epoch 10 train total loss history: [1.746000051498413, 1.4049999713897705, 1.1440000534057617, 1.0640000104904175, 0.9610000252723694, 0.7689999938011169, 0.671999990940094, 0.5899999737739563, 0.49000000953674316, 0.47200000286102295]
2026-06-25 01:41:49,293 | INFO | epoch 10 train concept loss history: [1.5089999437332153, 1.2009999752044678, 0.9819999933242798, 0.8999999761581421, 0.8009999990463257, 0.6330000162124634, 0.5339999794960022, 0.4580000042915344, 0.38499999046325684, 0.375]
2026-06-25 01:41:49,293 | INFO | epoch 10 train task loss history: [0.23800000548362732, 0.20399999618530273, 0.16200000047683716, 0.164000004529953, 0.1599999964237213, 0.13600000739097595, 0.13899999856948853, 0.13199999928474426, 0.10499999672174454, 0.09700000286102295]
2026-06-25 01:41:49,293 | INFO | epoch 10 complete
2026-06-25 01:41:49,296 | INFO | training complete
2026-06-25 01:41:49,296 | INFO | predicting on the validation set
2026-06-25 01:42:51,145 | INFO |   starting batch 1 of validation
2026-06-25 01:42:56,280 | INFO |   starting batch 2 of validation
2026-06-25 01:43:02,184 | INFO |   starting batch 3 of validation
2026-06-25 01:43:07,406 | INFO |   starting batch 4 of validation
2026-06-25 01:43:13,189 | INFO |   starting batch 5 of validation
2026-06-25 01:43:18,449 | INFO |   starting batch 6 of validation
2026-06-25 01:43:24,944 | INFO |   starting batch 7 of validation
2026-06-25 01:43:30,239 | INFO |   starting batch 8 of validation
2026-06-25 01:43:36,514 | INFO |   starting batch 9 of validation
2026-06-25 01:43:41,818 | INFO |   starting batch 10 of validation
2026-06-25 01:43:47,372 | INFO |   starting batch 11 of validation
2026-06-25 01:43:52,699 | INFO |   starting batch 12 of validation
2026-06-25 01:43:55,680 | INFO | measuring performance
2026-06-25 01:43:55,680 | INFO | y_test: (185, 2)
2026-06-25 01:43:55,680 | INFO | y_probs: (185, 1)
2026-06-25 01:43:55,680 | INFO | c_test: (185, 3)
2026-06-25 01:43:55,680 | INFO | c_probs: (185, 10)
2026-06-25 01:43:55,681 | INFO | c_test_concept: (185,)
2026-06-25 01:43:55,681 | INFO | c_pred_concept: (185,)
2026-06-25 01:43:55,688 | INFO | c_test_concept: (185,)
2026-06-25 01:43:55,688 | INFO | c_pred_concept: (185,)
2026-06-25 01:43:55,692 | INFO | c_test_concept: (185,)
2026-06-25 01:43:55,692 | INFO | c_pred_concept: (185,)
2026-06-25 01:43:55,696 | INFO | results: {'task': {'c_index': 0.6403828623518687}, 'concepts': {'concept_0': {'0': {'precision': 0.3448275862068966, 'recall': 0.2631578947368421, 'f1-score': 0.29850746268656714, 'support': 38.0}, '1': {'precision': 0.5607476635514018, 'recall': 0.5660377358490566, 'f1-score': 0.5633802816901409, 'support': 106.0}, '2': {'precision': 0.2708333333333333, 'recall': 0.34210526315789475, 'f1-score': 0.3023255813953488, 'support': 38.0}, '3': {'precision': 0.0, 'recall': 0.0, 'f1-score': 0.0, 'support': 3.0}, 'accuracy': 0.4486486486486487, 'macro avg': {'precision': 0.29410214577290794, 'recall': 0.29282522343594836, 'f1-score': 0.2910533314430142, 'support': 185.0}, 'weighted avg': {'precision': 0.44775333664312067, 'recall': 0.4486486486486487, 'f1-score': 0.4462160299149608, 'support': 185.0}, 'auc': {'ovo': 0.5266402724786146}, 'confusion': {'true_0': {'pred_0': 10, 'pred_1': 22, 'pred_2': 6, 'pred_3': 0}, 'true_1': {'pred_0': 17, 'pred_1': 60, 'pred_2': 28, 'pred_3': 1}, 'true_2': {'pred_0': 2, 'pred_1': 23, 'pred_2': 13, 'pred_3': 0}, 'true_3': {'pred_0': 0, 'pred_1': 2, 'pred_2': 1, 'pred_3': 0}}}, 'concept_1': {'0': {'precision': 0.5607476635514018, 'recall': 0.8, 'f1-score': 0.6593406593406593, 'support': 75.0}, '1': {'precision': 0.6382978723404256, 'recall': 0.44776119402985076, 'f1-score': 0.5263157894736842, 'support': 67.0}, '2': {'precision': 0.41935483870967744, 'recall': 0.3023255813953488, 'f1-score': 0.35135135135135137, 'support': 43.0}, 'accuracy': 0.5567567567567567, 'macro avg': {'precision': 0.5394667915338349, 'recall': 0.5166955918083999, 'f1-score': 0.512335933388565, 'support': 185.0}, 'weighted avg': {'precision': 0.5559691366361069, 'recall': 0.5567567567567567, 'f1-score': 0.539577380829159, 'support': 185.0}, 'auc': {'ovo': 0.6640487485055343}, 'confusion': {'true_0': {'pred_0': 60, 'pred_1': 6, 'pred_2': 9}, 'true_1': {'pred_0': 28, 'pred_1': 30, 'pred_2': 9}, 'true_2': {'pred_0': 19, 'pred_1': 11, 'pred_2': 13}}}, 'concept_2': {'0': {'precision': 0.8671328671328671, 'recall': 0.8266666666666667, 'f1-score': 0.8464163822525598, 'support': 150.0}, '1': {'precision': 0.3333333333333333, 'recall': 0.42424242424242425, 'f1-score': 0.37333333333333335, 'support': 33.0}, '2': {'precision': nan, 'recall': 0.0, 'f1-score': 0.0, 'support': 2.0}, 'accuracy': 0.745945945945946, 'macro avg': {'precision': 0.6002331002331002, 'recall': 0.416969696969697, 'f1-score': 0.40658323852863104, 'support': 185.0}, 'weighted avg': {'precision': 0.770873934808361, 'recall': 0.745945945945946, 'f1-score': 0.7528781477723457, 'support': 185.0}, 'auc': {'ovo': 0.6624074074074074}, 'confusion': {'true_0': {'pred_0': 124, 'pred_1': 26, 'pred_2': 0}, 'true_1': {'pred_0': 19, 'pred_1': 14, 'pred_2': 0}, 'true_2': {'pred_0': 0, 'pred_1': 2, 'pred_2': 0}}}}}
2026-06-25 01:43:56,283 | INFO | training fold 4
2026-06-25 01:43:56,285 | INFO | train set size: 740
2026-06-25 01:43:56,285 | INFO | val set size: 184
2026-06-25 01:43:56,288 | INFO | cpu_count: 30
2026-06-25 01:43:56,288 | INFO | num_workers: 2
2026-06-25 01:43:56,439 | INFO | completed building dataloaders
2026-06-25 01:43:56,440 | INFO | training starts
2026-06-25 01:44:06,200 | INFO | model initialized
2026-06-25 01:44:06,264 | INFO | LR scheduler: <torch.optim.lr_scheduler.CosineAnnealingLR object at 0x71f660704a90>
2026-06-25 01:44:06,264 | INFO | Parameters by layer:
2026-06-25 01:44:06,264 | INFO | vit_model.base_model.model.cls_token     | 1024       | [FROZEN]
2026-06-25 01:44:06,264 | INFO | vit_model.base_model.model.pos_embed     | 201728     | [FROZEN]
2026-06-25 01:44:06,264 | INFO | vit_model.base_model.model.patch_embed.proj.weight | 786432     | [FROZEN]
2026-06-25 01:44:06,264 | INFO | vit_model.base_model.model.patch_embed.proj.bias | 1024       | [FROZEN]
2026-06-25 01:44:06,264 | INFO | vit_model.base_model.model.blocks.0.norm1.weight | 1024       | [FROZEN]
2026-06-25 01:44:06,264 | INFO | vit_model.base_model.model.blocks.0.norm1.bias | 1024       | [FROZEN]
2026-06-25 01:44:06,264 | INFO | vit_model.base_model.model.blocks.0.attn.qkv.base_layer.weight | 3145728    | [FROZEN]
2026-06-25 01:44:06,264 | INFO | vit_model.base_model.model.blocks.0.attn.qkv.base_layer.bias | 3072       | [FROZEN]
2026-06-25 01:44:06,264 | INFO | vit_model.base_model.model.blocks.0.attn.qkv.lora_A.default.weight | 8192       | [TRAINABLE]
2026-06-25 01:44:06,264 | INFO | vit_model.base_model.model.blocks.0.attn.qkv.lora_B.default.weight | 24576      | [TRAINABLE]
2026-06-25 01:44:06,264 | INFO | vit_model.base_model.model.blocks.0.attn.proj.weight | 1048576    | [FROZEN]
2026-06-25 01:44:06,264 | INFO | vit_model.base_model.model.blocks.0.attn.proj.bias | 1024       | [FROZEN]
2026-06-25 01:44:06,264 | INFO | vit_model.base_model.model.blocks.0.ls1.gamma | 1024       | [FROZEN]
2026-06-25 01:44:06,264 | INFO | vit_model.base_model.model.blocks.0.norm2.weight | 1024       | [FROZEN]
2026-06-25 01:44:06,264 | INFO | vit_model.base_model.model.blocks.0.norm2.bias | 1024       | [FROZEN]
2026-06-25 01:44:06,264 | INFO | vit_model.base_model.model.blocks.0.mlp.fc1.weight | 4194304    | [FROZEN]
2026-06-25 01:44:06,264 | INFO | vit_model.base_model.model.blocks.0.mlp.fc1.bias | 4096       | [FROZEN]
2026-06-25 01:44:06,264 | INFO | vit_model.base_model.model.blocks.0.mlp.fc2.weight | 4194304    | [FROZEN]
2026-06-25 01:44:06,264 | INFO | vit_model.base_model.model.blocks.0.mlp.fc2.bias | 1024       | [FROZEN]
2026-06-25 01:44:06,264 | INFO | vit_model.base_model.model.blocks.0.ls2.gamma | 1024       | [FROZEN]
2026-06-25 01:44:06,264 | INFO | vit_model.base_model.model.blocks.1.norm1.weight | 1024       | [FROZEN]
2026-06-25 01:44:06,264 | INFO | vit_model.base_model.model.blocks.1.norm1.bias | 1024       | [FROZEN]
2026-06-25 01:44:06,264 | INFO | vit_model.base_model.model.blocks.1.attn.qkv.base_layer.weight | 3145728    | [FROZEN]
2026-06-25 01:44:06,264 | INFO | vit_model.base_model.model.blocks.1.attn.qkv.base_layer.bias | 3072       | [FROZEN]
2026-06-25 01:44:06,264 | INFO | vit_model.base_model.model.blocks.1.attn.qkv.lora_A.default.weight | 8192       | [TRAINABLE]
2026-06-25 01:44:06,264 | INFO | vit_model.base_model.model.blocks.1.attn.qkv.lora_B.default.weight | 24576      | [TRAINABLE]
2026-06-25 01:44:06,264 | INFO | vit_model.base_model.model.blocks.1.attn.proj.weight | 1048576    | [FROZEN]
2026-06-25 01:44:06,264 | INFO | vit_model.base_model.model.blocks.1.attn.proj.bias | 1024       | [FROZEN]
2026-06-25 01:44:06,264 | INFO | vit_model.base_model.model.blocks.1.ls1.gamma | 1024       | [FROZEN]
2026-06-25 01:44:06,264 | INFO | vit_model.base_model.model.blocks.1.norm2.weight | 1024       | [FROZEN]
2026-06-25 01:44:06,264 | INFO | vit_model.base_model.model.blocks.1.norm2.bias | 1024       | [FROZEN]
2026-06-25 01:44:06,265 | INFO | vit_model.base_model.model.blocks.1.mlp.fc1.weight | 4194304    | [FROZEN]
2026-06-25 01:44:06,265 | INFO | vit_model.base_model.model.blocks.1.mlp.fc1.bias | 4096       | [FROZEN]
2026-06-25 01:44:06,265 | INFO | vit_model.base_model.model.blocks.1.mlp.fc2.weight | 4194304    | [FROZEN]
2026-06-25 01:44:06,265 | INFO | vit_model.base_model.model.blocks.1.mlp.fc2.bias | 1024       | [FROZEN]
2026-06-25 01:44:06,265 | INFO | vit_model.base_model.model.blocks.1.ls2.gamma | 1024       | [FROZEN]
2026-06-25 01:44:06,265 | INFO | vit_model.base_model.model.blocks.2.norm1.weight | 1024       | [FROZEN]
2026-06-25 01:44:06,265 | INFO | vit_model.base_model.model.blocks.2.norm1.bias | 1024       | [FROZEN]
2026-06-25 01:44:06,265 | INFO | vit_model.base_model.model.blocks.2.attn.qkv.base_layer.weight | 3145728    | [FROZEN]
2026-06-25 01:44:06,265 | INFO | vit_model.base_model.model.blocks.2.attn.qkv.base_layer.bias | 3072       | [FROZEN]
2026-06-25 01:44:06,265 | INFO | vit_model.base_model.model.blocks.2.attn.qkv.lora_A.default.weight | 8192       | [TRAINABLE]
2026-06-25 01:44:06,265 | INFO | vit_model.base_model.model.blocks.2.attn.qkv.lora_B.default.weight | 24576      | [TRAINABLE]
2026-06-25 01:44:06,265 | INFO | vit_model.base_model.model.blocks.2.attn.proj.weight | 1048576    | [FROZEN]
2026-06-25 01:44:06,265 | INFO | vit_model.base_model.model.blocks.2.attn.proj.bias | 1024       | [FROZEN]
2026-06-25 01:44:06,265 | INFO | vit_model.base_model.model.blocks.2.ls1.gamma | 1024       | [FROZEN]
2026-06-25 01:44:06,265 | INFO | vit_model.base_model.model.blocks.2.norm2.weight | 1024       | [FROZEN]
2026-06-25 01:44:06,265 | INFO | vit_model.base_model.model.blocks.2.norm2.bias | 1024       | [FROZEN]
2026-06-25 01:44:06,265 | INFO | vit_model.base_model.model.blocks.2.mlp.fc1.weight | 4194304    | [FROZEN]
2026-06-25 01:44:06,265 | INFO | vit_model.base_model.model.blocks.2.mlp.fc1.bias | 4096       | [FROZEN]
2026-06-25 01:44:06,265 | INFO | vit_model.base_model.model.blocks.2.mlp.fc2.weight | 4194304    | [FROZEN]
2026-06-25 01:44:06,265 | INFO | vit_model.base_model.model.blocks.2.mlp.fc2.bias | 1024       | [FROZEN]
2026-06-25 01:44:06,265 | INFO | vit_model.base_model.model.blocks.2.ls2.gamma | 1024       | [FROZEN]
2026-06-25 01:44:06,265 | INFO | vit_model.base_model.model.blocks.3.norm1.weight | 1024       | [FROZEN]
2026-06-25 01:44:06,265 | INFO | vit_model.base_model.model.blocks.3.norm1.bias | 1024       | [FROZEN]
2026-06-25 01:44:06,265 | INFO | vit_model.base_model.model.blocks.3.attn.qkv.base_layer.weight | 3145728    | [FROZEN]
2026-06-25 01:44:06,265 | INFO | vit_model.base_model.model.blocks.3.attn.qkv.base_layer.bias | 3072       | [FROZEN]
2026-06-25 01:44:06,265 | INFO | vit_model.base_model.model.blocks.3.attn.qkv.lora_A.default.weight | 8192       | [TRAINABLE]
2026-06-25 01:44:06,265 | INFO | vit_model.base_model.model.blocks.3.attn.qkv.lora_B.default.weight | 24576      | [TRAINABLE]
2026-06-25 01:44:06,265 | INFO | vit_model.base_model.model.blocks.3.attn.proj.weight | 1048576    | [FROZEN]
2026-06-25 01:44:06,265 | INFO | vit_model.base_model.model.blocks.3.attn.proj.bias | 1024       | [FROZEN]
2026-06-25 01:44:06,265 | INFO | vit_model.base_model.model.blocks.3.ls1.gamma | 1024       | [FROZEN]
2026-06-25 01:44:06,265 | INFO | vit_model.base_model.model.blocks.3.norm2.weight | 1024       | [FROZEN]
2026-06-25 01:44:06,265 | INFO | vit_model.base_model.model.blocks.3.norm2.bias | 1024       | [FROZEN]
2026-06-25 01:44:06,265 | INFO | vit_model.base_model.model.blocks.3.mlp.fc1.weight | 4194304    | [FROZEN]
2026-06-25 01:44:06,265 | INFO | vit_model.base_model.model.blocks.3.mlp.fc1.bias | 4096       | [FROZEN]
2026-06-25 01:44:06,265 | INFO | vit_model.base_model.model.blocks.3.mlp.fc2.weight | 4194304    | [FROZEN]
2026-06-25 01:44:06,265 | INFO | vit_model.base_model.model.blocks.3.mlp.fc2.bias | 1024       | [FROZEN]
2026-06-25 01:44:06,265 | INFO | vit_model.base_model.model.blocks.3.ls2.gamma | 1024       | [FROZEN]
2026-06-25 01:44:06,265 | INFO | vit_model.base_model.model.blocks.4.norm1.weight | 1024       | [FROZEN]
2026-06-25 01:44:06,265 | INFO | vit_model.base_model.model.blocks.4.norm1.bias | 1024       | [FROZEN]
2026-06-25 01:44:06,265 | INFO | vit_model.base_model.model.blocks.4.attn.qkv.base_layer.weight | 3145728    | [FROZEN]
2026-06-25 01:44:06,265 | INFO | vit_model.base_model.model.blocks.4.attn.qkv.base_layer.bias | 3072       | [FROZEN]
2026-06-25 01:44:06,265 | INFO | vit_model.base_model.model.blocks.4.attn.qkv.lora_A.default.weight | 8192       | [TRAINABLE]
2026-06-25 01:44:06,265 | INFO | vit_model.base_model.model.blocks.4.attn.qkv.lora_B.default.weight | 24576      | [TRAINABLE]
2026-06-25 01:44:06,265 | INFO | vit_model.base_model.model.blocks.4.attn.proj.weight | 1048576    | [FROZEN]
2026-06-25 01:44:06,265 | INFO | vit_model.base_model.model.blocks.4.attn.proj.bias | 1024       | [FROZEN]
2026-06-25 01:44:06,265 | INFO | vit_model.base_model.model.blocks.4.ls1.gamma | 1024       | [FROZEN]
2026-06-25 01:44:06,265 | INFO | vit_model.base_model.model.blocks.4.norm2.weight | 1024       | [FROZEN]
2026-06-25 01:44:06,265 | INFO | vit_model.base_model.model.blocks.4.norm2.bias | 1024       | [FROZEN]
2026-06-25 01:44:06,265 | INFO | vit_model.base_model.model.blocks.4.mlp.fc1.weight | 4194304    | [FROZEN]
2026-06-25 01:44:06,265 | INFO | vit_model.base_model.model.blocks.4.mlp.fc1.bias | 4096       | [FROZEN]
2026-06-25 01:44:06,265 | INFO | vit_model.base_model.model.blocks.4.mlp.fc2.weight | 4194304    | [FROZEN]
2026-06-25 01:44:06,265 | INFO | vit_model.base_model.model.blocks.4.mlp.fc2.bias | 1024       | [FROZEN]
2026-06-25 01:44:06,265 | INFO | vit_model.base_model.model.blocks.4.ls2.gamma | 1024       | [FROZEN]
2026-06-25 01:44:06,265 | INFO | vit_model.base_model.model.blocks.5.norm1.weight | 1024       | [FROZEN]
2026-06-25 01:44:06,265 | INFO | vit_model.base_model.model.blocks.5.norm1.bias | 1024       | [FROZEN]
2026-06-25 01:44:06,265 | INFO | vit_model.base_model.model.blocks.5.attn.qkv.base_layer.weight | 3145728    | [FROZEN]
2026-06-25 01:44:06,265 | INFO | vit_model.base_model.model.blocks.5.attn.qkv.base_layer.bias | 3072       | [FROZEN]
2026-06-25 01:44:06,265 | INFO | vit_model.base_model.model.blocks.5.attn.qkv.lora_A.default.weight | 8192       | [TRAINABLE]
2026-06-25 01:44:06,265 | INFO | vit_model.base_model.model.blocks.5.attn.qkv.lora_B.default.weight | 24576      | [TRAINABLE]
2026-06-25 01:44:06,265 | INFO | vit_model.base_model.model.blocks.5.attn.proj.weight | 1048576    | [FROZEN]
2026-06-25 01:44:06,265 | INFO | vit_model.base_model.model.blocks.5.attn.proj.bias | 1024       | [FROZEN]
2026-06-25 01:44:06,265 | INFO | vit_model.base_model.model.blocks.5.ls1.gamma | 1024       | [FROZEN]
2026-06-25 01:44:06,265 | INFO | vit_model.base_model.model.blocks.5.norm2.weight | 1024       | [FROZEN]
2026-06-25 01:44:06,265 | INFO | vit_model.base_model.model.blocks.5.norm2.bias | 1024       | [FROZEN]
2026-06-25 01:44:06,265 | INFO | vit_model.base_model.model.blocks.5.mlp.fc1.weight | 4194304    | [FROZEN]
2026-06-25 01:44:06,265 | INFO | vit_model.base_model.model.blocks.5.mlp.fc1.bias | 4096       | [FROZEN]
2026-06-25 01:44:06,265 | INFO | vit_model.base_model.model.blocks.5.mlp.fc2.weight | 4194304    | [FROZEN]
2026-06-25 01:44:06,265 | INFO | vit_model.base_model.model.blocks.5.mlp.fc2.bias | 1024       | [FROZEN]
2026-06-25 01:44:06,265 | INFO | vit_model.base_model.model.blocks.5.ls2.gamma | 1024       | [FROZEN]
2026-06-25 01:44:06,266 | INFO | vit_model.base_model.model.blocks.6.norm1.weight | 1024       | [FROZEN]
2026-06-25 01:44:06,266 | INFO | vit_model.base_model.model.blocks.6.norm1.bias | 1024       | [FROZEN]
2026-06-25 01:44:06,266 | INFO | vit_model.base_model.model.blocks.6.attn.qkv.base_layer.weight | 3145728    | [FROZEN]
2026-06-25 01:44:06,266 | INFO | vit_model.base_model.model.blocks.6.attn.qkv.base_layer.bias | 3072       | [FROZEN]
2026-06-25 01:44:06,266 | INFO | vit_model.base_model.model.blocks.6.attn.qkv.lora_A.default.weight | 8192       | [TRAINABLE]
2026-06-25 01:44:06,266 | INFO | vit_model.base_model.model.blocks.6.attn.qkv.lora_B.default.weight | 24576      | [TRAINABLE]
2026-06-25 01:44:06,266 | INFO | vit_model.base_model.model.blocks.6.attn.proj.weight | 1048576    | [FROZEN]
2026-06-25 01:44:06,266 | INFO | vit_model.base_model.model.blocks.6.attn.proj.bias | 1024       | [FROZEN]
2026-06-25 01:44:06,266 | INFO | vit_model.base_model.model.blocks.6.ls1.gamma | 1024       | [FROZEN]
2026-06-25 01:44:06,266 | INFO | vit_model.base_model.model.blocks.6.norm2.weight | 1024       | [FROZEN]
2026-06-25 01:44:06,266 | INFO | vit_model.base_model.model.blocks.6.norm2.bias | 1024       | [FROZEN]
2026-06-25 01:44:06,266 | INFO | vit_model.base_model.model.blocks.6.mlp.fc1.weight | 4194304    | [FROZEN]
2026-06-25 01:44:06,266 | INFO | vit_model.base_model.model.blocks.6.mlp.fc1.bias | 4096       | [FROZEN]
2026-06-25 01:44:06,266 | INFO | vit_model.base_model.model.blocks.6.mlp.fc2.weight | 4194304    | [FROZEN]
2026-06-25 01:44:06,266 | INFO | vit_model.base_model.model.blocks.6.mlp.fc2.bias | 1024       | [FROZEN]
2026-06-25 01:44:06,266 | INFO | vit_model.base_model.model.blocks.6.ls2.gamma | 1024       | [FROZEN]
2026-06-25 01:44:06,266 | INFO | vit_model.base_model.model.blocks.7.norm1.weight | 1024       | [FROZEN]
2026-06-25 01:44:06,266 | INFO | vit_model.base_model.model.blocks.7.norm1.bias | 1024       | [FROZEN]
2026-06-25 01:44:06,266 | INFO | vit_model.base_model.model.blocks.7.attn.qkv.base_layer.weight | 3145728    | [FROZEN]
2026-06-25 01:44:06,266 | INFO | vit_model.base_model.model.blocks.7.attn.qkv.base_layer.bias | 3072       | [FROZEN]
2026-06-25 01:44:06,266 | INFO | vit_model.base_model.model.blocks.7.attn.qkv.lora_A.default.weight | 8192       | [TRAINABLE]
2026-06-25 01:44:06,266 | INFO | vit_model.base_model.model.blocks.7.attn.qkv.lora_B.default.weight | 24576      | [TRAINABLE]
2026-06-25 01:44:06,266 | INFO | vit_model.base_model.model.blocks.7.attn.proj.weight | 1048576    | [FROZEN]
2026-06-25 01:44:06,266 | INFO | vit_model.base_model.model.blocks.7.attn.proj.bias | 1024       | [FROZEN]
2026-06-25 01:44:06,266 | INFO | vit_model.base_model.model.blocks.7.ls1.gamma | 1024       | [FROZEN]
2026-06-25 01:44:06,266 | INFO | vit_model.base_model.model.blocks.7.norm2.weight | 1024       | [FROZEN]
2026-06-25 01:44:06,266 | INFO | vit_model.base_model.model.blocks.7.norm2.bias | 1024       | [FROZEN]
2026-06-25 01:44:06,266 | INFO | vit_model.base_model.model.blocks.7.mlp.fc1.weight | 4194304    | [FROZEN]
2026-06-25 01:44:06,266 | INFO | vit_model.base_model.model.blocks.7.mlp.fc1.bias | 4096       | [FROZEN]
2026-06-25 01:44:06,266 | INFO | vit_model.base_model.model.blocks.7.mlp.fc2.weight | 4194304    | [FROZEN]
2026-06-25 01:44:06,266 | INFO | vit_model.base_model.model.blocks.7.mlp.fc2.bias | 1024       | [FROZEN]
2026-06-25 01:44:06,266 | INFO | vit_model.base_model.model.blocks.7.ls2.gamma | 1024       | [FROZEN]
2026-06-25 01:44:06,266 | INFO | vit_model.base_model.model.blocks.8.norm1.weight | 1024       | [FROZEN]
2026-06-25 01:44:06,266 | INFO | vit_model.base_model.model.blocks.8.norm1.bias | 1024       | [FROZEN]
2026-06-25 01:44:06,266 | INFO | vit_model.base_model.model.blocks.8.attn.qkv.base_layer.weight | 3145728    | [FROZEN]
2026-06-25 01:44:06,266 | INFO | vit_model.base_model.model.blocks.8.attn.qkv.base_layer.bias | 3072       | [FROZEN]
2026-06-25 01:44:06,266 | INFO | vit_model.base_model.model.blocks.8.attn.qkv.lora_A.default.weight | 8192       | [TRAINABLE]
2026-06-25 01:44:06,266 | INFO | vit_model.base_model.model.blocks.8.attn.qkv.lora_B.default.weight | 24576      | [TRAINABLE]
2026-06-25 01:44:06,266 | INFO | vit_model.base_model.model.blocks.8.attn.proj.weight | 1048576    | [FROZEN]
2026-06-25 01:44:06,266 | INFO | vit_model.base_model.model.blocks.8.attn.proj.bias | 1024       | [FROZEN]
2026-06-25 01:44:06,266 | INFO | vit_model.base_model.model.blocks.8.ls1.gamma | 1024       | [FROZEN]
2026-06-25 01:44:06,266 | INFO | vit_model.base_model.model.blocks.8.norm2.weight | 1024       | [FROZEN]
2026-06-25 01:44:06,266 | INFO | vit_model.base_model.model.blocks.8.norm2.bias | 1024       | [FROZEN]
2026-06-25 01:44:06,266 | INFO | vit_model.base_model.model.blocks.8.mlp.fc1.weight | 4194304    | [FROZEN]
2026-06-25 01:44:06,266 | INFO | vit_model.base_model.model.blocks.8.mlp.fc1.bias | 4096       | [FROZEN]
2026-06-25 01:44:06,266 | INFO | vit_model.base_model.model.blocks.8.mlp.fc2.weight | 4194304    | [FROZEN]
2026-06-25 01:44:06,266 | INFO | vit_model.base_model.model.blocks.8.mlp.fc2.bias | 1024       | [FROZEN]
2026-06-25 01:44:06,266 | INFO | vit_model.base_model.model.blocks.8.ls2.gamma | 1024       | [FROZEN]
2026-06-25 01:44:06,266 | INFO | vit_model.base_model.model.blocks.9.norm1.weight | 1024       | [FROZEN]
2026-06-25 01:44:06,266 | INFO | vit_model.base_model.model.blocks.9.norm1.bias | 1024       | [FROZEN]
2026-06-25 01:44:06,266 | INFO | vit_model.base_model.model.blocks.9.attn.qkv.base_layer.weight | 3145728    | [FROZEN]
2026-06-25 01:44:06,266 | INFO | vit_model.base_model.model.blocks.9.attn.qkv.base_layer.bias | 3072       | [FROZEN]
2026-06-25 01:44:06,266 | INFO | vit_model.base_model.model.blocks.9.attn.qkv.lora_A.default.weight | 8192       | [TRAINABLE]
2026-06-25 01:44:06,266 | INFO | vit_model.base_model.model.blocks.9.attn.qkv.lora_B.default.weight | 24576      | [TRAINABLE]
2026-06-25 01:44:06,266 | INFO | vit_model.base_model.model.blocks.9.attn.proj.weight | 1048576    | [FROZEN]
2026-06-25 01:44:06,266 | INFO | vit_model.base_model.model.blocks.9.attn.proj.bias | 1024       | [FROZEN]
2026-06-25 01:44:06,266 | INFO | vit_model.base_model.model.blocks.9.ls1.gamma | 1024       | [FROZEN]
2026-06-25 01:44:06,266 | INFO | vit_model.base_model.model.blocks.9.norm2.weight | 1024       | [FROZEN]
2026-06-25 01:44:06,266 | INFO | vit_model.base_model.model.blocks.9.norm2.bias | 1024       | [FROZEN]
2026-06-25 01:44:06,266 | INFO | vit_model.base_model.model.blocks.9.mlp.fc1.weight | 4194304    | [FROZEN]
2026-06-25 01:44:06,266 | INFO | vit_model.base_model.model.blocks.9.mlp.fc1.bias | 4096       | [FROZEN]
2026-06-25 01:44:06,266 | INFO | vit_model.base_model.model.blocks.9.mlp.fc2.weight | 4194304    | [FROZEN]
2026-06-25 01:44:06,266 | INFO | vit_model.base_model.model.blocks.9.mlp.fc2.bias | 1024       | [FROZEN]
2026-06-25 01:44:06,266 | INFO | vit_model.base_model.model.blocks.9.ls2.gamma | 1024       | [FROZEN]
2026-06-25 01:44:06,266 | INFO | vit_model.base_model.model.blocks.10.norm1.weight | 1024       | [FROZEN]
2026-06-25 01:44:06,266 | INFO | vit_model.base_model.model.blocks.10.norm1.bias | 1024       | [FROZEN]
2026-06-25 01:44:06,266 | INFO | vit_model.base_model.model.blocks.10.attn.qkv.base_layer.weight | 3145728    | [FROZEN]
2026-06-25 01:44:06,266 | INFO | vit_model.base_model.model.blocks.10.attn.qkv.base_layer.bias | 3072       | [FROZEN]
2026-06-25 01:44:06,266 | INFO | vit_model.base_model.model.blocks.10.attn.qkv.lora_A.default.weight | 8192       | [TRAINABLE]
2026-06-25 01:44:06,266 | INFO | vit_model.base_model.model.blocks.10.attn.qkv.lora_B.default.weight | 24576      | [TRAINABLE]
2026-06-25 01:44:06,267 | INFO | vit_model.base_model.model.blocks.10.attn.proj.weight | 1048576    | [FROZEN]
2026-06-25 01:44:06,267 | INFO | vit_model.base_model.model.blocks.10.attn.proj.bias | 1024       | [FROZEN]
2026-06-25 01:44:06,267 | INFO | vit_model.base_model.model.blocks.10.ls1.gamma | 1024       | [FROZEN]
2026-06-25 01:44:06,267 | INFO | vit_model.base_model.model.blocks.10.norm2.weight | 1024       | [FROZEN]
2026-06-25 01:44:06,267 | INFO | vit_model.base_model.model.blocks.10.norm2.bias | 1024       | [FROZEN]
2026-06-25 01:44:06,267 | INFO | vit_model.base_model.model.blocks.10.mlp.fc1.weight | 4194304    | [FROZEN]
2026-06-25 01:44:06,267 | INFO | vit_model.base_model.model.blocks.10.mlp.fc1.bias | 4096       | [FROZEN]
2026-06-25 01:44:06,267 | INFO | vit_model.base_model.model.blocks.10.mlp.fc2.weight | 4194304    | [FROZEN]
2026-06-25 01:44:06,267 | INFO | vit_model.base_model.model.blocks.10.mlp.fc2.bias | 1024       | [FROZEN]
2026-06-25 01:44:06,267 | INFO | vit_model.base_model.model.blocks.10.ls2.gamma | 1024       | [FROZEN]
2026-06-25 01:44:06,267 | INFO | vit_model.base_model.model.blocks.11.norm1.weight | 1024       | [FROZEN]
2026-06-25 01:44:06,267 | INFO | vit_model.base_model.model.blocks.11.norm1.bias | 1024       | [FROZEN]
2026-06-25 01:44:06,267 | INFO | vit_model.base_model.model.blocks.11.attn.qkv.base_layer.weight | 3145728    | [FROZEN]
2026-06-25 01:44:06,267 | INFO | vit_model.base_model.model.blocks.11.attn.qkv.base_layer.bias | 3072       | [FROZEN]
2026-06-25 01:44:06,267 | INFO | vit_model.base_model.model.blocks.11.attn.qkv.lora_A.default.weight | 8192       | [TRAINABLE]
2026-06-25 01:44:06,267 | INFO | vit_model.base_model.model.blocks.11.attn.qkv.lora_B.default.weight | 24576      | [TRAINABLE]
2026-06-25 01:44:06,267 | INFO | vit_model.base_model.model.blocks.11.attn.proj.weight | 1048576    | [FROZEN]
2026-06-25 01:44:06,267 | INFO | vit_model.base_model.model.blocks.11.attn.proj.bias | 1024       | [FROZEN]
2026-06-25 01:44:06,267 | INFO | vit_model.base_model.model.blocks.11.ls1.gamma | 1024       | [FROZEN]
2026-06-25 01:44:06,267 | INFO | vit_model.base_model.model.blocks.11.norm2.weight | 1024       | [FROZEN]
2026-06-25 01:44:06,267 | INFO | vit_model.base_model.model.blocks.11.norm2.bias | 1024       | [FROZEN]
2026-06-25 01:44:06,267 | INFO | vit_model.base_model.model.blocks.11.mlp.fc1.weight | 4194304    | [FROZEN]
2026-06-25 01:44:06,267 | INFO | vit_model.base_model.model.blocks.11.mlp.fc1.bias | 4096       | [FROZEN]
2026-06-25 01:44:06,267 | INFO | vit_model.base_model.model.blocks.11.mlp.fc2.weight | 4194304    | [FROZEN]
2026-06-25 01:44:06,267 | INFO | vit_model.base_model.model.blocks.11.mlp.fc2.bias | 1024       | [FROZEN]
2026-06-25 01:44:06,267 | INFO | vit_model.base_model.model.blocks.11.ls2.gamma | 1024       | [FROZEN]
2026-06-25 01:44:06,267 | INFO | vit_model.base_model.model.blocks.12.norm1.weight | 1024       | [FROZEN]
2026-06-25 01:44:06,267 | INFO | vit_model.base_model.model.blocks.12.norm1.bias | 1024       | [FROZEN]
2026-06-25 01:44:06,267 | INFO | vit_model.base_model.model.blocks.12.attn.qkv.base_layer.weight | 3145728    | [FROZEN]
2026-06-25 01:44:06,267 | INFO | vit_model.base_model.model.blocks.12.attn.qkv.base_layer.bias | 3072       | [FROZEN]
2026-06-25 01:44:06,267 | INFO | vit_model.base_model.model.blocks.12.attn.qkv.lora_A.default.weight | 8192       | [TRAINABLE]
2026-06-25 01:44:06,267 | INFO | vit_model.base_model.model.blocks.12.attn.qkv.lora_B.default.weight | 24576      | [TRAINABLE]
2026-06-25 01:44:06,267 | INFO | vit_model.base_model.model.blocks.12.attn.proj.weight | 1048576    | [FROZEN]
2026-06-25 01:44:06,267 | INFO | vit_model.base_model.model.blocks.12.attn.proj.bias | 1024       | [FROZEN]
2026-06-25 01:44:06,267 | INFO | vit_model.base_model.model.blocks.12.ls1.gamma | 1024       | [FROZEN]
2026-06-25 01:44:06,267 | INFO | vit_model.base_model.model.blocks.12.norm2.weight | 1024       | [FROZEN]
2026-06-25 01:44:06,267 | INFO | vit_model.base_model.model.blocks.12.norm2.bias | 1024       | [FROZEN]
2026-06-25 01:44:06,267 | INFO | vit_model.base_model.model.blocks.12.mlp.fc1.weight | 4194304    | [FROZEN]
2026-06-25 01:44:06,267 | INFO | vit_model.base_model.model.blocks.12.mlp.fc1.bias | 4096       | [FROZEN]
2026-06-25 01:44:06,267 | INFO | vit_model.base_model.model.blocks.12.mlp.fc2.weight | 4194304    | [FROZEN]
2026-06-25 01:44:06,267 | INFO | vit_model.base_model.model.blocks.12.mlp.fc2.bias | 1024       | [FROZEN]
2026-06-25 01:44:06,267 | INFO | vit_model.base_model.model.blocks.12.ls2.gamma | 1024       | [FROZEN]
2026-06-25 01:44:06,267 | INFO | vit_model.base_model.model.blocks.13.norm1.weight | 1024       | [FROZEN]
2026-06-25 01:44:06,267 | INFO | vit_model.base_model.model.blocks.13.norm1.bias | 1024       | [FROZEN]
2026-06-25 01:44:06,267 | INFO | vit_model.base_model.model.blocks.13.attn.qkv.base_layer.weight | 3145728    | [FROZEN]
2026-06-25 01:44:06,267 | INFO | vit_model.base_model.model.blocks.13.attn.qkv.base_layer.bias | 3072       | [FROZEN]
2026-06-25 01:44:06,267 | INFO | vit_model.base_model.model.blocks.13.attn.qkv.lora_A.default.weight | 8192       | [TRAINABLE]
2026-06-25 01:44:06,267 | INFO | vit_model.base_model.model.blocks.13.attn.qkv.lora_B.default.weight | 24576      | [TRAINABLE]
2026-06-25 01:44:06,267 | INFO | vit_model.base_model.model.blocks.13.attn.proj.weight | 1048576    | [FROZEN]
2026-06-25 01:44:06,267 | INFO | vit_model.base_model.model.blocks.13.attn.proj.bias | 1024       | [FROZEN]
2026-06-25 01:44:06,267 | INFO | vit_model.base_model.model.blocks.13.ls1.gamma | 1024       | [FROZEN]
2026-06-25 01:44:06,267 | INFO | vit_model.base_model.model.blocks.13.norm2.weight | 1024       | [FROZEN]
2026-06-25 01:44:06,267 | INFO | vit_model.base_model.model.blocks.13.norm2.bias | 1024       | [FROZEN]
2026-06-25 01:44:06,267 | INFO | vit_model.base_model.model.blocks.13.mlp.fc1.weight | 4194304    | [FROZEN]
2026-06-25 01:44:06,267 | INFO | vit_model.base_model.model.blocks.13.mlp.fc1.bias | 4096       | [FROZEN]
2026-06-25 01:44:06,267 | INFO | vit_model.base_model.model.blocks.13.mlp.fc2.weight | 4194304    | [FROZEN]
2026-06-25 01:44:06,267 | INFO | vit_model.base_model.model.blocks.13.mlp.fc2.bias | 1024       | [FROZEN]
2026-06-25 01:44:06,267 | INFO | vit_model.base_model.model.blocks.13.ls2.gamma | 1024       | [FROZEN]
2026-06-25 01:44:06,267 | INFO | vit_model.base_model.model.blocks.14.norm1.weight | 1024       | [FROZEN]
2026-06-25 01:44:06,267 | INFO | vit_model.base_model.model.blocks.14.norm1.bias | 1024       | [FROZEN]
2026-06-25 01:44:06,267 | INFO | vit_model.base_model.model.blocks.14.attn.qkv.base_layer.weight | 3145728    | [FROZEN]
2026-06-25 01:44:06,267 | INFO | vit_model.base_model.model.blocks.14.attn.qkv.base_layer.bias | 3072       | [FROZEN]
2026-06-25 01:44:06,267 | INFO | vit_model.base_model.model.blocks.14.attn.qkv.lora_A.default.weight | 8192       | [TRAINABLE]
2026-06-25 01:44:06,267 | INFO | vit_model.base_model.model.blocks.14.attn.qkv.lora_B.default.weight | 24576      | [TRAINABLE]
2026-06-25 01:44:06,267 | INFO | vit_model.base_model.model.blocks.14.attn.proj.weight | 1048576    | [FROZEN]
2026-06-25 01:44:06,267 | INFO | vit_model.base_model.model.blocks.14.attn.proj.bias | 1024       | [FROZEN]
2026-06-25 01:44:06,267 | INFO | vit_model.base_model.model.blocks.14.ls1.gamma | 1024       | [FROZEN]
2026-06-25 01:44:06,267 | INFO | vit_model.base_model.model.blocks.14.norm2.weight | 1024       | [FROZEN]
2026-06-25 01:44:06,267 | INFO | vit_model.base_model.model.blocks.14.norm2.bias | 1024       | [FROZEN]
2026-06-25 01:44:06,267 | INFO | vit_model.base_model.model.blocks.14.mlp.fc1.weight | 4194304    | [FROZEN]
2026-06-25 01:44:06,267 | INFO | vit_model.base_model.model.blocks.14.mlp.fc1.bias | 4096       | [FROZEN]
2026-06-25 01:44:06,267 | INFO | vit_model.base_model.model.blocks.14.mlp.fc2.weight | 4194304    | [FROZEN]
2026-06-25 01:44:06,268 | INFO | vit_model.base_model.model.blocks.14.mlp.fc2.bias | 1024       | [FROZEN]
2026-06-25 01:44:06,268 | INFO | vit_model.base_model.model.blocks.14.ls2.gamma | 1024       | [FROZEN]
2026-06-25 01:44:06,268 | INFO | vit_model.base_model.model.blocks.15.norm1.weight | 1024       | [FROZEN]
2026-06-25 01:44:06,268 | INFO | vit_model.base_model.model.blocks.15.norm1.bias | 1024       | [FROZEN]
2026-06-25 01:44:06,268 | INFO | vit_model.base_model.model.blocks.15.attn.qkv.base_layer.weight | 3145728    | [FROZEN]
2026-06-25 01:44:06,268 | INFO | vit_model.base_model.model.blocks.15.attn.qkv.base_layer.bias | 3072       | [FROZEN]
2026-06-25 01:44:06,268 | INFO | vit_model.base_model.model.blocks.15.attn.qkv.lora_A.default.weight | 8192       | [TRAINABLE]
2026-06-25 01:44:06,268 | INFO | vit_model.base_model.model.blocks.15.attn.qkv.lora_B.default.weight | 24576      | [TRAINABLE]
2026-06-25 01:44:06,268 | INFO | vit_model.base_model.model.blocks.15.attn.proj.weight | 1048576    | [FROZEN]
2026-06-25 01:44:06,268 | INFO | vit_model.base_model.model.blocks.15.attn.proj.bias | 1024       | [FROZEN]
2026-06-25 01:44:06,268 | INFO | vit_model.base_model.model.blocks.15.ls1.gamma | 1024       | [FROZEN]
2026-06-25 01:44:06,268 | INFO | vit_model.base_model.model.blocks.15.norm2.weight | 1024       | [FROZEN]
2026-06-25 01:44:06,268 | INFO | vit_model.base_model.model.blocks.15.norm2.bias | 1024       | [FROZEN]
2026-06-25 01:44:06,268 | INFO | vit_model.base_model.model.blocks.15.mlp.fc1.weight | 4194304    | [FROZEN]
2026-06-25 01:44:06,268 | INFO | vit_model.base_model.model.blocks.15.mlp.fc1.bias | 4096       | [FROZEN]
2026-06-25 01:44:06,268 | INFO | vit_model.base_model.model.blocks.15.mlp.fc2.weight | 4194304    | [FROZEN]
2026-06-25 01:44:06,268 | INFO | vit_model.base_model.model.blocks.15.mlp.fc2.bias | 1024       | [FROZEN]
2026-06-25 01:44:06,268 | INFO | vit_model.base_model.model.blocks.15.ls2.gamma | 1024       | [FROZEN]
2026-06-25 01:44:06,268 | INFO | vit_model.base_model.model.blocks.16.norm1.weight | 1024       | [FROZEN]
2026-06-25 01:44:06,268 | INFO | vit_model.base_model.model.blocks.16.norm1.bias | 1024       | [FROZEN]
2026-06-25 01:44:06,268 | INFO | vit_model.base_model.model.blocks.16.attn.qkv.base_layer.weight | 3145728    | [FROZEN]
2026-06-25 01:44:06,268 | INFO | vit_model.base_model.model.blocks.16.attn.qkv.base_layer.bias | 3072       | [FROZEN]
2026-06-25 01:44:06,268 | INFO | vit_model.base_model.model.blocks.16.attn.qkv.lora_A.default.weight | 8192       | [TRAINABLE]
2026-06-25 01:44:06,268 | INFO | vit_model.base_model.model.blocks.16.attn.qkv.lora_B.default.weight | 24576      | [TRAINABLE]
2026-06-25 01:44:06,268 | INFO | vit_model.base_model.model.blocks.16.attn.proj.weight | 1048576    | [FROZEN]
2026-06-25 01:44:06,268 | INFO | vit_model.base_model.model.blocks.16.attn.proj.bias | 1024       | [FROZEN]
2026-06-25 01:44:06,268 | INFO | vit_model.base_model.model.blocks.16.ls1.gamma | 1024       | [FROZEN]
2026-06-25 01:44:06,268 | INFO | vit_model.base_model.model.blocks.16.norm2.weight | 1024       | [FROZEN]
2026-06-25 01:44:06,268 | INFO | vit_model.base_model.model.blocks.16.norm2.bias | 1024       | [FROZEN]
2026-06-25 01:44:06,268 | INFO | vit_model.base_model.model.blocks.16.mlp.fc1.weight | 4194304    | [FROZEN]
2026-06-25 01:44:06,268 | INFO | vit_model.base_model.model.blocks.16.mlp.fc1.bias | 4096       | [FROZEN]
2026-06-25 01:44:06,268 | INFO | vit_model.base_model.model.blocks.16.mlp.fc2.weight | 4194304    | [FROZEN]
2026-06-25 01:44:06,268 | INFO | vit_model.base_model.model.blocks.16.mlp.fc2.bias | 1024       | [FROZEN]
2026-06-25 01:44:06,268 | INFO | vit_model.base_model.model.blocks.16.ls2.gamma | 1024       | [FROZEN]
2026-06-25 01:44:06,268 | INFO | vit_model.base_model.model.blocks.17.norm1.weight | 1024       | [FROZEN]
2026-06-25 01:44:06,268 | INFO | vit_model.base_model.model.blocks.17.norm1.bias | 1024       | [FROZEN]
2026-06-25 01:44:06,268 | INFO | vit_model.base_model.model.blocks.17.attn.qkv.base_layer.weight | 3145728    | [FROZEN]
2026-06-25 01:44:06,268 | INFO | vit_model.base_model.model.blocks.17.attn.qkv.base_layer.bias | 3072       | [FROZEN]
2026-06-25 01:44:06,268 | INFO | vit_model.base_model.model.blocks.17.attn.qkv.lora_A.default.weight | 8192       | [TRAINABLE]
2026-06-25 01:44:06,268 | INFO | vit_model.base_model.model.blocks.17.attn.qkv.lora_B.default.weight | 24576      | [TRAINABLE]
2026-06-25 01:44:06,268 | INFO | vit_model.base_model.model.blocks.17.attn.proj.weight | 1048576    | [FROZEN]
2026-06-25 01:44:06,268 | INFO | vit_model.base_model.model.blocks.17.attn.proj.bias | 1024       | [FROZEN]
2026-06-25 01:44:06,268 | INFO | vit_model.base_model.model.blocks.17.ls1.gamma | 1024       | [FROZEN]
2026-06-25 01:44:06,268 | INFO | vit_model.base_model.model.blocks.17.norm2.weight | 1024       | [FROZEN]
2026-06-25 01:44:06,268 | INFO | vit_model.base_model.model.blocks.17.norm2.bias | 1024       | [FROZEN]
2026-06-25 01:44:06,268 | INFO | vit_model.base_model.model.blocks.17.mlp.fc1.weight | 4194304    | [FROZEN]
2026-06-25 01:44:06,268 | INFO | vit_model.base_model.model.blocks.17.mlp.fc1.bias | 4096       | [FROZEN]
2026-06-25 01:44:06,268 | INFO | vit_model.base_model.model.blocks.17.mlp.fc2.weight | 4194304    | [FROZEN]
2026-06-25 01:44:06,268 | INFO | vit_model.base_model.model.blocks.17.mlp.fc2.bias | 1024       | [FROZEN]
2026-06-25 01:44:06,268 | INFO | vit_model.base_model.model.blocks.17.ls2.gamma | 1024       | [FROZEN]
2026-06-25 01:44:06,268 | INFO | vit_model.base_model.model.blocks.18.norm1.weight | 1024       | [FROZEN]
2026-06-25 01:44:06,268 | INFO | vit_model.base_model.model.blocks.18.norm1.bias | 1024       | [FROZEN]
2026-06-25 01:44:06,268 | INFO | vit_model.base_model.model.blocks.18.attn.qkv.base_layer.weight | 3145728    | [FROZEN]
2026-06-25 01:44:06,268 | INFO | vit_model.base_model.model.blocks.18.attn.qkv.base_layer.bias | 3072       | [FROZEN]
2026-06-25 01:44:06,268 | INFO | vit_model.base_model.model.blocks.18.attn.qkv.lora_A.default.weight | 8192       | [TRAINABLE]
2026-06-25 01:44:06,268 | INFO | vit_model.base_model.model.blocks.18.attn.qkv.lora_B.default.weight | 24576      | [TRAINABLE]
2026-06-25 01:44:06,268 | INFO | vit_model.base_model.model.blocks.18.attn.proj.weight | 1048576    | [FROZEN]
2026-06-25 01:44:06,268 | INFO | vit_model.base_model.model.blocks.18.attn.proj.bias | 1024       | [FROZEN]
2026-06-25 01:44:06,268 | INFO | vit_model.base_model.model.blocks.18.ls1.gamma | 1024       | [FROZEN]
2026-06-25 01:44:06,268 | INFO | vit_model.base_model.model.blocks.18.norm2.weight | 1024       | [FROZEN]
2026-06-25 01:44:06,268 | INFO | vit_model.base_model.model.blocks.18.norm2.bias | 1024       | [FROZEN]
2026-06-25 01:44:06,268 | INFO | vit_model.base_model.model.blocks.18.mlp.fc1.weight | 4194304    | [FROZEN]
2026-06-25 01:44:06,268 | INFO | vit_model.base_model.model.blocks.18.mlp.fc1.bias | 4096       | [FROZEN]
2026-06-25 01:44:06,268 | INFO | vit_model.base_model.model.blocks.18.mlp.fc2.weight | 4194304    | [FROZEN]
2026-06-25 01:44:06,268 | INFO | vit_model.base_model.model.blocks.18.mlp.fc2.bias | 1024       | [FROZEN]
2026-06-25 01:44:06,268 | INFO | vit_model.base_model.model.blocks.18.ls2.gamma | 1024       | [FROZEN]
2026-06-25 01:44:06,268 | INFO | vit_model.base_model.model.blocks.19.norm1.weight | 1024       | [FROZEN]
2026-06-25 01:44:06,268 | INFO | vit_model.base_model.model.blocks.19.norm1.bias | 1024       | [FROZEN]
2026-06-25 01:44:06,269 | INFO | vit_model.base_model.model.blocks.19.attn.qkv.base_layer.weight | 3145728    | [FROZEN]
2026-06-25 01:44:06,269 | INFO | vit_model.base_model.model.blocks.19.attn.qkv.base_layer.bias | 3072       | [FROZEN]
2026-06-25 01:44:06,269 | INFO | vit_model.base_model.model.blocks.19.attn.qkv.lora_A.default.weight | 8192       | [TRAINABLE]
2026-06-25 01:44:06,269 | INFO | vit_model.base_model.model.blocks.19.attn.qkv.lora_B.default.weight | 24576      | [TRAINABLE]
2026-06-25 01:44:06,269 | INFO | vit_model.base_model.model.blocks.19.attn.proj.weight | 1048576    | [FROZEN]
2026-06-25 01:44:06,269 | INFO | vit_model.base_model.model.blocks.19.attn.proj.bias | 1024       | [FROZEN]
2026-06-25 01:44:06,269 | INFO | vit_model.base_model.model.blocks.19.ls1.gamma | 1024       | [FROZEN]
2026-06-25 01:44:06,269 | INFO | vit_model.base_model.model.blocks.19.norm2.weight | 1024       | [FROZEN]
2026-06-25 01:44:06,269 | INFO | vit_model.base_model.model.blocks.19.norm2.bias | 1024       | [FROZEN]
2026-06-25 01:44:06,269 | INFO | vit_model.base_model.model.blocks.19.mlp.fc1.weight | 4194304    | [FROZEN]
2026-06-25 01:44:06,269 | INFO | vit_model.base_model.model.blocks.19.mlp.fc1.bias | 4096       | [FROZEN]
2026-06-25 01:44:06,269 | INFO | vit_model.base_model.model.blocks.19.mlp.fc2.weight | 4194304    | [FROZEN]
2026-06-25 01:44:06,269 | INFO | vit_model.base_model.model.blocks.19.mlp.fc2.bias | 1024       | [FROZEN]
2026-06-25 01:44:06,269 | INFO | vit_model.base_model.model.blocks.19.ls2.gamma | 1024       | [FROZEN]
2026-06-25 01:44:06,269 | INFO | vit_model.base_model.model.blocks.20.norm1.weight | 1024       | [FROZEN]
2026-06-25 01:44:06,269 | INFO | vit_model.base_model.model.blocks.20.norm1.bias | 1024       | [FROZEN]
2026-06-25 01:44:06,269 | INFO | vit_model.base_model.model.blocks.20.attn.qkv.base_layer.weight | 3145728    | [FROZEN]
2026-06-25 01:44:06,269 | INFO | vit_model.base_model.model.blocks.20.attn.qkv.base_layer.bias | 3072       | [FROZEN]
2026-06-25 01:44:06,269 | INFO | vit_model.base_model.model.blocks.20.attn.qkv.lora_A.default.weight | 8192       | [TRAINABLE]
2026-06-25 01:44:06,269 | INFO | vit_model.base_model.model.blocks.20.attn.qkv.lora_B.default.weight | 24576      | [TRAINABLE]
2026-06-25 01:44:06,269 | INFO | vit_model.base_model.model.blocks.20.attn.proj.weight | 1048576    | [FROZEN]
2026-06-25 01:44:06,269 | INFO | vit_model.base_model.model.blocks.20.attn.proj.bias | 1024       | [FROZEN]
2026-06-25 01:44:06,269 | INFO | vit_model.base_model.model.blocks.20.ls1.gamma | 1024       | [FROZEN]
2026-06-25 01:44:06,269 | INFO | vit_model.base_model.model.blocks.20.norm2.weight | 1024       | [FROZEN]
2026-06-25 01:44:06,269 | INFO | vit_model.base_model.model.blocks.20.norm2.bias | 1024       | [FROZEN]
2026-06-25 01:44:06,269 | INFO | vit_model.base_model.model.blocks.20.mlp.fc1.weight | 4194304    | [FROZEN]
2026-06-25 01:44:06,269 | INFO | vit_model.base_model.model.blocks.20.mlp.fc1.bias | 4096       | [FROZEN]
2026-06-25 01:44:06,269 | INFO | vit_model.base_model.model.blocks.20.mlp.fc2.weight | 4194304    | [FROZEN]
2026-06-25 01:44:06,269 | INFO | vit_model.base_model.model.blocks.20.mlp.fc2.bias | 1024       | [FROZEN]
2026-06-25 01:44:06,269 | INFO | vit_model.base_model.model.blocks.20.ls2.gamma | 1024       | [FROZEN]
2026-06-25 01:44:06,269 | INFO | vit_model.base_model.model.blocks.21.norm1.weight | 1024       | [FROZEN]
2026-06-25 01:44:06,269 | INFO | vit_model.base_model.model.blocks.21.norm1.bias | 1024       | [FROZEN]
2026-06-25 01:44:06,269 | INFO | vit_model.base_model.model.blocks.21.attn.qkv.base_layer.weight | 3145728    | [FROZEN]
2026-06-25 01:44:06,269 | INFO | vit_model.base_model.model.blocks.21.attn.qkv.base_layer.bias | 3072       | [FROZEN]
2026-06-25 01:44:06,269 | INFO | vit_model.base_model.model.blocks.21.attn.qkv.lora_A.default.weight | 8192       | [TRAINABLE]
2026-06-25 01:44:06,269 | INFO | vit_model.base_model.model.blocks.21.attn.qkv.lora_B.default.weight | 24576      | [TRAINABLE]
2026-06-25 01:44:06,269 | INFO | vit_model.base_model.model.blocks.21.attn.proj.weight | 1048576    | [FROZEN]
2026-06-25 01:44:06,269 | INFO | vit_model.base_model.model.blocks.21.attn.proj.bias | 1024       | [FROZEN]
2026-06-25 01:44:06,269 | INFO | vit_model.base_model.model.blocks.21.ls1.gamma | 1024       | [FROZEN]
2026-06-25 01:44:06,269 | INFO | vit_model.base_model.model.blocks.21.norm2.weight | 1024       | [FROZEN]
2026-06-25 01:44:06,269 | INFO | vit_model.base_model.model.blocks.21.norm2.bias | 1024       | [FROZEN]
2026-06-25 01:44:06,269 | INFO | vit_model.base_model.model.blocks.21.mlp.fc1.weight | 4194304    | [FROZEN]
2026-06-25 01:44:06,269 | INFO | vit_model.base_model.model.blocks.21.mlp.fc1.bias | 4096       | [FROZEN]
2026-06-25 01:44:06,269 | INFO | vit_model.base_model.model.blocks.21.mlp.fc2.weight | 4194304    | [FROZEN]
2026-06-25 01:44:06,269 | INFO | vit_model.base_model.model.blocks.21.mlp.fc2.bias | 1024       | [FROZEN]
2026-06-25 01:44:06,269 | INFO | vit_model.base_model.model.blocks.21.ls2.gamma | 1024       | [FROZEN]
2026-06-25 01:44:06,269 | INFO | vit_model.base_model.model.blocks.22.norm1.weight | 1024       | [FROZEN]
2026-06-25 01:44:06,269 | INFO | vit_model.base_model.model.blocks.22.norm1.bias | 1024       | [FROZEN]
2026-06-25 01:44:06,269 | INFO | vit_model.base_model.model.blocks.22.attn.qkv.base_layer.weight | 3145728    | [FROZEN]
2026-06-25 01:44:06,269 | INFO | vit_model.base_model.model.blocks.22.attn.qkv.base_layer.bias | 3072       | [FROZEN]
2026-06-25 01:44:06,269 | INFO | vit_model.base_model.model.blocks.22.attn.qkv.lora_A.default.weight | 8192       | [TRAINABLE]
2026-06-25 01:44:06,269 | INFO | vit_model.base_model.model.blocks.22.attn.qkv.lora_B.default.weight | 24576      | [TRAINABLE]
2026-06-25 01:44:06,269 | INFO | vit_model.base_model.model.blocks.22.attn.proj.weight | 1048576    | [FROZEN]
2026-06-25 01:44:06,269 | INFO | vit_model.base_model.model.blocks.22.attn.proj.bias | 1024       | [FROZEN]
2026-06-25 01:44:06,269 | INFO | vit_model.base_model.model.blocks.22.ls1.gamma | 1024       | [FROZEN]
2026-06-25 01:44:06,269 | INFO | vit_model.base_model.model.blocks.22.norm2.weight | 1024       | [FROZEN]
2026-06-25 01:44:06,269 | INFO | vit_model.base_model.model.blocks.22.norm2.bias | 1024       | [FROZEN]
2026-06-25 01:44:06,269 | INFO | vit_model.base_model.model.blocks.22.mlp.fc1.weight | 4194304    | [FROZEN]
2026-06-25 01:44:06,269 | INFO | vit_model.base_model.model.blocks.22.mlp.fc1.bias | 4096       | [FROZEN]
2026-06-25 01:44:06,269 | INFO | vit_model.base_model.model.blocks.22.mlp.fc2.weight | 4194304    | [FROZEN]
2026-06-25 01:44:06,269 | INFO | vit_model.base_model.model.blocks.22.mlp.fc2.bias | 1024       | [FROZEN]
2026-06-25 01:44:06,269 | INFO | vit_model.base_model.model.blocks.22.ls2.gamma | 1024       | [FROZEN]
2026-06-25 01:44:06,269 | INFO | vit_model.base_model.model.blocks.23.norm1.weight | 1024       | [FROZEN]
2026-06-25 01:44:06,269 | INFO | vit_model.base_model.model.blocks.23.norm1.bias | 1024       | [FROZEN]
2026-06-25 01:44:06,269 | INFO | vit_model.base_model.model.blocks.23.attn.qkv.base_layer.weight | 3145728    | [FROZEN]
2026-06-25 01:44:06,269 | INFO | vit_model.base_model.model.blocks.23.attn.qkv.base_layer.bias | 3072       | [FROZEN]
2026-06-25 01:44:06,269 | INFO | vit_model.base_model.model.blocks.23.attn.qkv.lora_A.default.weight | 8192       | [TRAINABLE]
2026-06-25 01:44:06,269 | INFO | vit_model.base_model.model.blocks.23.attn.qkv.lora_B.default.weight | 24576      | [TRAINABLE]
2026-06-25 01:44:06,270 | INFO | vit_model.base_model.model.blocks.23.attn.proj.weight | 1048576    | [FROZEN]
2026-06-25 01:44:06,270 | INFO | vit_model.base_model.model.blocks.23.attn.proj.bias | 1024       | [FROZEN]
2026-06-25 01:44:06,270 | INFO | vit_model.base_model.model.blocks.23.ls1.gamma | 1024       | [FROZEN]
2026-06-25 01:44:06,270 | INFO | vit_model.base_model.model.blocks.23.norm2.weight | 1024       | [FROZEN]
2026-06-25 01:44:06,270 | INFO | vit_model.base_model.model.blocks.23.norm2.bias | 1024       | [FROZEN]
2026-06-25 01:44:06,270 | INFO | vit_model.base_model.model.blocks.23.mlp.fc1.weight | 4194304    | [FROZEN]
2026-06-25 01:44:06,270 | INFO | vit_model.base_model.model.blocks.23.mlp.fc1.bias | 4096       | [FROZEN]
2026-06-25 01:44:06,270 | INFO | vit_model.base_model.model.blocks.23.mlp.fc2.weight | 4194304    | [FROZEN]
2026-06-25 01:44:06,270 | INFO | vit_model.base_model.model.blocks.23.mlp.fc2.bias | 1024       | [FROZEN]
2026-06-25 01:44:06,270 | INFO | vit_model.base_model.model.blocks.23.ls2.gamma | 1024       | [FROZEN]
2026-06-25 01:44:06,270 | INFO | vit_model.base_model.model.norm.weight   | 1024       | [FROZEN]
2026-06-25 01:44:06,270 | INFO | vit_model.base_model.model.norm.bias     | 1024       | [FROZEN]
2026-06-25 01:44:06,270 | INFO | mil_model.w_map.0.weight                 | 1024       | [TRAINABLE]
2026-06-25 01:44:06,270 | INFO | mil_model.v_map.0.weight                 | 1048576    | [TRAINABLE]
2026-06-25 01:44:06,270 | INFO | concept_heads.0.weight                   | 4096       | [TRAINABLE]
2026-06-25 01:44:06,270 | INFO | concept_heads.0.bias                     | 4          | [TRAINABLE]
2026-06-25 01:44:06,270 | INFO | concept_heads.1.weight                   | 3072       | [TRAINABLE]
2026-06-25 01:44:06,270 | INFO | concept_heads.1.bias                     | 3          | [TRAINABLE]
2026-06-25 01:44:06,270 | INFO | concept_heads.2.weight                   | 3072       | [TRAINABLE]
2026-06-25 01:44:06,270 | INFO | concept_heads.2.bias                     | 3          | [TRAINABLE]
2026-06-25 01:44:06,270 | INFO | task_model.weight                        | 10         | [TRAINABLE]
2026-06-25 01:44:06,270 | INFO | task_model.bias                          | 1          | [TRAINABLE]
2026-06-25 01:44:06,271 | INFO | Total parameters (incl unnamed): 305.1971M
2026-06-25 01:44:06,271 | INFO | Total named parameters: 305.1971M
2026-06-25 01:44:06,271 | INFO | Trainable parameters: 1.8463M
2026-06-25 01:44:06,271 | INFO | ======== starting epoch 1 ========
2026-06-25 01:44:06,271 | INFO | epoch 1 LR at start of epoch: vit = 0.000000
2026-06-25 01:44:06,271 | INFO | epoch 1 LR at start of epoch: head = 0.010000
2026-06-25 01:44:06,271 | INFO | [VALIDATION STEP]
2026-06-25 01:44:21,885 | INFO | [epoch 1 | val | batch 0 start] allocated=2955.9MB | reserved=31856.0MB | peak=12411.9MB
2026-06-25 01:46:08,162 | INFO | [epoch 1 | val | batch 10 start] allocated=2955.9MB | reserved=31856.0MB | peak=12411.9MB
2026-06-25 01:46:18,815 | INFO | epoch 1 val loss (mean of batches): 1.39
2026-06-25 01:46:18,815 | INFO | epoch 1 val loss history: [1.3860000371932983]
2026-06-25 01:46:18,815 | INFO | epoch 1 val c-index (total sample): 0.40
2026-06-25 01:46:18,815 | INFO | epoch 1 val c-index history: [0.404]
2026-06-25 01:46:18,819 | INFO | [TRAINING STEP]
2026-06-25 01:46:28,419 | INFO | [epoch 1 | train | batch 0 start] allocated=2367.9MB | reserved=31856.0MB | peak=12411.9MB
2026-06-25 01:46:30,155 | INFO |     task_logits from  -0.61328125 to 0.546875
2026-06-25 01:47:25,712 | INFO | [epoch 1 | train | batch 10 start] allocated=2389.0MB | reserved=31856.0MB | peak=30391.5MB
2026-06-25 01:48:22,742 | INFO | [epoch 1 | train | batch 20 start] allocated=2389.0MB | reserved=31856.0MB | peak=30391.5MB
2026-06-25 01:49:19,680 | INFO | [epoch 1 | train | batch 30 start] allocated=2389.0MB | reserved=31856.0MB | peak=30391.5MB
2026-06-25 01:50:16,741 | INFO | [epoch 1 | train | batch 40 start] allocated=2389.0MB | reserved=31856.0MB | peak=30391.5MB
2026-06-25 01:50:50,890 | INFO | epoch 1 train total loss: 1.89
2026-06-25 01:50:50,890 | INFO | epoch 1 train concept loss: 1.62
2026-06-25 01:50:50,890 | INFO | epoch 1 train task loss: 0.27
2026-06-25 01:50:50,890 | INFO | epoch 1 train total loss history: [1.8860000371932983]
2026-06-25 01:50:50,890 | INFO | epoch 1 train concept loss history: [1.6180000305175781]
2026-06-25 01:50:50,890 | INFO | epoch 1 train task loss history: [0.2669999897480011]
2026-06-25 01:50:50,891 | INFO | epoch 1 complete
2026-06-25 01:50:50,891 | INFO | ======== starting epoch 2 ========
2026-06-25 01:50:50,891 | INFO | epoch 2 LR at start of epoch: vit = 0.000000
2026-06-25 01:50:50,891 | INFO | epoch 2 LR at start of epoch: head = 0.009755
2026-06-25 01:50:50,891 | INFO | [VALIDATION STEP]
2026-06-25 01:51:06,173 | INFO | [epoch 2 | val | batch 0 start] allocated=2977.0MB | reserved=31856.0MB | peak=30391.5MB
2026-06-25 01:52:52,332 | INFO | [epoch 2 | val | batch 10 start] allocated=2977.0MB | reserved=31856.0MB | peak=30391.5MB
2026-06-25 01:53:05,139 | INFO | epoch 2 val loss (mean of batches): 1.63
2026-06-25 01:53:05,139 | INFO | epoch 2 val loss history: [1.3860000371932983, 1.6260000467300415]
2026-06-25 01:53:05,139 | INFO | epoch 2 val c-index (total sample): 0.52
2026-06-25 01:53:05,139 | INFO | epoch 2 val c-index history: [0.404, 0.515]
2026-06-25 01:53:05,143 | INFO | [TRAINING STEP]
2026-06-25 01:53:15,197 | INFO | [epoch 2 | train | batch 0 start] allocated=2389.0MB | reserved=31856.0MB | peak=30391.5MB
2026-06-25 01:53:16,928 | INFO |     task_logits from  -2.125 to -0.18359375
2026-06-25 01:54:12,362 | INFO | [epoch 2 | train | batch 10 start] allocated=2389.0MB | reserved=31856.0MB | peak=30391.5MB
2026-06-25 01:55:16,417 | INFO | [epoch 2 | train | batch 20 start] allocated=2389.0MB | reserved=31856.0MB | peak=30391.5MB
2026-06-25 01:56:13,331 | INFO | [epoch 2 | train | batch 30 start] allocated=2389.0MB | reserved=31856.0MB | peak=30391.5MB
2026-06-25 01:57:10,257 | INFO | [epoch 2 | train | batch 40 start] allocated=2389.0MB | reserved=31856.0MB | peak=30391.5MB
2026-06-25 01:57:44,405 | INFO | epoch 2 train total loss: 1.49
2026-06-25 01:57:44,406 | INFO | epoch 2 train concept loss: 1.28
2026-06-25 01:57:44,406 | INFO | epoch 2 train task loss: 0.20
2026-06-25 01:57:44,406 | INFO | epoch 2 train total loss history: [1.8860000371932983, 1.4850000143051147]
2026-06-25 01:57:44,406 | INFO | epoch 2 train concept loss history: [1.6180000305175781, 1.2799999713897705]
2026-06-25 01:57:44,406 | INFO | epoch 2 train task loss history: [0.2669999897480011, 0.20499999821186066]
2026-06-25 01:57:44,406 | INFO | epoch 2 complete
2026-06-25 01:57:44,407 | INFO | ======== starting epoch 3 ========
2026-06-25 01:57:44,407 | INFO | epoch 3 LR at start of epoch: vit = 0.000000
2026-06-25 01:57:44,407 | INFO | epoch 3 LR at start of epoch: head = 0.009045
2026-06-25 01:57:44,407 | INFO | [VALIDATION STEP]
2026-06-25 01:57:59,570 | INFO | [epoch 3 | val | batch 0 start] allocated=2977.0MB | reserved=31856.0MB | peak=30391.5MB
2026-06-25 01:59:46,002 | INFO | [epoch 3 | val | batch 10 start] allocated=2977.0MB | reserved=31856.0MB | peak=30391.5MB
2026-06-25 01:59:56,609 | INFO | epoch 3 val loss (mean of batches): 1.51
2026-06-25 01:59:56,609 | INFO | epoch 3 val loss history: [1.3860000371932983, 1.6260000467300415, 1.5110000371932983]
2026-06-25 01:59:56,609 | INFO | epoch 3 val c-index (total sample): 0.66
2026-06-25 01:59:56,609 | INFO | epoch 3 val c-index history: [0.404, 0.515, 0.655]
2026-06-25 01:59:56,612 | INFO | [TRAINING STEP]
2026-06-25 02:00:06,763 | INFO | [epoch 3 | train | batch 0 start] allocated=2389.0MB | reserved=31856.0MB | peak=30391.5MB
2026-06-25 02:00:08,494 | INFO |     task_logits from  -2.96875 to 2.421875
2026-06-25 02:01:03,841 | INFO | [epoch 3 | train | batch 10 start] allocated=2389.0MB | reserved=31856.0MB | peak=30391.5MB
2026-06-25 02:02:01,761 | INFO | [epoch 3 | train | batch 20 start] allocated=2389.0MB | reserved=31856.0MB | peak=30391.5MB
2026-06-25 02:03:00,525 | INFO | [epoch 3 | train | batch 30 start] allocated=2389.0MB | reserved=31856.0MB | peak=30391.5MB
2026-06-25 02:03:57,537 | INFO | [epoch 3 | train | batch 40 start] allocated=2389.0MB | reserved=31856.0MB | peak=30391.5MB
2026-06-25 02:04:31,702 | INFO | epoch 3 train total loss: 1.23
2026-06-25 02:04:31,702 | INFO | epoch 3 train concept loss: 1.01
2026-06-25 02:04:31,702 | INFO | epoch 3 train task loss: 0.22
2026-06-25 02:04:31,702 | INFO | epoch 3 train total loss history: [1.8860000371932983, 1.4850000143051147, 1.2339999675750732]
2026-06-25 02:04:31,703 | INFO | epoch 3 train concept loss history: [1.6180000305175781, 1.2799999713897705, 1.0140000581741333]
2026-06-25 02:04:31,703 | INFO | epoch 3 train task loss history: [0.2669999897480011, 0.20499999821186066, 0.21899999678134918]
2026-06-25 02:04:31,703 | INFO | epoch 3 complete
2026-06-25 02:04:31,703 | INFO | ======== starting epoch 4 ========
2026-06-25 02:04:31,704 | INFO | epoch 4 LR at start of epoch: vit = 0.000000
2026-06-25 02:04:31,704 | INFO | epoch 4 LR at start of epoch: head = 0.007939
2026-06-25 02:04:31,704 | INFO | [VALIDATION STEP]
2026-06-25 02:04:47,695 | INFO | [epoch 4 | val | batch 0 start] allocated=2977.0MB | reserved=31856.0MB | peak=30391.5MB
2026-06-25 02:06:33,898 | INFO | [epoch 4 | val | batch 10 start] allocated=2977.0MB | reserved=31856.0MB | peak=30391.5MB
2026-06-25 02:06:44,554 | INFO | epoch 4 val loss (mean of batches): 1.37
2026-06-25 02:06:44,554 | INFO | epoch 4 val loss history: [1.3860000371932983, 1.6260000467300415, 1.5110000371932983, 1.3650000095367432]
2026-06-25 02:06:44,554 | INFO | epoch 4 val c-index (total sample): 0.64
2026-06-25 02:06:44,554 | INFO | epoch 4 val c-index history: [0.404, 0.515, 0.655, 0.639]
2026-06-25 02:06:44,558 | INFO | [TRAINING STEP]
2026-06-25 02:06:53,311 | INFO | [epoch 4 | train | batch 0 start] allocated=2389.0MB | reserved=31856.0MB | peak=30391.5MB
2026-06-25 02:06:55,046 | INFO |     task_logits from  -1.6640625 to 1.1953125
2026-06-25 02:07:50,952 | INFO | [epoch 4 | train | batch 10 start] allocated=2389.0MB | reserved=31856.0MB | peak=30391.5MB
2026-06-25 02:08:48,501 | INFO | [epoch 4 | train | batch 20 start] allocated=2389.0MB | reserved=31856.0MB | peak=30391.5MB
2026-06-25 02:09:45,818 | INFO | [epoch 4 | train | batch 30 start] allocated=2389.0MB | reserved=31856.0MB | peak=30391.5MB
2026-06-25 02:10:43,119 | INFO | [epoch 4 | train | batch 40 start] allocated=2389.0MB | reserved=31856.0MB | peak=30391.5MB
2026-06-25 02:11:18,284 | INFO | epoch 4 train total loss: 1.06
2026-06-25 02:11:18,284 | INFO | epoch 4 train concept loss: 0.88
2026-06-25 02:11:18,284 | INFO | epoch 4 train task loss: 0.18
2026-06-25 02:11:18,284 | INFO | epoch 4 train total loss history: [1.8860000371932983, 1.4850000143051147, 1.2339999675750732, 1.0609999895095825]
2026-06-25 02:11:18,284 | INFO | epoch 4 train concept loss history: [1.6180000305175781, 1.2799999713897705, 1.0140000581741333, 0.8790000081062317]
2026-06-25 02:11:18,284 | INFO | epoch 4 train task loss history: [0.2669999897480011, 0.20499999821186066, 0.21899999678134918, 0.18199999630451202]
2026-06-25 02:11:18,285 | INFO | epoch 4 complete
2026-06-25 02:11:18,285 | INFO | ======== starting epoch 5 ========
2026-06-25 02:11:18,285 | INFO | epoch 5 LR at start of epoch: vit = 0.000000
2026-06-25 02:11:18,285 | INFO | epoch 5 LR at start of epoch: head = 0.006545
2026-06-25 02:11:18,285 | INFO | [VALIDATION STEP]
2026-06-25 02:11:34,039 | INFO | [epoch 5 | val | batch 0 start] allocated=2977.0MB | reserved=31856.0MB | peak=30391.5MB
2026-06-25 02:13:20,217 | INFO | [epoch 5 | val | batch 10 start] allocated=2977.0MB | reserved=31856.0MB | peak=30391.5MB
2026-06-25 02:13:31,316 | INFO | epoch 5 val loss (mean of batches): 1.38
2026-06-25 02:13:31,316 | INFO | epoch 5 val loss history: [1.3860000371932983, 1.6260000467300415, 1.5110000371932983, 1.3650000095367432, 1.3830000162124634]
2026-06-25 02:13:31,316 | INFO | epoch 5 val c-index (total sample): 0.65
2026-06-25 02:13:31,316 | INFO | epoch 5 val c-index history: [0.404, 0.515, 0.655, 0.639, 0.65]
2026-06-25 02:13:31,319 | INFO | [TRAINING STEP]
2026-06-25 02:13:41,950 | INFO | [epoch 5 | train | batch 0 start] allocated=2389.0MB | reserved=31856.0MB | peak=30391.5MB
2026-06-25 02:13:43,683 | INFO |     task_logits from  -3.1875 to -0.0791015625
2026-06-25 02:14:38,900 | INFO | [epoch 5 | train | batch 10 start] allocated=2389.0MB | reserved=31856.0MB | peak=30391.5MB
2026-06-25 02:15:36,193 | INFO | [epoch 5 | train | batch 20 start] allocated=2389.0MB | reserved=31856.0MB | peak=30391.5MB
2026-06-25 02:16:34,477 | INFO | [epoch 5 | train | batch 30 start] allocated=2389.0MB | reserved=31856.0MB | peak=30391.5MB
2026-06-25 02:17:33,253 | INFO | [epoch 5 | train | batch 40 start] allocated=2389.0MB | reserved=31856.0MB | peak=30391.5MB
2026-06-25 02:18:08,827 | INFO | epoch 5 train total loss: 0.87
2026-06-25 02:18:08,827 | INFO | epoch 5 train concept loss: 0.69
2026-06-25 02:18:08,828 | INFO | epoch 5 train task loss: 0.17
2026-06-25 02:18:08,828 | INFO | epoch 5 train total loss history: [1.8860000371932983, 1.4850000143051147, 1.2339999675750732, 1.0609999895095825, 0.8650000095367432]
2026-06-25 02:18:08,828 | INFO | epoch 5 train concept loss history: [1.6180000305175781, 1.2799999713897705, 1.0140000581741333, 0.8790000081062317, 0.6930000185966492]
2026-06-25 02:18:08,828 | INFO | epoch 5 train task loss history: [0.2669999897480011, 0.20499999821186066, 0.21899999678134918, 0.18199999630451202, 0.17100000381469727]
2026-06-25 02:18:08,828 | INFO | epoch 5 complete
2026-06-25 02:18:08,828 | INFO | ======== starting epoch 6 ========
2026-06-25 02:18:08,828 | INFO | epoch 6 LR at start of epoch: vit = 0.000000
2026-06-25 02:18:08,828 | INFO | epoch 6 LR at start of epoch: head = 0.005000
2026-06-25 02:18:08,828 | INFO | [VALIDATION STEP]
2026-06-25 02:18:24,810 | INFO | [epoch 6 | val | batch 0 start] allocated=2977.0MB | reserved=31856.0MB | peak=30391.5MB
2026-06-25 02:20:11,065 | INFO | [epoch 6 | val | batch 10 start] allocated=2977.0MB | reserved=31856.0MB | peak=30391.5MB
2026-06-25 02:20:21,768 | INFO | epoch 6 val loss (mean of batches): 1.37
2026-06-25 02:20:21,768 | INFO | epoch 6 val loss history: [1.3860000371932983, 1.6260000467300415, 1.5110000371932983, 1.3650000095367432, 1.3830000162124634, 1.3730000257492065]
2026-06-25 02:20:21,768 | INFO | epoch 6 val c-index (total sample): 0.64
2026-06-25 02:20:21,768 | INFO | epoch 6 val c-index history: [0.404, 0.515, 0.655, 0.639, 0.65, 0.637]
2026-06-25 02:20:21,771 | INFO | [TRAINING STEP]
2026-06-25 02:20:31,556 | INFO | [epoch 6 | train | batch 0 start] allocated=2389.0MB | reserved=31856.0MB | peak=30391.5MB
2026-06-25 02:20:33,294 | INFO |     task_logits from  -3.34375 to 1.9765625
2026-06-25 02:21:28,706 | INFO | [epoch 6 | train | batch 10 start] allocated=2389.0MB | reserved=31856.0MB | peak=30391.5MB
2026-06-25 02:22:25,707 | INFO | [epoch 6 | train | batch 20 start] allocated=2389.0MB | reserved=31856.0MB | peak=30391.5MB
2026-06-25 02:23:22,811 | INFO | [epoch 6 | train | batch 30 start] allocated=2389.0MB | reserved=31856.0MB | peak=30391.5MB
2026-06-25 02:24:19,804 | INFO | [epoch 6 | train | batch 40 start] allocated=2389.0MB | reserved=31856.0MB | peak=30391.5MB
2026-06-25 02:24:54,050 | INFO | epoch 6 train total loss: 0.76
2026-06-25 02:24:54,051 | INFO | epoch 6 train concept loss: 0.61
2026-06-25 02:24:54,051 | INFO | epoch 6 train task loss: 0.15
2026-06-25 02:24:54,051 | INFO | epoch 6 train total loss history: [1.8860000371932983, 1.4850000143051147, 1.2339999675750732, 1.0609999895095825, 0.8650000095367432, 0.7609999775886536]
2026-06-25 02:24:54,051 | INFO | epoch 6 train concept loss history: [1.6180000305175781, 1.2799999713897705, 1.0140000581741333, 0.8790000081062317, 0.6930000185966492, 0.6129999756813049]
2026-06-25 02:24:54,051 | INFO | epoch 6 train task loss history: [0.2669999897480011, 0.20499999821186066, 0.21899999678134918, 0.18199999630451202, 0.17100000381469727, 0.14800000190734863]
2026-06-25 02:24:54,051 | INFO | epoch 6 complete
2026-06-25 02:24:54,052 | INFO | ======== starting epoch 7 ========
2026-06-25 02:24:54,052 | INFO | epoch 7 LR at start of epoch: vit = 0.000000
2026-06-25 02:24:54,052 | INFO | epoch 7 LR at start of epoch: head = 0.003455
2026-06-25 02:24:54,052 | INFO | [VALIDATION STEP]
2026-06-25 02:25:09,609 | INFO | [epoch 7 | val | batch 0 start] allocated=2977.0MB | reserved=31856.0MB | peak=30391.5MB
2026-06-25 02:26:55,839 | INFO | [epoch 7 | val | batch 10 start] allocated=2977.0MB | reserved=31856.0MB | peak=30391.5MB
2026-06-25 02:27:06,534 | INFO | epoch 7 val loss (mean of batches): 1.28
2026-06-25 02:27:06,534 | INFO | epoch 7 val loss history: [1.3860000371932983, 1.6260000467300415, 1.5110000371932983, 1.3650000095367432, 1.3830000162124634, 1.3730000257492065, 1.284999966621399]
2026-06-25 02:27:06,534 | INFO | epoch 7 val c-index (total sample): 0.67
2026-06-25 02:27:06,534 | INFO | epoch 7 val c-index history: [0.404, 0.515, 0.655, 0.639, 0.65, 0.637, 0.665]
2026-06-25 02:27:06,537 | INFO | [TRAINING STEP]
2026-06-25 02:27:16,921 | INFO | [epoch 7 | train | batch 0 start] allocated=2389.0MB | reserved=31856.0MB | peak=30391.5MB
2026-06-25 02:27:18,655 | INFO |     task_logits from  -3.375 to 0.224609375
2026-06-25 02:28:13,943 | INFO | [epoch 7 | train | batch 10 start] allocated=2389.0MB | reserved=31856.0MB | peak=30391.5MB
2026-06-25 02:29:10,933 | INFO | [epoch 7 | train | batch 20 start] allocated=2389.0MB | reserved=31856.0MB | peak=30391.5MB
2026-06-25 02:30:07,918 | INFO | [epoch 7 | train | batch 30 start] allocated=2389.0MB | reserved=31856.0MB | peak=30391.5MB
2026-06-25 02:31:04,895 | INFO | [epoch 7 | train | batch 40 start] allocated=2389.0MB | reserved=31856.0MB | peak=30391.5MB
2026-06-25 02:31:39,097 | INFO | epoch 7 train total loss: 0.70
2026-06-25 02:31:39,097 | INFO | epoch 7 train concept loss: 0.55
2026-06-25 02:31:39,097 | INFO | epoch 7 train task loss: 0.15
2026-06-25 02:31:39,097 | INFO | epoch 7 train total loss history: [1.8860000371932983, 1.4850000143051147, 1.2339999675750732, 1.0609999895095825, 0.8650000095367432, 0.7609999775886536, 0.6980000138282776]
2026-06-25 02:31:39,097 | INFO | epoch 7 train concept loss history: [1.6180000305175781, 1.2799999713897705, 1.0140000581741333, 0.8790000081062317, 0.6930000185966492, 0.6129999756813049, 0.5490000247955322]
2026-06-25 02:31:39,097 | INFO | epoch 7 train task loss history: [0.2669999897480011, 0.20499999821186066, 0.21899999678134918, 0.18199999630451202, 0.17100000381469727, 0.14800000190734863, 0.14800000190734863]
2026-06-25 02:31:39,098 | INFO | epoch 7 complete
2026-06-25 02:31:39,098 | INFO | ======== starting epoch 8 ========
2026-06-25 02:31:39,098 | INFO | epoch 8 LR at start of epoch: vit = 0.000000
2026-06-25 02:31:39,098 | INFO | epoch 8 LR at start of epoch: head = 0.002061
2026-06-25 02:31:39,098 | INFO | [VALIDATION STEP]
2026-06-25 02:31:54,704 | INFO | [epoch 8 | val | batch 0 start] allocated=2977.0MB | reserved=31856.0MB | peak=30391.5MB
2026-06-25 02:33:40,919 | INFO | [epoch 8 | val | batch 10 start] allocated=2977.0MB | reserved=31856.0MB | peak=30391.5MB
2026-06-25 02:33:52,746 | INFO | epoch 8 val loss (mean of batches): 1.50
2026-06-25 02:33:52,747 | INFO | epoch 8 val loss history: [1.3860000371932983, 1.6260000467300415, 1.5110000371932983, 1.3650000095367432, 1.3830000162124634, 1.3730000257492065, 1.284999966621399, 1.5019999742507935]
2026-06-25 02:33:52,747 | INFO | epoch 8 val c-index (total sample): 0.68
2026-06-25 02:33:52,747 | INFO | epoch 8 val c-index history: [0.404, 0.515, 0.655, 0.639, 0.65, 0.637, 0.665, 0.675]
2026-06-25 02:33:52,750 | INFO | [TRAINING STEP]
2026-06-25 02:34:03,412 | INFO | [epoch 8 | train | batch 0 start] allocated=2389.0MB | reserved=31856.0MB | peak=30391.5MB
2026-06-25 02:34:05,146 | INFO |     task_logits from  -3.28125 to 0.322265625
2026-06-25 02:35:00,342 | INFO | [epoch 8 | train | batch 10 start] allocated=2389.0MB | reserved=31856.0MB | peak=30391.5MB
2026-06-25 02:35:57,317 | INFO | [epoch 8 | train | batch 20 start] allocated=2389.0MB | reserved=31856.0MB | peak=30391.5MB
2026-06-25 02:36:54,312 | INFO | [epoch 8 | train | batch 30 start] allocated=2389.0MB | reserved=31856.0MB | peak=30391.5MB
2026-06-25 02:37:51,488 | INFO | [epoch 8 | train | batch 40 start] allocated=2389.0MB | reserved=31856.0MB | peak=30391.5MB
2026-06-25 02:38:26,023 | INFO | epoch 8 train total loss: 0.59
2026-06-25 02:38:26,024 | INFO | epoch 8 train concept loss: 0.46
2026-06-25 02:38:26,024 | INFO | epoch 8 train task loss: 0.13
2026-06-25 02:38:26,024 | INFO | epoch 8 train total loss history: [1.8860000371932983, 1.4850000143051147, 1.2339999675750732, 1.0609999895095825, 0.8650000095367432, 0.7609999775886536, 0.6980000138282776, 0.5879999995231628]
2026-06-25 02:38:26,024 | INFO | epoch 8 train concept loss history: [1.6180000305175781, 1.2799999713897705, 1.0140000581741333, 0.8790000081062317, 0.6930000185966492, 0.6129999756813049, 0.5490000247955322, 0.4580000042915344]
2026-06-25 02:38:26,024 | INFO | epoch 8 train task loss history: [0.2669999897480011, 0.20499999821186066, 0.21899999678134918, 0.18199999630451202, 0.17100000381469727, 0.14800000190734863, 0.14800000190734863, 0.12999999523162842]
2026-06-25 02:38:26,025 | INFO | epoch 8 complete
2026-06-25 02:38:26,025 | INFO | ======== starting epoch 9 ========
2026-06-25 02:38:26,025 | INFO | epoch 9 LR at start of epoch: vit = 0.000000
2026-06-25 02:38:26,025 | INFO | epoch 9 LR at start of epoch: head = 0.000955
2026-06-25 02:38:26,025 | INFO | [VALIDATION STEP]
2026-06-25 02:38:41,712 | INFO | [epoch 9 | val | batch 0 start] allocated=2977.0MB | reserved=31856.0MB | peak=30391.5MB
2026-06-25 02:40:27,987 | INFO | [epoch 9 | val | batch 10 start] allocated=2977.0MB | reserved=31856.0MB | peak=30391.5MB
2026-06-25 02:40:38,621 | INFO | epoch 9 val loss (mean of batches): 1.23
2026-06-25 02:40:38,621 | INFO | epoch 9 val loss history: [1.3860000371932983, 1.6260000467300415, 1.5110000371932983, 1.3650000095367432, 1.3830000162124634, 1.3730000257492065, 1.284999966621399, 1.5019999742507935, 1.2319999933242798]
2026-06-25 02:40:38,621 | INFO | epoch 9 val c-index (total sample): 0.67
2026-06-25 02:40:38,621 | INFO | epoch 9 val c-index history: [0.404, 0.515, 0.655, 0.639, 0.65, 0.637, 0.665, 0.675, 0.668]
2026-06-25 02:40:38,625 | INFO | [TRAINING STEP]
2026-06-25 02:40:49,285 | INFO | [epoch 9 | train | batch 0 start] allocated=2389.0MB | reserved=31856.0MB | peak=30391.5MB
2026-06-25 02:40:51,016 | INFO |     task_logits from  -3.15625 to 0.0751953125
2026-06-25 02:41:46,202 | INFO | [epoch 9 | train | batch 10 start] allocated=2389.0MB | reserved=31856.0MB | peak=30391.5MB
2026-06-25 02:42:43,401 | INFO | [epoch 9 | train | batch 20 start] allocated=2389.0MB | reserved=31856.0MB | peak=30391.5MB
2026-06-25 02:43:40,603 | INFO | [epoch 9 | train | batch 30 start] allocated=2389.0MB | reserved=31856.0MB | peak=30391.5MB
2026-06-25 02:44:37,588 | INFO | [epoch 9 | train | batch 40 start] allocated=2389.0MB | reserved=31856.0MB | peak=30391.5MB
2026-06-25 02:45:11,769 | INFO | epoch 9 train total loss: 0.52
2026-06-25 02:45:11,770 | INFO | epoch 9 train concept loss: 0.40
2026-06-25 02:45:11,770 | INFO | epoch 9 train task loss: 0.11
2026-06-25 02:45:11,770 | INFO | epoch 9 train total loss history: [1.8860000371932983, 1.4850000143051147, 1.2339999675750732, 1.0609999895095825, 0.8650000095367432, 0.7609999775886536, 0.6980000138282776, 0.5879999995231628, 0.5180000066757202]
2026-06-25 02:45:11,770 | INFO | epoch 9 train concept loss history: [1.6180000305175781, 1.2799999713897705, 1.0140000581741333, 0.8790000081062317, 0.6930000185966492, 0.6129999756813049, 0.5490000247955322, 0.4580000042915344, 0.40400001406669617]
2026-06-25 02:45:11,770 | INFO | epoch 9 train task loss history: [0.2669999897480011, 0.20499999821186066, 0.21899999678134918, 0.18199999630451202, 0.17100000381469727, 0.14800000190734863, 0.14800000190734863, 0.12999999523162842, 0.11299999803304672]
2026-06-25 02:45:11,770 | INFO | epoch 9 complete
2026-06-25 02:45:11,771 | INFO | ======== starting epoch 10 ========
2026-06-25 02:45:11,771 | INFO | epoch 10 LR at start of epoch: vit = 0.000000
2026-06-25 02:45:11,771 | INFO | epoch 10 LR at start of epoch: head = 0.000245
2026-06-25 02:45:11,771 | INFO | [VALIDATION STEP]
2026-06-25 02:45:27,786 | INFO | [epoch 10 | val | batch 0 start] allocated=2977.0MB | reserved=31856.0MB | peak=30391.5MB
2026-06-25 02:47:14,038 | INFO | [epoch 10 | val | batch 10 start] allocated=2977.0MB | reserved=31856.0MB | peak=30391.5MB
2026-06-25 02:47:24,883 | INFO | epoch 10 val loss (mean of batches): 1.25
2026-06-25 02:47:24,884 | INFO | epoch 10 val loss history: [1.3860000371932983, 1.6260000467300415, 1.5110000371932983, 1.3650000095367432, 1.3830000162124634, 1.3730000257492065, 1.284999966621399, 1.5019999742507935, 1.2319999933242798, 1.2489999532699585]
2026-06-25 02:47:24,884 | INFO | epoch 10 val c-index (total sample): 0.65
2026-06-25 02:47:24,884 | INFO | epoch 10 val c-index history: [0.404, 0.515, 0.655, 0.639, 0.65, 0.637, 0.665, 0.675, 0.668, 0.65]
2026-06-25 02:47:24,887 | INFO | [TRAINING STEP]
2026-06-25 02:47:35,887 | INFO | [epoch 10 | train | batch 0 start] allocated=2389.0MB | reserved=31856.0MB | peak=30391.5MB
2026-06-25 02:47:37,617 | INFO |     task_logits from  -3.78125 to 3.203125
2026-06-25 02:48:33,087 | INFO | [epoch 10 | train | batch 10 start] allocated=2389.0MB | reserved=31856.0MB | peak=30391.5MB
2026-06-25 02:49:30,146 | INFO | [epoch 10 | train | batch 20 start] allocated=2389.0MB | reserved=31856.0MB | peak=30391.5MB
2026-06-25 02:50:27,148 | INFO | [epoch 10 | train | batch 30 start] allocated=2389.0MB | reserved=31856.0MB | peak=30391.5MB
2026-06-25 02:51:24,875 | INFO | [epoch 10 | train | batch 40 start] allocated=2389.0MB | reserved=31856.0MB | peak=30391.5MB
2026-06-25 02:51:59,189 | INFO | epoch 10 train total loss: 0.48
2026-06-25 02:51:59,189 | INFO | epoch 10 train concept loss: 0.37
2026-06-25 02:51:59,189 | INFO | epoch 10 train task loss: 0.11
2026-06-25 02:51:59,189 | INFO | epoch 10 train total loss history: [1.8860000371932983, 1.4850000143051147, 1.2339999675750732, 1.0609999895095825, 0.8650000095367432, 0.7609999775886536, 0.6980000138282776, 0.5879999995231628, 0.5180000066757202, 0.4830000102519989]
2026-06-25 02:51:59,189 | INFO | epoch 10 train concept loss history: [1.6180000305175781, 1.2799999713897705, 1.0140000581741333, 0.8790000081062317, 0.6930000185966492, 0.6129999756813049, 0.5490000247955322, 0.4580000042915344, 0.40400001406669617, 0.3709999918937683]
2026-06-25 02:51:59,189 | INFO | epoch 10 train task loss history: [0.2669999897480011, 0.20499999821186066, 0.21899999678134918, 0.18199999630451202, 0.17100000381469727, 0.14800000190734863, 0.14800000190734863, 0.12999999523162842, 0.11299999803304672, 0.1120000034570694]
2026-06-25 02:51:59,190 | INFO | epoch 10 complete
2026-06-25 02:51:59,192 | INFO | training complete
2026-06-25 02:51:59,192 | INFO | predicting on the validation set
2026-06-25 02:53:06,601 | INFO |   starting batch 1 of validation
2026-06-25 02:53:11,769 | INFO |   starting batch 2 of validation
2026-06-25 02:53:17,781 | INFO |   starting batch 3 of validation
2026-06-25 02:53:22,993 | INFO |   starting batch 4 of validation
2026-06-25 02:53:28,962 | INFO |   starting batch 5 of validation
2026-06-25 02:53:34,193 | INFO |   starting batch 6 of validation
2026-06-25 02:53:39,533 | INFO |   starting batch 7 of validation
2026-06-25 02:53:44,833 | INFO |   starting batch 8 of validation
2026-06-25 02:53:50,475 | INFO |   starting batch 9 of validation
2026-06-25 02:53:55,788 | INFO |   starting batch 10 of validation
2026-06-25 02:54:01,265 | INFO |   starting batch 11 of validation
2026-06-25 02:54:06,594 | INFO |   starting batch 12 of validation
2026-06-25 02:54:09,231 | INFO | measuring performance
2026-06-25 02:54:09,231 | INFO | y_test: (184, 2)
2026-06-25 02:54:09,231 | INFO | y_probs: (184, 1)
2026-06-25 02:54:09,231 | INFO | c_test: (184, 3)
2026-06-25 02:54:09,231 | INFO | c_probs: (184, 10)
2026-06-25 02:54:09,233 | INFO | c_test_concept: (184,)
2026-06-25 02:54:09,233 | INFO | c_pred_concept: (184,)
2026-06-25 02:54:09,239 | INFO | c_test_concept: (184,)
2026-06-25 02:54:09,239 | INFO | c_pred_concept: (184,)
2026-06-25 02:54:09,243 | INFO | c_test_concept: (184,)
2026-06-25 02:54:09,244 | INFO | c_pred_concept: (184,)
2026-06-25 02:54:09,248 | INFO | results: {'task': {'c_index': 0.6724919093851133}, 'concepts': {'concept_0': {'0': {'precision': 0.18518518518518517, 'recall': 0.20833333333333334, 'f1-score': 0.19607843137254902, 'support': 24.0}, '1': {'precision': 0.5967741935483871, 'recall': 0.6851851851851852, 'f1-score': 0.6379310344827587, 'support': 108.0}, '2': {'precision': 0.3548387096774194, 'recall': 0.22916666666666666, 'f1-score': 0.27848101265822783, 'support': 48.0}, '3': {'precision': 0.5, 'recall': 0.25, 'f1-score': 0.3333333333333333, 'support': 4.0}, 'accuracy': 0.4945652173913043, 'macro avg': {'precision': 0.4091995221027479, 'recall': 0.34317129629629634, 'f1-score': 0.3614559529617172, 'support': 184.0}, 'weighted avg': {'precision': 0.4778712794140564, 'recall': 0.4945652173913043, 'f1-score': 0.47990682618482267, 'support': 184.0}, 'auc': {'ovo': 0.6916313014403291}, 'confusion': {'true_0': {'pred_0': 5, 'pred_1': 15, 'pred_2': 3, 'pred_3': 1}, 'true_1': {'pred_0': 18, 'pred_1': 74, 'pred_2': 16, 'pred_3': 0}, 'true_2': {'pred_0': 3, 'pred_1': 34, 'pred_2': 11, 'pred_3': 0}, 'true_3': {'pred_0': 1, 'pred_1': 1, 'pred_2': 1, 'pred_3': 1}}}, 'concept_1': {'0': {'precision': 0.6702127659574468, 'recall': 0.6176470588235294, 'f1-score': 0.6428571428571429, 'support': 102.0}, '1': {'precision': 0.3684210526315789, 'recall': 0.4117647058823529, 'f1-score': 0.3888888888888889, 'support': 51.0}, '2': {'precision': 0.2727272727272727, 'recall': 0.2903225806451613, 'f1-score': 0.28125, 'support': 31.0}, 'accuracy': 0.5054347826086957, 'macro avg': {'precision': 0.4371203637720995, 'recall': 0.43991144845034785, 'f1-score': 0.43766534391534395, 'support': 184.0}, 'weighted avg': {'precision': 0.5195963112305193, 'recall': 0.5054347826086957, 'f1-score': 0.5115408255693581, 'support': 184.0}, 'auc': {'ovo': 0.6555646504859586}, 'confusion': {'true_0': {'pred_0': 63, 'pred_1': 25, 'pred_2': 14}, 'true_1': {'pred_0': 20, 'pred_1': 21, 'pred_2': 10}, 'true_2': {'pred_0': 11, 'pred_1': 11, 'pred_2': 9}}}, 'concept_2': {'0': {'precision': 0.8376623376623377, 'recall': 0.9020979020979021, 'f1-score': 0.8686868686868687, 'support': 143.0}, '1': {'precision': 0.4666666666666667, 'recall': 0.3684210526315789, 'f1-score': 0.4117647058823529, 'support': 38.0}, '2': {'precision': nan, 'recall': 0.0, 'f1-score': 0.0, 'support': 3.0}, 'accuracy': 0.7771739130434783, 'macro avg': {'precision': 0.6521645021645022, 'recall': 0.4235063182431604, 'f1-score': 0.4268171915230739, 'support': 184.0}, 'weighted avg': {'precision': 0.7597737437516443, 'recall': 0.7771739130434783, 'f1-score': 0.7601591361182155, 'support': 184.0}, 'auc': {'ovo': 0.5613830613830614}, 'confusion': {'true_0': {'pred_0': 129, 'pred_1': 14, 'pred_2': 0}, 'true_1': {'pred_0': 24, 'pred_1': 14, 'pred_2': 0}, 'true_2': {'pred_0': 1, 'pred_1': 2, 'pred_2': 0}}}}}
2026-06-25 02:54:09,264 | INFO | done
