2026-06-12 01:36:12,769 | INFO | starting test with run name: baseline_1781214199/run_1
2026-06-12 01:36:12,786 | INFO | config loaded
2026-06-12 01:36:12,786 | INFO | STARTING TEST WITH:
2026-06-12 01:36:12,786 | INFO | BATCH SIZE 8
2026-06-12 01:36:12,786 | INFO | EPOCHS 10
2026-06-12 01:36:12,786 | INFO | importing
2026-06-12 01:38:28,821 | INFO | imports complete
2026-06-12 01:38:28,923 | INFO | making datasets
2026-06-12 01:38:28,951 | INFO | paitent data for 1000 patients
2026-06-12 01:38:28,951 | INFO | np_bags_dir: data/bags_np/bag_150/
2026-06-12 01:38:28,988 | INFO | np bags for 924 patients
2026-06-12 01:38:28,992 | INFO | 924 patients with data AND bags
2026-06-12 01:38:28,998 | INFO | training fold 0
2026-06-12 01:38:29,000 | INFO | train set size: 739
2026-06-12 01:38:29,000 | INFO | val set size: 185
2026-06-12 01:38:30,111 | INFO | cpu_count: 30
2026-06-12 01:38:30,111 | INFO | num_workers: 2
2026-06-12 01:38:30,114 | INFO | completed building dataloaders
2026-06-12 01:38:30,114 | INFO | training starts
2026-06-12 01:38:42,525 | INFO | model initialized
2026-06-12 01:38:43,205 | INFO | LR scheduler: <torch.optim.lr_scheduler.CosineAnnealingLR object at 0x7118dd8df220>
2026-06-12 01:38:43,205 | INFO | Parameters by layer:
2026-06-12 01:38:43,206 | INFO | Total parameters: 304.4106M
2026-06-12 01:38:43,206 | INFO | Trainable parameters: 1.0599M
2026-06-12 01:38:43,206 | INFO | ======== starting epoch 1 ========
2026-06-12 01:38:43,206 | INFO | epoch 1 LR at start of epoch: 0.001000
2026-06-12 01:38:43,206 | INFO | [VALIDATION STEP]
2026-06-12 01:39:01,918 | INFO | [epoch 1 | val | batch 0 start] allocated=1758.4MB | reserved=12786.0MB | peak=11214.4MB
2026-06-12 01:39:48,880 | INFO | [epoch 1 | val | batch 10 start] allocated=1758.4MB | reserved=12786.0MB | peak=11214.4MB
2026-06-12 01:40:35,868 | INFO | [epoch 1 | val | batch 20 start] allocated=1758.4MB | reserved=12786.0MB | peak=11214.4MB
2026-06-12 01:40:48,230 | INFO | epoch 1 val loss (mean of batches): 1.49
2026-06-12 01:40:48,230 | INFO | epoch 1 val loss history: [1.4859999418258667]
2026-06-12 01:40:48,231 | INFO | epoch 1 val c-index (total sample): 0.40
2026-06-12 01:40:48,231 | INFO | epoch 1 val c-index history: [0.397]
2026-06-12 01:40:48,233 | INFO | [TRAINING STEP]
2026-06-12 01:40:56,322 | INFO | [epoch 1 | train | batch 0 start] allocated=1170.4MB | reserved=12786.0MB | peak=11214.4MB
2026-06-12 01:41:00,050 | INFO |     task_logits from  -0.6171875 to 0.0111083984375
2026-06-12 01:41:36,012 | INFO | [epoch 1 | train | batch 10 start] allocated=1190.6MB | reserved=12786.0MB | peak=11214.4MB
2026-06-12 01:42:11,854 | INFO | [epoch 1 | train | batch 20 start] allocated=1190.6MB | reserved=12786.0MB | peak=11214.4MB
2026-06-12 01:42:48,318 | INFO | [epoch 1 | train | batch 30 start] allocated=1190.6MB | reserved=12786.0MB | peak=11214.4MB
2026-06-12 01:43:24,949 | INFO | [epoch 1 | train | batch 40 start] allocated=1190.6MB | reserved=12786.0MB | peak=11214.4MB
2026-06-12 01:44:01,573 | INFO | [epoch 1 | train | batch 50 start] allocated=1190.6MB | reserved=12786.0MB | peak=11214.4MB
2026-06-12 01:44:38,113 | INFO | [epoch 1 | train | batch 60 start] allocated=1190.6MB | reserved=12786.0MB | peak=11214.4MB
2026-06-12 01:45:13,986 | INFO | [epoch 1 | train | batch 70 start] allocated=1190.6MB | reserved=12786.0MB | peak=11214.4MB
2026-06-12 01:45:52,700 | INFO | [epoch 1 | train | batch 80 start] allocated=1190.6MB | reserved=12786.0MB | peak=11214.4MB
2026-06-12 01:46:30,472 | INFO | [epoch 1 | train | batch 90 start] allocated=1190.6MB | reserved=12786.0MB | peak=11214.4MB
2026-06-12 01:46:34,549 | INFO | epoch 1 train total loss: 1.09
2026-06-12 01:46:34,549 | INFO | epoch 1 train concept loss: 0.92
2026-06-12 01:46:34,549 | INFO | epoch 1 train task loss: 0.16
2026-06-12 01:46:34,549 | INFO | epoch 1 train total loss history: [1.0859999656677246]
2026-06-12 01:46:34,549 | INFO | epoch 1 train concept loss history: [0.9240000247955322]
2026-06-12 01:46:34,549 | INFO | epoch 1 train task loss history: [0.16200000047683716]
2026-06-12 01:46:34,549 | INFO | epoch 1 complete
2026-06-12 01:46:34,549 | INFO | ======== starting epoch 2 ========
2026-06-12 01:46:34,549 | INFO | epoch 2 LR at start of epoch: 0.000976
2026-06-12 01:46:34,549 | INFO | [VALIDATION STEP]
2026-06-12 01:46:44,555 | INFO | [epoch 2 | val | batch 0 start] allocated=1778.6MB | reserved=12826.0MB | peak=11234.6MB
2026-06-12 01:47:31,815 | INFO | [epoch 2 | val | batch 10 start] allocated=1778.6MB | reserved=12826.0MB | peak=11234.6MB
2026-06-12 01:48:18,718 | INFO | [epoch 2 | val | batch 20 start] allocated=1778.6MB | reserved=12826.0MB | peak=11234.6MB
2026-06-12 01:48:31,041 | INFO | epoch 2 val loss (mean of batches): 1.03
2026-06-12 01:48:31,041 | INFO | epoch 2 val loss history: [1.4859999418258667, 1.034999966621399]
2026-06-12 01:48:31,041 | INFO | epoch 2 val c-index (total sample): 0.51
2026-06-12 01:48:31,041 | INFO | epoch 2 val c-index history: [0.397, 0.513]
2026-06-12 01:48:31,043 | INFO | [TRAINING STEP]
2026-06-12 01:48:39,354 | INFO | [epoch 2 | train | batch 0 start] allocated=1190.6MB | reserved=12826.0MB | peak=11234.6MB
2026-06-12 01:48:39,595 | INFO |     task_logits from  -0.4609375 to -0.0155029296875
2026-06-12 01:49:19,018 | INFO | [epoch 2 | train | batch 10 start] allocated=1190.6MB | reserved=12826.0MB | peak=11234.6MB
2026-06-12 01:49:57,333 | INFO | [epoch 2 | train | batch 20 start] allocated=1190.6MB | reserved=12826.0MB | peak=11234.6MB
2026-06-12 01:50:33,081 | INFO | [epoch 2 | train | batch 30 start] allocated=1190.6MB | reserved=12826.0MB | peak=11234.6MB
2026-06-12 01:51:09,579 | INFO | [epoch 2 | train | batch 40 start] allocated=1190.6MB | reserved=12826.0MB | peak=11234.6MB
2026-06-12 01:51:44,635 | INFO | [epoch 2 | train | batch 50 start] allocated=1190.6MB | reserved=12826.0MB | peak=11234.6MB
2026-06-12 01:52:23,226 | INFO | [epoch 2 | train | batch 60 start] allocated=1190.6MB | reserved=12826.0MB | peak=11234.6MB
2026-06-12 01:52:58,666 | INFO | [epoch 2 | train | batch 70 start] allocated=1190.6MB | reserved=12826.0MB | peak=11234.6MB
2026-06-12 01:53:35,439 | INFO | [epoch 2 | train | batch 80 start] allocated=1190.6MB | reserved=12826.0MB | peak=11234.6MB
2026-06-12 01:54:13,195 | INFO | [epoch 2 | train | batch 90 start] allocated=1190.6MB | reserved=12826.0MB | peak=11234.6MB
2026-06-12 01:54:13,670 | INFO | epoch 2 train total loss: 0.91
2026-06-12 01:54:13,670 | INFO | epoch 2 train concept loss: 0.78
2026-06-12 01:54:13,670 | INFO | epoch 2 train task loss: 0.14
2026-06-12 01:54:13,670 | INFO | epoch 2 train total loss history: [1.0859999656677246, 0.9139999747276306]
2026-06-12 01:54:13,670 | INFO | epoch 2 train concept loss history: [0.9240000247955322, 0.777999997138977]
2026-06-12 01:54:13,671 | INFO | epoch 2 train task loss history: [0.16200000047683716, 0.13600000739097595]
2026-06-12 01:54:13,671 | INFO | epoch 2 complete
2026-06-12 01:54:13,671 | INFO | ======== starting epoch 3 ========
2026-06-12 01:54:13,671 | INFO | epoch 3 LR at start of epoch: 0.000905
2026-06-12 01:54:13,671 | INFO | [VALIDATION STEP]
2026-06-12 01:54:24,181 | INFO | [epoch 3 | val | batch 0 start] allocated=1778.6MB | reserved=12826.0MB | peak=11234.6MB
2026-06-12 01:55:11,594 | INFO | [epoch 3 | val | batch 10 start] allocated=1778.6MB | reserved=12826.0MB | peak=11234.6MB
2026-06-12 01:55:59,005 | INFO | [epoch 3 | val | batch 20 start] allocated=1778.6MB | reserved=12826.0MB | peak=11234.6MB
2026-06-12 01:56:11,373 | INFO | epoch 3 val loss (mean of batches): 0.98
2026-06-12 01:56:11,373 | INFO | epoch 3 val loss history: [1.4859999418258667, 1.034999966621399, 0.9769999980926514]
2026-06-12 01:56:11,373 | INFO | epoch 3 val c-index (total sample): 0.65
2026-06-12 01:56:11,373 | INFO | epoch 3 val c-index history: [0.397, 0.513, 0.654]
2026-06-12 01:56:11,375 | INFO | [TRAINING STEP]
2026-06-12 01:56:19,182 | INFO | [epoch 3 | train | batch 0 start] allocated=1190.6MB | reserved=12826.0MB | peak=11234.6MB
2026-06-12 01:56:19,425 | INFO |     task_logits from  -0.890625 to 0.007568359375
2026-06-12 01:56:57,243 | INFO | [epoch 3 | train | batch 10 start] allocated=1190.6MB | reserved=12826.0MB | peak=11234.6MB
2026-06-12 01:57:35,222 | INFO | [epoch 3 | train | batch 20 start] allocated=1190.6MB | reserved=12826.0MB | peak=11234.6MB
2026-06-12 01:58:12,231 | INFO | [epoch 3 | train | batch 30 start] allocated=1190.6MB | reserved=12826.0MB | peak=11234.6MB
2026-06-12 01:58:49,649 | INFO | [epoch 3 | train | batch 40 start] allocated=1190.6MB | reserved=12826.0MB | peak=11234.6MB
2026-06-12 01:59:26,616 | INFO | [epoch 3 | train | batch 50 start] allocated=1190.6MB | reserved=12826.0MB | peak=11234.6MB
2026-06-12 02:00:03,004 | INFO | [epoch 3 | train | batch 60 start] allocated=1190.6MB | reserved=12826.0MB | peak=11234.6MB
2026-06-12 02:00:41,731 | INFO | [epoch 3 | train | batch 70 start] allocated=1190.6MB | reserved=12826.0MB | peak=11234.6MB
2026-06-12 02:01:19,194 | INFO | [epoch 3 | train | batch 80 start] allocated=1190.6MB | reserved=12826.0MB | peak=11234.6MB
2026-06-12 02:01:56,464 | INFO | [epoch 3 | train | batch 90 start] allocated=1190.6MB | reserved=12826.0MB | peak=11234.6MB
2026-06-12 02:01:57,834 | INFO | epoch 3 train total loss: 0.82
2026-06-12 02:01:57,834 | INFO | epoch 3 train concept loss: 0.70
2026-06-12 02:01:57,834 | INFO | epoch 3 train task loss: 0.12
2026-06-12 02:01:57,834 | INFO | epoch 3 train total loss history: [1.0859999656677246, 0.9139999747276306, 0.824999988079071]
2026-06-12 02:01:57,834 | INFO | epoch 3 train concept loss history: [0.9240000247955322, 0.777999997138977, 0.7039999961853027]
2026-06-12 02:01:57,834 | INFO | epoch 3 train task loss history: [0.16200000047683716, 0.13600000739097595, 0.12099999934434891]
2026-06-12 02:01:57,834 | INFO | epoch 3 complete
2026-06-12 02:01:57,834 | INFO | ======== starting epoch 4 ========
2026-06-12 02:01:57,834 | INFO | epoch 4 LR at start of epoch: 0.000794
2026-06-12 02:01:57,834 | INFO | [VALIDATION STEP]
2026-06-12 02:02:08,538 | INFO | [epoch 4 | val | batch 0 start] allocated=1778.6MB | reserved=12826.0MB | peak=11234.6MB
2026-06-12 02:02:58,626 | INFO | [epoch 4 | val | batch 10 start] allocated=1778.6MB | reserved=12826.0MB | peak=11234.6MB
2026-06-12 02:03:46,439 | INFO | [epoch 4 | val | batch 20 start] allocated=1778.6MB | reserved=12826.0MB | peak=11234.6MB
2026-06-12 02:03:58,750 | INFO | epoch 4 val loss (mean of batches): 1.02
2026-06-12 02:03:58,750 | INFO | epoch 4 val loss history: [1.4859999418258667, 1.034999966621399, 0.9769999980926514, 1.024999976158142]
2026-06-12 02:03:58,750 | INFO | epoch 4 val c-index (total sample): 0.66
2026-06-12 02:03:58,750 | INFO | epoch 4 val c-index history: [0.397, 0.513, 0.654, 0.656]
2026-06-12 02:03:58,752 | INFO | [TRAINING STEP]
2026-06-12 02:04:06,534 | INFO | [epoch 4 | train | batch 0 start] allocated=1190.6MB | reserved=12826.0MB | peak=11234.6MB
2026-06-12 02:04:06,775 | INFO |     task_logits from  -1.796875 to 0.3125
2026-06-12 02:04:44,449 | INFO | [epoch 4 | train | batch 10 start] allocated=1190.6MB | reserved=12826.0MB | peak=11234.6MB
2026-06-12 02:05:22,974 | INFO | [epoch 4 | train | batch 20 start] allocated=1190.6MB | reserved=12826.0MB | peak=11234.6MB
2026-06-12 02:05:59,644 | INFO | [epoch 4 | train | batch 30 start] allocated=1190.6MB | reserved=12826.0MB | peak=11234.6MB
2026-06-12 02:06:37,064 | INFO | [epoch 4 | train | batch 40 start] allocated=1190.6MB | reserved=12826.0MB | peak=11234.6MB
2026-06-12 02:07:14,896 | INFO | [epoch 4 | train | batch 50 start] allocated=1190.6MB | reserved=12826.0MB | peak=11234.6MB
2026-06-12 02:07:52,344 | INFO | [epoch 4 | train | batch 60 start] allocated=1190.6MB | reserved=12826.0MB | peak=11234.6MB
2026-06-12 02:08:30,462 | INFO | [epoch 4 | train | batch 70 start] allocated=1190.6MB | reserved=12826.0MB | peak=11234.6MB
2026-06-12 02:09:08,324 | INFO | [epoch 4 | train | batch 80 start] allocated=1190.6MB | reserved=12826.0MB | peak=11234.6MB
2026-06-12 02:09:48,041 | INFO | [epoch 4 | train | batch 90 start] allocated=1190.6MB | reserved=12826.0MB | peak=11234.6MB
2026-06-12 02:09:49,314 | INFO | epoch 4 train total loss: 0.75
2026-06-12 02:09:49,314 | INFO | epoch 4 train concept loss: 0.64
2026-06-12 02:09:49,314 | INFO | epoch 4 train task loss: 0.12
2026-06-12 02:09:49,314 | INFO | epoch 4 train total loss history: [1.0859999656677246, 0.9139999747276306, 0.824999988079071, 0.7549999952316284]
2026-06-12 02:09:49,314 | INFO | epoch 4 train concept loss history: [0.9240000247955322, 0.777999997138977, 0.7039999961853027, 0.6399999856948853]
2026-06-12 02:09:49,314 | INFO | epoch 4 train task loss history: [0.16200000047683716, 0.13600000739097595, 0.12099999934434891, 0.11599999666213989]
2026-06-12 02:09:49,315 | INFO | epoch 4 complete
2026-06-12 02:09:49,315 | INFO | ======== starting epoch 5 ========
2026-06-12 02:09:49,315 | INFO | epoch 5 LR at start of epoch: 0.000655
2026-06-12 02:09:49,315 | INFO | [VALIDATION STEP]
2026-06-12 02:10:00,436 | INFO | [epoch 5 | val | batch 0 start] allocated=1778.6MB | reserved=12826.0MB | peak=11234.6MB
2026-06-12 02:10:50,538 | INFO | [epoch 5 | val | batch 10 start] allocated=1778.6MB | reserved=12826.0MB | peak=11234.6MB
2026-06-12 02:11:45,443 | INFO | [epoch 5 | val | batch 20 start] allocated=1778.6MB | reserved=12826.0MB | peak=11234.6MB
2026-06-12 02:11:57,757 | INFO | epoch 5 val loss (mean of batches): 0.98
2026-06-12 02:11:57,758 | INFO | epoch 5 val loss history: [1.4859999418258667, 1.034999966621399, 0.9769999980926514, 1.024999976158142, 0.9800000190734863]
2026-06-12 02:11:57,758 | INFO | epoch 5 val c-index (total sample): 0.68
2026-06-12 02:11:57,758 | INFO | epoch 5 val c-index history: [0.397, 0.513, 0.654, 0.656, 0.68]
2026-06-12 02:11:57,760 | INFO | [TRAINING STEP]
2026-06-12 02:12:06,289 | INFO | [epoch 5 | train | batch 0 start] allocated=1190.6MB | reserved=12826.0MB | peak=11234.6MB
2026-06-12 02:12:06,530 | INFO |     task_logits from  -0.8046875 to 0.8828125
2026-06-12 02:12:44,469 | INFO | [epoch 5 | train | batch 10 start] allocated=1190.6MB | reserved=12826.0MB | peak=11234.6MB
2026-06-12 02:13:21,347 | INFO | [epoch 5 | train | batch 20 start] allocated=1190.6MB | reserved=12826.0MB | peak=11234.6MB
2026-06-12 02:13:58,938 | INFO | [epoch 5 | train | batch 30 start] allocated=1190.6MB | reserved=12826.0MB | peak=11234.6MB
2026-06-12 02:14:35,655 | INFO | [epoch 5 | train | batch 40 start] allocated=1190.6MB | reserved=12826.0MB | peak=11234.6MB
2026-06-12 02:15:12,200 | INFO | [epoch 5 | train | batch 50 start] allocated=1190.6MB | reserved=12826.0MB | peak=11234.6MB
2026-06-12 02:15:48,667 | INFO | [epoch 5 | train | batch 60 start] allocated=1190.6MB | reserved=12826.0MB | peak=11234.6MB
2026-06-12 02:16:28,002 | INFO | [epoch 5 | train | batch 70 start] allocated=1190.6MB | reserved=12826.0MB | peak=11234.6MB
2026-06-12 02:17:05,523 | INFO | [epoch 5 | train | batch 80 start] allocated=1190.6MB | reserved=12826.0MB | peak=11234.6MB
2026-06-12 02:17:44,777 | INFO | [epoch 5 | train | batch 90 start] allocated=1190.6MB | reserved=12826.0MB | peak=11234.6MB
2026-06-12 02:17:48,355 | INFO | epoch 5 train total loss: 0.69
2026-06-12 02:17:48,355 | INFO | epoch 5 train concept loss: 0.59
2026-06-12 02:17:48,355 | INFO | epoch 5 train task loss: 0.10
2026-06-12 02:17:48,355 | INFO | epoch 5 train total loss history: [1.0859999656677246, 0.9139999747276306, 0.824999988079071, 0.7549999952316284, 0.6890000104904175]
2026-06-12 02:17:48,355 | INFO | epoch 5 train concept loss history: [0.9240000247955322, 0.777999997138977, 0.7039999961853027, 0.6399999856948853, 0.5920000076293945]
2026-06-12 02:17:48,355 | INFO | epoch 5 train task loss history: [0.16200000047683716, 0.13600000739097595, 0.12099999934434891, 0.11599999666213989, 0.09700000286102295]
2026-06-12 02:17:48,355 | INFO | epoch 5 complete
2026-06-12 02:17:48,355 | INFO | ======== starting epoch 6 ========
2026-06-12 02:17:48,355 | INFO | epoch 6 LR at start of epoch: 0.000500
2026-06-12 02:17:48,355 | INFO | [VALIDATION STEP]
2026-06-12 02:17:59,822 | INFO | [epoch 6 | val | batch 0 start] allocated=1778.6MB | reserved=12826.0MB | peak=11234.6MB
2026-06-12 02:18:49,833 | INFO | [epoch 6 | val | batch 10 start] allocated=1778.6MB | reserved=12826.0MB | peak=11234.6MB
2026-06-12 02:19:38,135 | INFO | [epoch 6 | val | batch 20 start] allocated=1778.6MB | reserved=12826.0MB | peak=11234.6MB
2026-06-12 02:19:50,562 | INFO | epoch 6 val loss (mean of batches): 1.06
2026-06-12 02:19:50,562 | INFO | epoch 6 val loss history: [1.4859999418258667, 1.034999966621399, 0.9769999980926514, 1.024999976158142, 0.9800000190734863, 1.0579999685287476]
2026-06-12 02:19:50,562 | INFO | epoch 6 val c-index (total sample): 0.62
2026-06-12 02:19:50,562 | INFO | epoch 6 val c-index history: [0.397, 0.513, 0.654, 0.656, 0.68, 0.622]
2026-06-12 02:19:50,565 | INFO | [TRAINING STEP]
2026-06-12 02:19:59,604 | INFO | [epoch 6 | train | batch 0 start] allocated=1190.6MB | reserved=12826.0MB | peak=11234.6MB
2026-06-12 02:19:59,840 | INFO |     task_logits from  -2.25 to 1.3359375
2026-06-12 02:20:37,739 | INFO | [epoch 6 | train | batch 10 start] allocated=1190.6MB | reserved=12826.0MB | peak=11234.6MB
2026-06-12 02:21:16,633 | INFO | [epoch 6 | train | batch 20 start] allocated=1190.6MB | reserved=12826.0MB | peak=11234.6MB
2026-06-12 02:21:53,364 | INFO | [epoch 6 | train | batch 30 start] allocated=1190.6MB | reserved=12826.0MB | peak=11234.6MB
2026-06-12 02:22:32,551 | INFO | [epoch 6 | train | batch 40 start] allocated=1190.6MB | reserved=12826.0MB | peak=11234.6MB
2026-06-12 02:23:12,224 | INFO | [epoch 6 | train | batch 50 start] allocated=1190.6MB | reserved=12826.0MB | peak=11234.6MB
2026-06-12 02:23:47,852 | INFO | [epoch 6 | train | batch 60 start] allocated=1190.6MB | reserved=12826.0MB | peak=11234.6MB
2026-06-12 02:24:23,854 | INFO | [epoch 6 | train | batch 70 start] allocated=1190.6MB | reserved=12826.0MB | peak=11234.6MB
2026-06-12 02:25:00,634 | INFO | [epoch 6 | train | batch 80 start] allocated=1190.6MB | reserved=12826.0MB | peak=11234.6MB
2026-06-12 02:25:38,230 | INFO | [epoch 6 | train | batch 90 start] allocated=1190.6MB | reserved=12826.0MB | peak=11234.6MB
2026-06-12 02:25:42,211 | INFO | epoch 6 train total loss: 0.64
2026-06-12 02:25:42,211 | INFO | epoch 6 train concept loss: 0.54
2026-06-12 02:25:42,211 | INFO | epoch 6 train task loss: 0.10
2026-06-12 02:25:42,211 | INFO | epoch 6 train total loss history: [1.0859999656677246, 0.9139999747276306, 0.824999988079071, 0.7549999952316284, 0.6890000104904175, 0.6370000243186951]
2026-06-12 02:25:42,211 | INFO | epoch 6 train concept loss history: [0.9240000247955322, 0.777999997138977, 0.7039999961853027, 0.6399999856948853, 0.5920000076293945, 0.5360000133514404]
2026-06-12 02:25:42,211 | INFO | epoch 6 train task loss history: [0.16200000047683716, 0.13600000739097595, 0.12099999934434891, 0.11599999666213989, 0.09700000286102295, 0.10100000351667404]
2026-06-12 02:25:42,211 | INFO | epoch 6 complete
2026-06-12 02:25:42,211 | INFO | ======== starting epoch 7 ========
2026-06-12 02:25:42,211 | INFO | epoch 7 LR at start of epoch: 0.000345
2026-06-12 02:25:42,211 | INFO | [VALIDATION STEP]
2026-06-12 02:25:53,425 | INFO | [epoch 7 | val | batch 0 start] allocated=1778.6MB | reserved=12826.0MB | peak=11234.6MB
2026-06-12 02:26:42,456 | INFO | [epoch 7 | val | batch 10 start] allocated=1778.6MB | reserved=12826.0MB | peak=11234.6MB
2026-06-12 02:27:30,622 | INFO | [epoch 7 | val | batch 20 start] allocated=1778.6MB | reserved=12826.0MB | peak=11234.6MB
2026-06-12 02:27:42,946 | INFO | epoch 7 val loss (mean of batches): 1.02
2026-06-12 02:27:42,946 | INFO | epoch 7 val loss history: [1.4859999418258667, 1.034999966621399, 0.9769999980926514, 1.024999976158142, 0.9800000190734863, 1.0579999685287476, 1.0240000486373901]
2026-06-12 02:27:42,946 | INFO | epoch 7 val c-index (total sample): 0.68
2026-06-12 02:27:42,946 | INFO | epoch 7 val c-index history: [0.397, 0.513, 0.654, 0.656, 0.68, 0.622, 0.677]
2026-06-12 02:27:42,948 | INFO | [TRAINING STEP]
2026-06-12 02:27:51,159 | INFO | [epoch 7 | train | batch 0 start] allocated=1190.6MB | reserved=12826.0MB | peak=11234.6MB
2026-06-12 02:27:51,397 | INFO |     task_logits from  -2.234375 to 0.43359375
2026-06-12 02:28:28,734 | INFO | [epoch 7 | train | batch 10 start] allocated=1190.6MB | reserved=12826.0MB | peak=11234.6MB
2026-06-12 02:29:06,063 | INFO | [epoch 7 | train | batch 20 start] allocated=1190.6MB | reserved=12826.0MB | peak=11234.6MB
2026-06-12 02:29:44,223 | INFO | [epoch 7 | train | batch 30 start] allocated=1190.6MB | reserved=12826.0MB | peak=11234.6MB
2026-06-12 02:30:23,312 | INFO | [epoch 7 | train | batch 40 start] allocated=1190.6MB | reserved=12826.0MB | peak=11234.6MB
2026-06-12 02:30:59,372 | INFO | [epoch 7 | train | batch 50 start] allocated=1190.6MB | reserved=12826.0MB | peak=11234.6MB
2026-06-12 02:31:36,563 | INFO | [epoch 7 | train | batch 60 start] allocated=1190.6MB | reserved=12826.0MB | peak=11234.6MB
2026-06-12 02:32:11,528 | INFO | [epoch 7 | train | batch 70 start] allocated=1190.6MB | reserved=12826.0MB | peak=11234.6MB
2026-06-12 02:32:48,484 | INFO | [epoch 7 | train | batch 80 start] allocated=1190.6MB | reserved=12826.0MB | peak=11234.6MB
2026-06-12 02:33:26,203 | INFO | [epoch 7 | train | batch 90 start] allocated=1190.6MB | reserved=12826.0MB | peak=11234.6MB
2026-06-12 02:33:31,095 | INFO | epoch 7 train total loss: 0.57
2026-06-12 02:33:31,095 | INFO | epoch 7 train concept loss: 0.48
2026-06-12 02:33:31,095 | INFO | epoch 7 train task loss: 0.09
2026-06-12 02:33:31,095 | INFO | epoch 7 train total loss history: [1.0859999656677246, 0.9139999747276306, 0.824999988079071, 0.7549999952316284, 0.6890000104904175, 0.6370000243186951, 0.5740000009536743]
2026-06-12 02:33:31,095 | INFO | epoch 7 train concept loss history: [0.9240000247955322, 0.777999997138977, 0.7039999961853027, 0.6399999856948853, 0.5920000076293945, 0.5360000133514404, 0.4819999933242798]
2026-06-12 02:33:31,095 | INFO | epoch 7 train task loss history: [0.16200000047683716, 0.13600000739097595, 0.12099999934434891, 0.11599999666213989, 0.09700000286102295, 0.10100000351667404, 0.09200000017881393]
2026-06-12 02:33:31,095 | INFO | epoch 7 complete
2026-06-12 02:33:31,095 | INFO | ======== starting epoch 8 ========
2026-06-12 02:33:31,095 | INFO | epoch 8 LR at start of epoch: 0.000206
2026-06-12 02:33:31,096 | INFO | [VALIDATION STEP]
2026-06-12 02:33:41,812 | INFO | [epoch 8 | val | batch 0 start] allocated=1778.6MB | reserved=12826.0MB | peak=11234.6MB
2026-06-12 02:34:29,324 | INFO | [epoch 8 | val | batch 10 start] allocated=1778.6MB | reserved=12826.0MB | peak=11234.6MB
2026-06-12 02:35:16,247 | INFO | [epoch 8 | val | batch 20 start] allocated=1778.6MB | reserved=12826.0MB | peak=11234.6MB
2026-06-12 02:35:28,560 | INFO | epoch 8 val loss (mean of batches): 1.04
2026-06-12 02:35:28,561 | INFO | epoch 8 val loss history: [1.4859999418258667, 1.034999966621399, 0.9769999980926514, 1.024999976158142, 0.9800000190734863, 1.0579999685287476, 1.0240000486373901, 1.0360000133514404]
2026-06-12 02:35:28,561 | INFO | epoch 8 val c-index (total sample): 0.66
2026-06-12 02:35:28,561 | INFO | epoch 8 val c-index history: [0.397, 0.513, 0.654, 0.656, 0.68, 0.622, 0.677, 0.661]
2026-06-12 02:35:28,563 | INFO | [TRAINING STEP]
2026-06-12 02:35:36,312 | INFO | [epoch 8 | train | batch 0 start] allocated=1190.6MB | reserved=12826.0MB | peak=11234.6MB
2026-06-12 02:35:36,550 | INFO |     task_logits from  -1.7421875 to 0.78515625
2026-06-12 02:36:14,514 | INFO | [epoch 8 | train | batch 10 start] allocated=1190.6MB | reserved=12826.0MB | peak=11234.6MB
2026-06-12 02:36:51,329 | INFO | [epoch 8 | train | batch 20 start] allocated=1190.6MB | reserved=12826.0MB | peak=11234.6MB
2026-06-12 02:37:26,972 | INFO | [epoch 8 | train | batch 30 start] allocated=1190.6MB | reserved=12826.0MB | peak=11234.6MB
2026-06-12 02:38:05,393 | INFO | [epoch 8 | train | batch 40 start] allocated=1190.6MB | reserved=12826.0MB | peak=11234.6MB
2026-06-12 02:38:42,285 | INFO | [epoch 8 | train | batch 50 start] allocated=1190.6MB | reserved=12826.0MB | peak=11234.6MB
2026-06-12 02:39:18,443 | INFO | [epoch 8 | train | batch 60 start] allocated=1190.6MB | reserved=12826.0MB | peak=11234.6MB
2026-06-12 02:39:55,060 | INFO | [epoch 8 | train | batch 70 start] allocated=1190.6MB | reserved=12826.0MB | peak=11234.6MB
2026-06-12 02:40:31,731 | INFO | [epoch 8 | train | batch 80 start] allocated=1190.6MB | reserved=12826.0MB | peak=11234.6MB
2026-06-12 02:41:09,723 | INFO | [epoch 8 | train | batch 90 start] allocated=1190.6MB | reserved=12826.0MB | peak=11234.6MB
2026-06-12 02:41:14,745 | INFO | epoch 8 train total loss: 0.53
2026-06-12 02:41:14,745 | INFO | epoch 8 train concept loss: 0.45
2026-06-12 02:41:14,745 | INFO | epoch 8 train task loss: 0.08
2026-06-12 02:41:14,745 | INFO | epoch 8 train total loss history: [1.0859999656677246, 0.9139999747276306, 0.824999988079071, 0.7549999952316284, 0.6890000104904175, 0.6370000243186951, 0.5740000009536743, 0.5299999713897705]
2026-06-12 02:41:14,745 | INFO | epoch 8 train concept loss history: [0.9240000247955322, 0.777999997138977, 0.7039999961853027, 0.6399999856948853, 0.5920000076293945, 0.5360000133514404, 0.4819999933242798, 0.44699999690055847]
2026-06-12 02:41:14,745 | INFO | epoch 8 train task loss history: [0.16200000047683716, 0.13600000739097595, 0.12099999934434891, 0.11599999666213989, 0.09700000286102295, 0.10100000351667404, 0.09200000017881393, 0.08299999684095383]
2026-06-12 02:41:14,745 | INFO | epoch 8 complete
2026-06-12 02:41:14,746 | INFO | ======== starting epoch 9 ========
2026-06-12 02:41:14,746 | INFO | epoch 9 LR at start of epoch: 0.000095
2026-06-12 02:41:14,746 | INFO | [VALIDATION STEP]
2026-06-12 02:41:25,841 | INFO | [epoch 9 | val | batch 0 start] allocated=1778.6MB | reserved=12826.0MB | peak=11234.6MB
2026-06-12 02:42:15,126 | INFO | [epoch 9 | val | batch 10 start] allocated=1778.6MB | reserved=12826.0MB | peak=11234.6MB
2026-06-12 02:43:03,272 | INFO | [epoch 9 | val | batch 20 start] allocated=1778.6MB | reserved=12826.0MB | peak=11234.6MB
2026-06-12 02:43:15,613 | INFO | epoch 9 val loss (mean of batches): 1.06
2026-06-12 02:43:15,613 | INFO | epoch 9 val loss history: [1.4859999418258667, 1.034999966621399, 0.9769999980926514, 1.024999976158142, 0.9800000190734863, 1.0579999685287476, 1.0240000486373901, 1.0360000133514404, 1.059999942779541]
2026-06-12 02:43:15,613 | INFO | epoch 9 val c-index (total sample): 0.70
2026-06-12 02:43:15,613 | INFO | epoch 9 val c-index history: [0.397, 0.513, 0.654, 0.656, 0.68, 0.622, 0.677, 0.661, 0.698]
2026-06-12 02:43:15,615 | INFO | [TRAINING STEP]
2026-06-12 02:43:23,908 | INFO | [epoch 9 | train | batch 0 start] allocated=1190.6MB | reserved=12826.0MB | peak=11234.6MB
2026-06-12 02:43:24,148 | INFO |     task_logits from  -1.4296875 to 2.5625
2026-06-12 02:44:02,170 | INFO | [epoch 9 | train | batch 10 start] allocated=1190.6MB | reserved=12826.0MB | peak=11234.6MB
2026-06-12 02:44:40,136 | INFO | [epoch 9 | train | batch 20 start] allocated=1190.6MB | reserved=12826.0MB | peak=11234.6MB
2026-06-12 02:45:18,787 | INFO | [epoch 9 | train | batch 30 start] allocated=1190.6MB | reserved=12826.0MB | peak=11234.6MB
2026-06-12 02:45:54,950 | INFO | [epoch 9 | train | batch 40 start] allocated=1190.6MB | reserved=12826.0MB | peak=11234.6MB
2026-06-12 02:46:33,285 | INFO | [epoch 9 | train | batch 50 start] allocated=1190.6MB | reserved=12826.0MB | peak=11234.6MB
2026-06-12 02:47:10,163 | INFO | [epoch 9 | train | batch 60 start] allocated=1190.6MB | reserved=12826.0MB | peak=11234.6MB
2026-06-12 02:47:47,519 | INFO | [epoch 9 | train | batch 70 start] allocated=1190.6MB | reserved=12826.0MB | peak=11234.6MB
2026-06-12 02:48:24,835 | INFO | [epoch 9 | train | batch 80 start] allocated=1190.6MB | reserved=12826.0MB | peak=11234.6MB
2026-06-12 02:49:02,083 | INFO | [epoch 9 | train | batch 90 start] allocated=1190.6MB | reserved=12826.0MB | peak=11234.6MB
2026-06-12 02:49:02,557 | INFO | epoch 9 train total loss: 0.50
2026-06-12 02:49:02,557 | INFO | epoch 9 train concept loss: 0.43
2026-06-12 02:49:02,557 | INFO | epoch 9 train task loss: 0.07
2026-06-12 02:49:02,557 | INFO | epoch 9 train total loss history: [1.0859999656677246, 0.9139999747276306, 0.824999988079071, 0.7549999952316284, 0.6890000104904175, 0.6370000243186951, 0.5740000009536743, 0.5299999713897705, 0.5]
2026-06-12 02:49:02,557 | INFO | epoch 9 train concept loss history: [0.9240000247955322, 0.777999997138977, 0.7039999961853027, 0.6399999856948853, 0.5920000076293945, 0.5360000133514404, 0.4819999933242798, 0.44699999690055847, 0.4259999990463257]
2026-06-12 02:49:02,557 | INFO | epoch 9 train task loss history: [0.16200000047683716, 0.13600000739097595, 0.12099999934434891, 0.11599999666213989, 0.09700000286102295, 0.10100000351667404, 0.09200000017881393, 0.08299999684095383, 0.07400000095367432]
2026-06-12 02:49:02,557 | INFO | epoch 9 complete
2026-06-12 02:49:02,557 | INFO | ======== starting epoch 10 ========
2026-06-12 02:49:02,557 | INFO | epoch 10 LR at start of epoch: 0.000024
2026-06-12 02:49:02,557 | INFO | [VALIDATION STEP]
2026-06-12 02:49:13,247 | INFO | [epoch 10 | val | batch 0 start] allocated=1778.6MB | reserved=12826.0MB | peak=11234.6MB
2026-06-12 02:50:01,271 | INFO | [epoch 10 | val | batch 10 start] allocated=1778.6MB | reserved=12826.0MB | peak=11234.6MB
2026-06-12 02:50:48,704 | INFO | [epoch 10 | val | batch 20 start] allocated=1778.6MB | reserved=12826.0MB | peak=11234.6MB
2026-06-12 02:51:01,019 | INFO | epoch 10 val loss (mean of batches): 1.07
2026-06-12 02:51:01,019 | INFO | epoch 10 val loss history: [1.4859999418258667, 1.034999966621399, 0.9769999980926514, 1.024999976158142, 0.9800000190734863, 1.0579999685287476, 1.0240000486373901, 1.0360000133514404, 1.059999942779541, 1.065000057220459]
2026-06-12 02:51:01,019 | INFO | epoch 10 val c-index (total sample): 0.67
2026-06-12 02:51:01,019 | INFO | epoch 10 val c-index history: [0.397, 0.513, 0.654, 0.656, 0.68, 0.622, 0.677, 0.661, 0.698, 0.672]
2026-06-12 02:51:01,022 | INFO | [TRAINING STEP]
2026-06-12 02:51:08,972 | INFO | [epoch 10 | train | batch 0 start] allocated=1190.6MB | reserved=12826.0MB | peak=11234.6MB
2026-06-12 02:51:09,215 | INFO |     task_logits from  -1.140625 to 0.03662109375
2026-06-12 02:51:46,391 | INFO | [epoch 10 | train | batch 10 start] allocated=1190.6MB | reserved=12826.0MB | peak=11234.6MB
2026-06-12 02:52:22,864 | INFO | [epoch 10 | train | batch 20 start] allocated=1190.6MB | reserved=12826.0MB | peak=11234.6MB
2026-06-12 02:53:01,758 | INFO | [epoch 10 | train | batch 30 start] allocated=1190.6MB | reserved=12826.0MB | peak=11234.6MB
2026-06-12 02:53:40,559 | INFO | [epoch 10 | train | batch 40 start] allocated=1190.6MB | reserved=12826.0MB | peak=11234.6MB
2026-06-12 02:54:17,973 | INFO | [epoch 10 | train | batch 50 start] allocated=1190.6MB | reserved=12826.0MB | peak=11234.6MB
2026-06-12 02:54:55,584 | INFO | [epoch 10 | train | batch 60 start] allocated=1190.6MB | reserved=12826.0MB | peak=11234.6MB
2026-06-12 02:55:32,617 | INFO | [epoch 10 | train | batch 70 start] allocated=1190.6MB | reserved=12826.0MB | peak=11234.6MB
2026-06-12 02:56:08,941 | INFO | [epoch 10 | train | batch 80 start] allocated=1190.6MB | reserved=12826.0MB | peak=11234.6MB
2026-06-12 02:56:45,862 | INFO | [epoch 10 | train | batch 90 start] allocated=1190.6MB | reserved=12826.0MB | peak=11234.6MB
2026-06-12 02:56:46,334 | INFO | epoch 10 train total loss: 0.50
2026-06-12 02:56:46,334 | INFO | epoch 10 train concept loss: 0.42
2026-06-12 02:56:46,334 | INFO | epoch 10 train task loss: 0.08
2026-06-12 02:56:46,335 | INFO | epoch 10 train total loss history: [1.0859999656677246, 0.9139999747276306, 0.824999988079071, 0.7549999952316284, 0.6890000104904175, 0.6370000243186951, 0.5740000009536743, 0.5299999713897705, 0.5, 0.4970000088214874]
2026-06-12 02:56:46,335 | INFO | epoch 10 train concept loss history: [0.9240000247955322, 0.777999997138977, 0.7039999961853027, 0.6399999856948853, 0.5920000076293945, 0.5360000133514404, 0.4819999933242798, 0.44699999690055847, 0.4259999990463257, 0.421999990940094]
2026-06-12 02:56:46,335 | INFO | epoch 10 train task loss history: [0.16200000047683716, 0.13600000739097595, 0.12099999934434891, 0.11599999666213989, 0.09700000286102295, 0.10100000351667404, 0.09200000017881393, 0.08299999684095383, 0.07400000095367432, 0.07500000298023224]
2026-06-12 02:56:46,335 | INFO | epoch 10 complete
2026-06-12 02:56:46,335 | INFO | training complete
2026-06-12 02:56:46,335 | INFO | predicting on the validation set
2026-06-12 02:58:18,070 | INFO |   starting batch 1 of validation
2026-06-12 02:58:20,444 | INFO |   starting batch 2 of validation
2026-06-12 02:58:26,865 | INFO |   starting batch 3 of validation
2026-06-12 02:58:29,214 | INFO |   starting batch 4 of validation
2026-06-12 02:58:35,083 | INFO |   starting batch 5 of validation
2026-06-12 02:58:37,438 | INFO |   starting batch 6 of validation
2026-06-12 02:58:43,065 | INFO |   starting batch 7 of validation
2026-06-12 02:58:45,415 | INFO |   starting batch 8 of validation
2026-06-12 02:58:51,334 | INFO |   starting batch 9 of validation
2026-06-12 02:58:53,882 | INFO |   starting batch 10 of validation
2026-06-12 02:58:59,871 | INFO |   starting batch 11 of validation
2026-06-12 02:59:02,218 | INFO |   starting batch 12 of validation
2026-06-12 02:59:08,814 | INFO |   starting batch 13 of validation
2026-06-12 02:59:11,166 | INFO |   starting batch 14 of validation
2026-06-12 02:59:17,899 | INFO |   starting batch 15 of validation
2026-06-12 02:59:20,253 | INFO |   starting batch 16 of validation
2026-06-12 02:59:26,385 | INFO |   starting batch 17 of validation
2026-06-12 02:59:28,731 | INFO |   starting batch 18 of validation
2026-06-12 02:59:35,107 | INFO |   starting batch 19 of validation
2026-06-12 02:59:37,463 | INFO |   starting batch 20 of validation
2026-06-12 02:59:42,253 | INFO |   starting batch 21 of validation
2026-06-12 02:59:44,599 | INFO |   starting batch 22 of validation
2026-06-12 02:59:48,157 | INFO |   starting batch 23 of validation
2026-06-12 02:59:50,502 | INFO |   starting batch 24 of validation
2026-06-12 02:59:50,812 | INFO | measuring performance
2026-06-12 02:59:50,812 | INFO | y_test: (185, 2)
2026-06-12 02:59:50,812 | INFO | y_probs: (185, 1)
2026-06-12 02:59:50,812 | INFO | c_test: (185, 3)
2026-06-12 02:59:50,812 | INFO | c_probs: (185, 10)
2026-06-12 02:59:50,870 | INFO | results: {'task': {'c_index': 0.6417759838546923}, 'concepts': {'concept_0': {'0': {'precision': 0.2777777777777778, 'recall': 0.16129032258064516, 'f1-score': 0.20408163265306123, 'support': 31.0}, '1': {'precision': 0.5826771653543307, 'recall': 0.6981132075471698, 'f1-score': 0.6351931330472103, 'support': 106.0}, '2': {'precision': 0.275, 'recall': 0.24444444444444444, 'f1-score': 0.25882352941176473, 'support': 45.0}, '3': {'precision': nan, 'recall': 0.0, 'f1-score': 0.0, 'support': 3.0}, 'accuracy': 0.4864864864864865, 'macro avg': {'precision': 0.3784849810440362, 'recall': 0.27596199364306484, 'f1-score': 0.27452457377800904, 'support': 185.0}, 'weighted avg': {'precision': 0.454669728783902, 'recall': 0.4864864864864865, 'f1-score': 0.46110303534474917, 'support': 185.0}, 'auc': {'ovo': 0.6227346843699044}}, 'concept_1': {'0': {'precision': 0.6631578947368421, 'recall': 0.7, 'f1-score': 0.6810810810810811, 'support': 90.0}, '1': {'precision': 0.45454545454545453, 'recall': 0.5084745762711864, 'f1-score': 0.48, 'support': 59.0}, '2': {'precision': 0.5416666666666666, 'recall': 0.3611111111111111, 'f1-score': 0.43333333333333335, 'support': 36.0}, 'accuracy': 0.572972972972973, 'macro avg': {'precision': 0.5531233386496544, 'recall': 0.5231952291274325, 'f1-score': 0.5314714714714716, 'support': 185.0}, 'weighted avg': {'precision': 0.572985904564852, 'recall': 0.572972972972973, 'f1-score': 0.5687421475529584, 'support': 185.0}, 'auc': {'ovo': 0.6917686754551161}}, 'concept_2': {'0': {'precision': 0.8633540372670807, 'recall': 0.9455782312925171, 'f1-score': 0.9025974025974026, 'support': 147.0}, '1': {'precision': 0.5, 'recall': 0.35294117647058826, 'f1-score': 0.41379310344827586, 'support': 34.0}, '2': {'precision': nan, 'recall': 0.0, 'f1-score': 0.0, 'support': 4.0}, 'accuracy': 0.8162162162162162, 'macro avg': {'precision': 0.6816770186335404, 'recall': 0.43283980258770177, 'f1-score': 0.43879683534855946, 'support': 185.0}, 'weighted avg': {'precision': 0.7950996877251982, 'recall': 0.8162162162162162, 'f1-score': 0.793247479454376, 'support': 185.0}, 'auc': {'ovo': 0.7080582232893158}}}}
2026-06-12 02:59:50,871 | INFO | training fold 1
2026-06-12 02:59:50,874 | INFO | train set size: 739
2026-06-12 02:59:50,874 | INFO | val set size: 185
2026-06-12 02:59:50,877 | INFO | cpu_count: 30
2026-06-12 02:59:50,878 | INFO | num_workers: 2
2026-06-12 02:59:50,955 | INFO | completed building dataloaders
2026-06-12 02:59:50,955 | INFO | training starts
2026-06-12 03:00:01,341 | INFO | model initialized
2026-06-12 03:00:01,495 | INFO | LR scheduler: <torch.optim.lr_scheduler.CosineAnnealingLR object at 0x7118dd8dcd30>
2026-06-12 03:00:01,495 | INFO | Parameters by layer:
2026-06-12 03:00:01,496 | INFO | Total parameters: 304.4106M
2026-06-12 03:00:01,496 | INFO | Trainable parameters: 1.0599M
2026-06-12 03:00:01,496 | INFO | ======== starting epoch 1 ========
2026-06-12 03:00:01,496 | INFO | epoch 1 LR at start of epoch: 0.001000
2026-06-12 03:00:01,496 | INFO | [VALIDATION STEP]
2026-06-12 03:00:11,547 | INFO | [epoch 1 | val | batch 0 start] allocated=2939.9MB | reserved=14188.0MB | peak=12395.9MB
2026-06-12 03:00:58,538 | INFO | [epoch 1 | val | batch 10 start] allocated=2939.9MB | reserved=14188.0MB | peak=12395.9MB
2026-06-12 03:01:45,377 | INFO | [epoch 1 | val | batch 20 start] allocated=2939.9MB | reserved=14188.0MB | peak=12395.9MB
2026-06-12 03:01:57,688 | INFO | epoch 1 val loss (mean of batches): 1.42
2026-06-12 03:01:57,689 | INFO | epoch 1 val loss history: [1.4240000247955322]
2026-06-12 03:01:57,689 | INFO | epoch 1 val c-index (total sample): 0.45
2026-06-12 03:01:57,689 | INFO | epoch 1 val c-index history: [0.45]
2026-06-12 03:01:57,691 | INFO | [TRAINING STEP]
2026-06-12 03:02:05,300 | INFO | [epoch 1 | train | batch 0 start] allocated=2351.9MB | reserved=14188.0MB | peak=12395.9MB
2026-06-12 03:02:05,538 | INFO |     task_logits from  0.005340576171875 to 0.60546875
2026-06-12 03:02:38,278 | INFO | [epoch 1 | train | batch 10 start] allocated=2364.0MB | reserved=14188.0MB | peak=12395.9MB
2026-06-12 03:03:09,525 | INFO | [epoch 1 | train | batch 20 start] allocated=2364.0MB | reserved=14188.0MB | peak=12395.9MB
2026-06-12 03:03:41,645 | INFO | [epoch 1 | train | batch 30 start] allocated=2364.0MB | reserved=14188.0MB | peak=12395.9MB
2026-06-12 03:04:14,530 | INFO | [epoch 1 | train | batch 40 start] allocated=2364.0MB | reserved=14188.0MB | peak=12395.9MB
2026-06-12 03:04:47,445 | INFO | [epoch 1 | train | batch 50 start] allocated=2364.0MB | reserved=14188.0MB | peak=12395.9MB
2026-06-12 03:05:20,880 | INFO | [epoch 1 | train | batch 60 start] allocated=2364.0MB | reserved=14188.0MB | peak=12395.9MB
2026-06-12 03:05:51,838 | INFO | [epoch 1 | train | batch 70 start] allocated=2364.0MB | reserved=14188.0MB | peak=12395.9MB
2026-06-12 03:06:24,133 | INFO | [epoch 1 | train | batch 80 start] allocated=2364.0MB | reserved=14188.0MB | peak=12395.9MB
2026-06-12 03:06:58,532 | INFO | [epoch 1 | train | batch 90 start] allocated=2364.0MB | reserved=14188.0MB | peak=12395.9MB
2026-06-12 03:07:03,506 | INFO | epoch 1 train total loss: 1.07
2026-06-12 03:07:03,506 | INFO | epoch 1 train concept loss: 0.91
2026-06-12 03:07:03,506 | INFO | epoch 1 train task loss: 0.16
2026-06-12 03:07:03,506 | INFO | epoch 1 train total loss history: [1.069000005722046]
2026-06-12 03:07:03,506 | INFO | epoch 1 train concept loss history: [0.9110000133514404]
2026-06-12 03:07:03,506 | INFO | epoch 1 train task loss history: [0.15800000727176666]
2026-06-12 03:07:03,506 | INFO | epoch 1 complete
2026-06-12 03:07:03,506 | INFO | ======== starting epoch 2 ========
2026-06-12 03:07:03,506 | INFO | epoch 2 LR at start of epoch: 0.000976
2026-06-12 03:07:03,506 | INFO | [VALIDATION STEP]
2026-06-12 03:07:12,065 | INFO | [epoch 2 | val | batch 0 start] allocated=2952.0MB | reserved=14188.0MB | peak=12408.0MB
2026-06-12 03:07:59,207 | INFO | [epoch 2 | val | batch 10 start] allocated=2952.0MB | reserved=14188.0MB | peak=12408.0MB
2026-06-12 03:08:46,085 | INFO | [epoch 2 | val | batch 20 start] allocated=2952.0MB | reserved=14188.0MB | peak=12408.0MB
2026-06-12 03:08:58,394 | INFO | epoch 2 val loss (mean of batches): 1.11
2026-06-12 03:08:58,394 | INFO | epoch 2 val loss history: [1.4240000247955322, 1.1109999418258667]
2026-06-12 03:08:58,394 | INFO | epoch 2 val c-index (total sample): 0.67
2026-06-12 03:08:58,394 | INFO | epoch 2 val c-index history: [0.45, 0.665]
2026-06-12 03:08:58,397 | INFO | [TRAINING STEP]
2026-06-12 03:09:05,562 | INFO | [epoch 2 | train | batch 0 start] allocated=2364.0MB | reserved=14188.0MB | peak=12408.0MB
2026-06-12 03:09:05,801 | INFO |     task_logits from  0.703125 to 1.9375
2026-06-12 03:09:39,043 | INFO | [epoch 2 | train | batch 10 start] allocated=2364.0MB | reserved=14188.0MB | peak=12408.0MB
2026-06-12 03:10:11,040 | INFO | [epoch 2 | train | batch 20 start] allocated=2364.0MB | reserved=14188.0MB | peak=12408.0MB
2026-06-12 03:10:44,900 | INFO | [epoch 2 | train | batch 30 start] allocated=2364.0MB | reserved=14188.0MB | peak=12408.0MB
2026-06-12 03:11:24,197 | INFO | [epoch 2 | train | batch 40 start] allocated=2364.0MB | reserved=14188.0MB | peak=12408.0MB
2026-06-12 03:11:58,097 | INFO | [epoch 2 | train | batch 50 start] allocated=2364.0MB | reserved=14188.0MB | peak=12408.0MB
2026-06-12 03:12:31,786 | INFO | [epoch 2 | train | batch 60 start] allocated=2364.0MB | reserved=14188.0MB | peak=12408.0MB
2026-06-12 03:13:06,654 | INFO | [epoch 2 | train | batch 70 start] allocated=2364.0MB | reserved=14188.0MB | peak=12408.0MB
2026-06-12 03:13:39,900 | INFO | [epoch 2 | train | batch 80 start] allocated=2364.0MB | reserved=14188.0MB | peak=12408.0MB
2026-06-12 03:14:12,734 | INFO | [epoch 2 | train | batch 90 start] allocated=2364.0MB | reserved=14188.0MB | peak=12408.0MB
2026-06-12 03:14:14,802 | INFO | epoch 2 train total loss: 0.90
2026-06-12 03:14:14,802 | INFO | epoch 2 train concept loss: 0.77
2026-06-12 03:14:14,802 | INFO | epoch 2 train task loss: 0.12
2026-06-12 03:14:14,802 | INFO | epoch 2 train total loss history: [1.069000005722046, 0.8970000147819519]
2026-06-12 03:14:14,802 | INFO | epoch 2 train concept loss history: [0.9110000133514404, 0.7730000019073486]
2026-06-12 03:14:14,802 | INFO | epoch 2 train task loss history: [0.15800000727176666, 0.12399999797344208]
2026-06-12 03:14:14,802 | INFO | epoch 2 complete
2026-06-12 03:14:14,802 | INFO | ======== starting epoch 3 ========
2026-06-12 03:14:14,802 | INFO | epoch 3 LR at start of epoch: 0.000905
2026-06-12 03:14:14,802 | INFO | [VALIDATION STEP]
2026-06-12 03:14:23,132 | INFO | [epoch 3 | val | batch 0 start] allocated=2952.0MB | reserved=14188.0MB | peak=12408.0MB
2026-06-12 03:15:10,141 | INFO | [epoch 3 | val | batch 10 start] allocated=2952.0MB | reserved=14188.0MB | peak=12408.0MB
2026-06-12 03:15:57,001 | INFO | [epoch 3 | val | batch 20 start] allocated=2952.0MB | reserved=14188.0MB | peak=12408.0MB
2026-06-12 03:16:09,311 | INFO | epoch 3 val loss (mean of batches): 1.12
2026-06-12 03:16:09,311 | INFO | epoch 3 val loss history: [1.4240000247955322, 1.1109999418258667, 1.121999979019165]
2026-06-12 03:16:09,311 | INFO | epoch 3 val c-index (total sample): 0.61
2026-06-12 03:16:09,311 | INFO | epoch 3 val c-index history: [0.45, 0.665, 0.611]
2026-06-12 03:16:09,313 | INFO | [TRAINING STEP]
2026-06-12 03:16:17,080 | INFO | [epoch 3 | train | batch 0 start] allocated=2364.0MB | reserved=14188.0MB | peak=12408.0MB
2026-06-12 03:16:17,317 | INFO |     task_logits from  0.2431640625 to 1.828125
2026-06-12 03:16:50,535 | INFO | [epoch 3 | train | batch 10 start] allocated=2364.0MB | reserved=14188.0MB | peak=12408.0MB
2026-06-12 03:17:22,817 | INFO | [epoch 3 | train | batch 20 start] allocated=2364.0MB | reserved=14188.0MB | peak=12408.0MB
2026-06-12 03:17:54,785 | INFO | [epoch 3 | train | batch 30 start] allocated=2364.0MB | reserved=14188.0MB | peak=12408.0MB
2026-06-12 03:18:28,467 | INFO | [epoch 3 | train | batch 40 start] allocated=2364.0MB | reserved=14188.0MB | peak=12408.0MB
2026-06-12 03:19:00,464 | INFO | [epoch 3 | train | batch 50 start] allocated=2364.0MB | reserved=14188.0MB | peak=12408.0MB
2026-06-12 03:19:33,051 | INFO | [epoch 3 | train | batch 60 start] allocated=2364.0MB | reserved=14188.0MB | peak=12408.0MB
2026-06-12 03:20:05,618 | INFO | [epoch 3 | train | batch 70 start] allocated=2364.0MB | reserved=14188.0MB | peak=12408.0MB
2026-06-12 03:20:37,357 | INFO | [epoch 3 | train | batch 80 start] allocated=2364.0MB | reserved=14188.0MB | peak=12408.0MB
2026-06-12 03:21:11,406 | INFO | [epoch 3 | train | batch 90 start] allocated=2364.0MB | reserved=14188.0MB | peak=12408.0MB
2026-06-12 03:21:14,461 | INFO | epoch 3 train total loss: 0.80
2026-06-12 03:21:14,461 | INFO | epoch 3 train concept loss: 0.69
2026-06-12 03:21:14,461 | INFO | epoch 3 train task loss: 0.11
2026-06-12 03:21:14,461 | INFO | epoch 3 train total loss history: [1.069000005722046, 0.8970000147819519, 0.8040000200271606]
2026-06-12 03:21:14,461 | INFO | epoch 3 train concept loss history: [0.9110000133514404, 0.7730000019073486, 0.6940000057220459]
2026-06-12 03:21:14,461 | INFO | epoch 3 train task loss history: [0.15800000727176666, 0.12399999797344208, 0.11100000143051147]
2026-06-12 03:21:14,461 | INFO | epoch 3 complete
2026-06-12 03:21:14,461 | INFO | ======== starting epoch 4 ========
2026-06-12 03:21:14,461 | INFO | epoch 4 LR at start of epoch: 0.000794
2026-06-12 03:21:14,461 | INFO | [VALIDATION STEP]
2026-06-12 03:21:23,309 | INFO | [epoch 4 | val | batch 0 start] allocated=2952.0MB | reserved=14188.0MB | peak=12408.0MB
2026-06-12 03:22:10,388 | INFO | [epoch 4 | val | batch 10 start] allocated=2952.0MB | reserved=14188.0MB | peak=12408.0MB
2026-06-12 03:22:57,380 | INFO | [epoch 4 | val | batch 20 start] allocated=2952.0MB | reserved=14188.0MB | peak=12408.0MB
2026-06-12 03:23:09,690 | INFO | epoch 4 val loss (mean of batches): 1.13
2026-06-12 03:23:09,690 | INFO | epoch 4 val loss history: [1.4240000247955322, 1.1109999418258667, 1.121999979019165, 1.1299999952316284]
2026-06-12 03:23:09,690 | INFO | epoch 4 val c-index (total sample): 0.67
2026-06-12 03:23:09,690 | INFO | epoch 4 val c-index history: [0.45, 0.665, 0.611, 0.666]
2026-06-12 03:23:09,693 | INFO | [TRAINING STEP]
2026-06-12 03:23:15,701 | INFO | [epoch 4 | train | batch 0 start] allocated=2364.0MB | reserved=14188.0MB | peak=12408.0MB
2026-06-12 03:23:15,944 | INFO |     task_logits from  -0.55078125 to 1.8828125
2026-06-12 03:23:48,800 | INFO | [epoch 4 | train | batch 10 start] allocated=2364.0MB | reserved=14188.0MB | peak=12408.0MB
2026-06-12 03:24:22,791 | INFO | [epoch 4 | train | batch 20 start] allocated=2364.0MB | reserved=14188.0MB | peak=12408.0MB
2026-06-12 03:24:57,697 | INFO | [epoch 4 | train | batch 30 start] allocated=2364.0MB | reserved=14188.0MB | peak=12408.0MB
2026-06-12 03:25:31,407 | INFO | [epoch 4 | train | batch 40 start] allocated=2364.0MB | reserved=14188.0MB | peak=12408.0MB
2026-06-12 03:26:03,016 | INFO | [epoch 4 | train | batch 50 start] allocated=2364.0MB | reserved=14188.0MB | peak=12408.0MB
2026-06-12 03:26:37,106 | INFO | [epoch 4 | train | batch 60 start] allocated=2364.0MB | reserved=14188.0MB | peak=12408.0MB
2026-06-12 03:27:12,392 | INFO | [epoch 4 | train | batch 70 start] allocated=2364.0MB | reserved=14188.0MB | peak=12408.0MB
2026-06-12 03:27:44,907 | INFO | [epoch 4 | train | batch 80 start] allocated=2364.0MB | reserved=14188.0MB | peak=12408.0MB
2026-06-12 03:28:17,915 | INFO | [epoch 4 | train | batch 90 start] allocated=2364.0MB | reserved=14188.0MB | peak=12408.0MB
2026-06-12 03:28:19,364 | INFO | epoch 4 train total loss: 0.73
2026-06-12 03:28:19,364 | INFO | epoch 4 train concept loss: 0.62
2026-06-12 03:28:19,364 | INFO | epoch 4 train task loss: 0.11
2026-06-12 03:28:19,364 | INFO | epoch 4 train total loss history: [1.069000005722046, 0.8970000147819519, 0.8040000200271606, 0.7310000061988831]
2026-06-12 03:28:19,364 | INFO | epoch 4 train concept loss history: [0.9110000133514404, 0.7730000019073486, 0.6940000057220459, 0.625]
2026-06-12 03:28:19,364 | INFO | epoch 4 train task loss history: [0.15800000727176666, 0.12399999797344208, 0.11100000143051147, 0.10700000077486038]
2026-06-12 03:28:19,364 | INFO | epoch 4 complete
2026-06-12 03:28:19,364 | INFO | ======== starting epoch 5 ========
2026-06-12 03:28:19,364 | INFO | epoch 5 LR at start of epoch: 0.000655
2026-06-12 03:28:19,364 | INFO | [VALIDATION STEP]
2026-06-12 03:28:28,331 | INFO | [epoch 5 | val | batch 0 start] allocated=2952.0MB | reserved=14188.0MB | peak=12408.0MB
2026-06-12 03:29:15,193 | INFO | [epoch 5 | val | batch 10 start] allocated=2952.0MB | reserved=14188.0MB | peak=12408.0MB
2026-06-12 03:30:02,169 | INFO | [epoch 5 | val | batch 20 start] allocated=2952.0MB | reserved=14188.0MB | peak=12408.0MB
2026-06-12 03:30:14,478 | INFO | epoch 5 val loss (mean of batches): 1.17
2026-06-12 03:30:14,478 | INFO | epoch 5 val loss history: [1.4240000247955322, 1.1109999418258667, 1.121999979019165, 1.1299999952316284, 1.1699999570846558]
2026-06-12 03:30:14,478 | INFO | epoch 5 val c-index (total sample): 0.69
2026-06-12 03:30:14,478 | INFO | epoch 5 val c-index history: [0.45, 0.665, 0.611, 0.666, 0.685]
2026-06-12 03:30:14,481 | INFO | [TRAINING STEP]
2026-06-12 03:30:22,500 | INFO | [epoch 5 | train | batch 0 start] allocated=2364.0MB | reserved=14188.0MB | peak=12408.0MB
2026-06-12 03:30:22,745 | INFO |     task_logits from  0.61328125 to 3.453125
2026-06-12 03:30:56,027 | INFO | [epoch 5 | train | batch 10 start] allocated=2364.0MB | reserved=14188.0MB | peak=12408.0MB
2026-06-12 03:31:28,857 | INFO | [epoch 5 | train | batch 20 start] allocated=2364.0MB | reserved=14188.0MB | peak=12408.0MB
2026-06-12 03:32:04,204 | INFO | [epoch 5 | train | batch 30 start] allocated=2364.0MB | reserved=14188.0MB | peak=12408.0MB
2026-06-12 03:32:40,433 | INFO | [epoch 5 | train | batch 40 start] allocated=2364.0MB | reserved=14188.0MB | peak=12408.0MB
2026-06-12 03:33:16,683 | INFO | [epoch 5 | train | batch 50 start] allocated=2364.0MB | reserved=14188.0MB | peak=12408.0MB
2026-06-12 03:33:49,143 | INFO | [epoch 5 | train | batch 60 start] allocated=2364.0MB | reserved=14188.0MB | peak=12408.0MB
2026-06-12 03:34:25,092 | INFO | [epoch 5 | train | batch 70 start] allocated=2364.0MB | reserved=14188.0MB | peak=12408.0MB
2026-06-12 03:34:57,634 | INFO | [epoch 5 | train | batch 80 start] allocated=2364.0MB | reserved=14188.0MB | peak=12408.0MB
2026-06-12 03:35:29,318 | INFO | [epoch 5 | train | batch 90 start] allocated=2364.0MB | reserved=14188.0MB | peak=12408.0MB
2026-06-12 03:35:29,792 | INFO | epoch 5 train total loss: 0.68
2026-06-12 03:35:29,793 | INFO | epoch 5 train concept loss: 0.58
2026-06-12 03:35:29,793 | INFO | epoch 5 train task loss: 0.11
2026-06-12 03:35:29,793 | INFO | epoch 5 train total loss history: [1.069000005722046, 0.8970000147819519, 0.8040000200271606, 0.7310000061988831, 0.6830000281333923]
2026-06-12 03:35:29,793 | INFO | epoch 5 train concept loss history: [0.9110000133514404, 0.7730000019073486, 0.6940000057220459, 0.625, 0.5770000219345093]
2026-06-12 03:35:29,793 | INFO | epoch 5 train task loss history: [0.15800000727176666, 0.12399999797344208, 0.11100000143051147, 0.10700000077486038, 0.10599999874830246]
2026-06-12 03:35:29,793 | INFO | epoch 5 complete
2026-06-12 03:35:29,793 | INFO | ======== starting epoch 6 ========
2026-06-12 03:35:29,793 | INFO | epoch 6 LR at start of epoch: 0.000500
2026-06-12 03:35:29,793 | INFO | [VALIDATION STEP]
2026-06-12 03:35:38,849 | INFO | [epoch 6 | val | batch 0 start] allocated=2952.0MB | reserved=14188.0MB | peak=12408.0MB
2026-06-12 03:36:25,711 | INFO | [epoch 6 | val | batch 10 start] allocated=2952.0MB | reserved=14188.0MB | peak=12408.0MB
2026-06-12 03:37:12,562 | INFO | [epoch 6 | val | batch 20 start] allocated=2952.0MB | reserved=14188.0MB | peak=12408.0MB
2026-06-12 03:37:24,877 | INFO | epoch 6 val loss (mean of batches): 1.15
2026-06-12 03:37:24,877 | INFO | epoch 6 val loss history: [1.4240000247955322, 1.1109999418258667, 1.121999979019165, 1.1299999952316284, 1.1699999570846558, 1.152999997138977]
2026-06-12 03:37:24,877 | INFO | epoch 6 val c-index (total sample): 0.65
2026-06-12 03:37:24,877 | INFO | epoch 6 val c-index history: [0.45, 0.665, 0.611, 0.666, 0.685, 0.652]
2026-06-12 03:37:24,880 | INFO | [TRAINING STEP]
2026-06-12 03:37:36,389 | INFO | [epoch 6 | train | batch 0 start] allocated=2364.0MB | reserved=14188.0MB | peak=12408.0MB
2026-06-12 03:37:36,631 | INFO |     task_logits from  0.72265625 to 2.671875
2026-06-12 03:38:22,789 | INFO | [epoch 6 | train | batch 10 start] allocated=2364.0MB | reserved=14188.0MB | peak=12408.0MB
2026-06-12 03:39:10,234 | INFO | [epoch 6 | train | batch 20 start] allocated=2364.0MB | reserved=14188.0MB | peak=12408.0MB
2026-06-12 03:39:54,428 | INFO | [epoch 6 | train | batch 30 start] allocated=2364.0MB | reserved=14188.0MB | peak=12408.0MB
2026-06-12 03:40:42,416 | INFO | [epoch 6 | train | batch 40 start] allocated=2364.0MB | reserved=14188.0MB | peak=12408.0MB
2026-06-12 03:41:29,218 | INFO | [epoch 6 | train | batch 50 start] allocated=2364.0MB | reserved=14188.0MB | peak=12408.0MB
2026-06-12 03:42:16,647 | INFO | [epoch 6 | train | batch 60 start] allocated=2364.0MB | reserved=14188.0MB | peak=12408.0MB
2026-06-12 03:43:05,333 | INFO | [epoch 6 | train | batch 70 start] allocated=2364.0MB | reserved=14188.0MB | peak=12408.0MB
2026-06-12 03:43:57,805 | INFO | [epoch 6 | train | batch 80 start] allocated=2364.0MB | reserved=14188.0MB | peak=12408.0MB
2026-06-12 03:44:50,967 | INFO | [epoch 6 | train | batch 90 start] allocated=2364.0MB | reserved=14188.0MB | peak=12408.0MB
2026-06-12 03:44:51,442 | INFO | epoch 6 train total loss: 0.60
2026-06-12 03:44:51,442 | INFO | epoch 6 train concept loss: 0.52
2026-06-12 03:44:51,442 | INFO | epoch 6 train task loss: 0.08
2026-06-12 03:44:51,442 | INFO | epoch 6 train total loss history: [1.069000005722046, 0.8970000147819519, 0.8040000200271606, 0.7310000061988831, 0.6830000281333923, 0.6019999980926514]
2026-06-12 03:44:51,442 | INFO | epoch 6 train concept loss history: [0.9110000133514404, 0.7730000019073486, 0.6940000057220459, 0.625, 0.5770000219345093, 0.5189999938011169]
2026-06-12 03:44:51,442 | INFO | epoch 6 train task loss history: [0.15800000727176666, 0.12399999797344208, 0.11100000143051147, 0.10700000077486038, 0.10599999874830246, 0.08299999684095383]
2026-06-12 03:44:51,443 | INFO | epoch 6 complete
2026-06-12 03:44:51,443 | INFO | ======== starting epoch 7 ========
2026-06-12 03:44:51,443 | INFO | epoch 7 LR at start of epoch: 0.000345
2026-06-12 03:44:51,443 | INFO | [VALIDATION STEP]
2026-06-12 03:45:03,668 | INFO | [epoch 7 | val | batch 0 start] allocated=2952.0MB | reserved=14188.0MB | peak=12408.0MB
2026-06-12 03:46:03,401 | INFO | [epoch 7 | val | batch 10 start] allocated=2952.0MB | reserved=14188.0MB | peak=12408.0MB
2026-06-12 03:47:05,129 | INFO | [epoch 7 | val | batch 20 start] allocated=2952.0MB | reserved=14188.0MB | peak=12408.0MB
2026-06-12 03:47:17,460 | INFO | epoch 7 val loss (mean of batches): 1.20
2026-06-12 03:47:17,460 | INFO | epoch 7 val loss history: [1.4240000247955322, 1.1109999418258667, 1.121999979019165, 1.1299999952316284, 1.1699999570846558, 1.152999997138977, 1.2020000219345093]
2026-06-12 03:47:17,460 | INFO | epoch 7 val c-index (total sample): 0.66
2026-06-12 03:47:17,460 | INFO | epoch 7 val c-index history: [0.45, 0.665, 0.611, 0.666, 0.685, 0.652, 0.664]
2026-06-12 03:47:17,462 | INFO | [TRAINING STEP]
2026-06-12 03:47:28,352 | INFO | [epoch 7 | train | batch 0 start] allocated=2364.0MB | reserved=14188.0MB | peak=12408.0MB
2026-06-12 03:47:28,594 | INFO |     task_logits from  -0.2265625 to 2.796875
2026-06-12 03:48:20,326 | INFO | [epoch 7 | train | batch 10 start] allocated=2364.0MB | reserved=14188.0MB | peak=12408.0MB
2026-06-12 03:49:03,361 | INFO | [epoch 7 | train | batch 20 start] allocated=2364.0MB | reserved=14188.0MB | peak=12408.0MB
2026-06-12 03:49:36,480 | INFO | [epoch 7 | train | batch 30 start] allocated=2364.0MB | reserved=14188.0MB | peak=12408.0MB
2026-06-12 03:50:10,780 | INFO | [epoch 7 | train | batch 40 start] allocated=2364.0MB | reserved=14188.0MB | peak=12408.0MB
2026-06-12 03:50:46,683 | INFO | [epoch 7 | train | batch 50 start] allocated=2364.0MB | reserved=14188.0MB | peak=12408.0MB
2026-06-12 03:51:21,107 | INFO | [epoch 7 | train | batch 60 start] allocated=2364.0MB | reserved=14188.0MB | peak=12408.0MB
2026-06-12 03:51:52,837 | INFO | [epoch 7 | train | batch 70 start] allocated=2364.0MB | reserved=14188.0MB | peak=12408.0MB
2026-06-12 03:52:24,840 | INFO | [epoch 7 | train | batch 80 start] allocated=2364.0MB | reserved=14188.0MB | peak=12408.0MB
2026-06-12 03:52:55,303 | INFO | [epoch 7 | train | batch 90 start] allocated=2364.0MB | reserved=14188.0MB | peak=12408.0MB
2026-06-12 03:52:55,778 | INFO | epoch 7 train total loss: 0.57
2026-06-12 03:52:55,866 | INFO | epoch 7 train concept loss: 0.49
2026-06-12 03:52:55,866 | INFO | epoch 7 train task loss: 0.07
2026-06-12 03:52:55,866 | INFO | epoch 7 train total loss history: [1.069000005722046, 0.8970000147819519, 0.8040000200271606, 0.7310000061988831, 0.6830000281333923, 0.6019999980926514, 0.5659999847412109]
2026-06-12 03:52:55,866 | INFO | epoch 7 train concept loss history: [0.9110000133514404, 0.7730000019073486, 0.6940000057220459, 0.625, 0.5770000219345093, 0.5189999938011169, 0.49300000071525574]
2026-06-12 03:52:55,866 | INFO | epoch 7 train task loss history: [0.15800000727176666, 0.12399999797344208, 0.11100000143051147, 0.10700000077486038, 0.10599999874830246, 0.08299999684095383, 0.0729999989271164]
2026-06-12 03:52:55,866 | INFO | epoch 7 complete
2026-06-12 03:52:55,866 | INFO | ======== starting epoch 8 ========
2026-06-12 03:52:55,866 | INFO | epoch 8 LR at start of epoch: 0.000206
2026-06-12 03:52:55,866 | INFO | [VALIDATION STEP]
2026-06-12 03:53:04,781 | INFO | [epoch 8 | val | batch 0 start] allocated=2952.0MB | reserved=14188.0MB | peak=12408.0MB
2026-06-12 03:53:51,653 | INFO | [epoch 8 | val | batch 10 start] allocated=2952.0MB | reserved=14188.0MB | peak=12408.0MB
2026-06-12 03:54:38,565 | INFO | [epoch 8 | val | batch 20 start] allocated=2952.0MB | reserved=14188.0MB | peak=12408.0MB
2026-06-12 03:54:50,875 | INFO | epoch 8 val loss (mean of batches): 1.15
2026-06-12 03:54:50,875 | INFO | epoch 8 val loss history: [1.4240000247955322, 1.1109999418258667, 1.121999979019165, 1.1299999952316284, 1.1699999570846558, 1.152999997138977, 1.2020000219345093, 1.1549999713897705]
2026-06-12 03:54:50,875 | INFO | epoch 8 val c-index (total sample): 0.71
2026-06-12 03:54:50,875 | INFO | epoch 8 val c-index history: [0.45, 0.665, 0.611, 0.666, 0.685, 0.652, 0.664, 0.707]
2026-06-12 03:54:50,877 | INFO | [TRAINING STEP]
2026-06-12 03:54:58,206 | INFO | [epoch 8 | train | batch 0 start] allocated=2364.0MB | reserved=14188.0MB | peak=12408.0MB
2026-06-12 03:54:58,452 | INFO |     task_logits from  0.00286865234375 to 4.375
2026-06-12 03:55:30,880 | INFO | [epoch 8 | train | batch 10 start] allocated=2364.0MB | reserved=14188.0MB | peak=12408.0MB
2026-06-12 03:56:03,857 | INFO | [epoch 8 | train | batch 20 start] allocated=2364.0MB | reserved=14188.0MB | peak=12408.0MB
2026-06-12 03:56:35,110 | INFO | [epoch 8 | train | batch 30 start] allocated=2364.0MB | reserved=14188.0MB | peak=12408.0MB
2026-06-12 03:57:06,849 | INFO | [epoch 8 | train | batch 40 start] allocated=2364.0MB | reserved=14188.0MB | peak=12408.0MB
2026-06-12 03:57:40,520 | INFO | [epoch 8 | train | batch 50 start] allocated=2364.0MB | reserved=14188.0MB | peak=12408.0MB
2026-06-12 03:58:14,455 | INFO | [epoch 8 | train | batch 60 start] allocated=2364.0MB | reserved=14188.0MB | peak=12408.0MB
2026-06-12 03:58:47,181 | INFO | [epoch 8 | train | batch 70 start] allocated=2364.0MB | reserved=14188.0MB | peak=12408.0MB
2026-06-12 03:59:22,621 | INFO | [epoch 8 | train | batch 80 start] allocated=2364.0MB | reserved=14188.0MB | peak=12408.0MB
2026-06-12 03:59:55,379 | INFO | [epoch 8 | train | batch 90 start] allocated=2364.0MB | reserved=14188.0MB | peak=12408.0MB
2026-06-12 03:59:56,521 | INFO | epoch 8 train total loss: 0.52
2026-06-12 03:59:56,521 | INFO | epoch 8 train concept loss: 0.45
2026-06-12 03:59:56,521 | INFO | epoch 8 train task loss: 0.06
2026-06-12 03:59:56,521 | INFO | epoch 8 train total loss history: [1.069000005722046, 0.8970000147819519, 0.8040000200271606, 0.7310000061988831, 0.6830000281333923, 0.6019999980926514, 0.5659999847412109, 0.5189999938011169]
2026-06-12 03:59:56,521 | INFO | epoch 8 train concept loss history: [0.9110000133514404, 0.7730000019073486, 0.6940000057220459, 0.625, 0.5770000219345093, 0.5189999938011169, 0.49300000071525574, 0.45399999618530273]
2026-06-12 03:59:56,521 | INFO | epoch 8 train task loss history: [0.15800000727176666, 0.12399999797344208, 0.11100000143051147, 0.10700000077486038, 0.10599999874830246, 0.08299999684095383, 0.0729999989271164, 0.06499999761581421]
2026-06-12 03:59:56,521 | INFO | epoch 8 complete
2026-06-12 03:59:56,521 | INFO | ======== starting epoch 9 ========
2026-06-12 03:59:56,521 | INFO | epoch 9 LR at start of epoch: 0.000095
2026-06-12 03:59:56,521 | INFO | [VALIDATION STEP]
2026-06-12 04:00:05,458 | INFO | [epoch 9 | val | batch 0 start] allocated=2952.0MB | reserved=14188.0MB | peak=12408.0MB
2026-06-12 04:00:52,361 | INFO | [epoch 9 | val | batch 10 start] allocated=2952.0MB | reserved=14188.0MB | peak=12408.0MB
2026-06-12 04:01:39,191 | INFO | [epoch 9 | val | batch 20 start] allocated=2952.0MB | reserved=14188.0MB | peak=12408.0MB
2026-06-12 04:01:51,499 | INFO | epoch 9 val loss (mean of batches): 1.16
2026-06-12 04:01:51,499 | INFO | epoch 9 val loss history: [1.4240000247955322, 1.1109999418258667, 1.121999979019165, 1.1299999952316284, 1.1699999570846558, 1.152999997138977, 1.2020000219345093, 1.1549999713897705, 1.1640000343322754]
2026-06-12 04:01:51,499 | INFO | epoch 9 val c-index (total sample): 0.67
2026-06-12 04:01:51,500 | INFO | epoch 9 val c-index history: [0.45, 0.665, 0.611, 0.666, 0.685, 0.652, 0.664, 0.707, 0.672]
2026-06-12 04:01:51,502 | INFO | [TRAINING STEP]
2026-06-12 04:01:59,543 | INFO | [epoch 9 | train | batch 0 start] allocated=2364.0MB | reserved=14188.0MB | peak=12408.0MB
2026-06-12 04:01:59,779 | INFO |     task_logits from  0.00799560546875 to 3.640625
2026-06-12 04:02:38,634 | INFO | [epoch 9 | train | batch 10 start] allocated=2364.0MB | reserved=14188.0MB | peak=12408.0MB
2026-06-12 04:03:18,835 | INFO | [epoch 9 | train | batch 20 start] allocated=2364.0MB | reserved=14188.0MB | peak=12408.0MB
2026-06-12 04:04:01,864 | INFO | [epoch 9 | train | batch 30 start] allocated=2364.0MB | reserved=14188.0MB | peak=12408.0MB
2026-06-12 04:04:44,607 | INFO | [epoch 9 | train | batch 40 start] allocated=2364.0MB | reserved=14188.0MB | peak=12408.0MB
2026-06-12 04:05:27,511 | INFO | [epoch 9 | train | batch 50 start] allocated=2364.0MB | reserved=14188.0MB | peak=12408.0MB
2026-06-12 04:06:10,815 | INFO | [epoch 9 | train | batch 60 start] allocated=2364.0MB | reserved=14188.0MB | peak=12408.0MB
2026-06-12 04:06:53,195 | INFO | [epoch 9 | train | batch 70 start] allocated=2364.0MB | reserved=14188.0MB | peak=12408.0MB
2026-06-12 04:07:34,784 | INFO | [epoch 9 | train | batch 80 start] allocated=2364.0MB | reserved=14188.0MB | peak=12408.0MB
2026-06-12 04:08:16,185 | INFO | [epoch 9 | train | batch 90 start] allocated=2364.0MB | reserved=14188.0MB | peak=12408.0MB
2026-06-12 04:08:17,267 | INFO | epoch 9 train total loss: 0.51
2026-06-12 04:08:17,267 | INFO | epoch 9 train concept loss: 0.43
2026-06-12 04:08:17,267 | INFO | epoch 9 train task loss: 0.08
2026-06-12 04:08:17,267 | INFO | epoch 9 train total loss history: [1.069000005722046, 0.8970000147819519, 0.8040000200271606, 0.7310000061988831, 0.6830000281333923, 0.6019999980926514, 0.5659999847412109, 0.5189999938011169, 0.5130000114440918]
2026-06-12 04:08:17,267 | INFO | epoch 9 train concept loss history: [0.9110000133514404, 0.7730000019073486, 0.6940000057220459, 0.625, 0.5770000219345093, 0.5189999938011169, 0.49300000071525574, 0.45399999618530273, 0.4320000112056732]
2026-06-12 04:08:17,267 | INFO | epoch 9 train task loss history: [0.15800000727176666, 0.12399999797344208, 0.11100000143051147, 0.10700000077486038, 0.10599999874830246, 0.08299999684095383, 0.0729999989271164, 0.06499999761581421, 0.08100000023841858]
2026-06-12 04:08:17,267 | INFO | epoch 9 complete
2026-06-12 04:08:17,267 | INFO | ======== starting epoch 10 ========
2026-06-12 04:08:17,267 | INFO | epoch 10 LR at start of epoch: 0.000024
2026-06-12 04:08:17,267 | INFO | [VALIDATION STEP]
2026-06-12 04:08:28,168 | INFO | [epoch 10 | val | batch 0 start] allocated=2952.0MB | reserved=14188.0MB | peak=12408.0MB
2026-06-12 04:09:15,404 | INFO | [epoch 10 | val | batch 10 start] allocated=2952.0MB | reserved=14188.0MB | peak=12408.0MB
2026-06-12 04:10:02,406 | INFO | [epoch 10 | val | batch 20 start] allocated=2952.0MB | reserved=14188.0MB | peak=12408.0MB
2026-06-12 04:10:14,717 | INFO | epoch 10 val loss (mean of batches): 1.15
2026-06-12 04:10:14,717 | INFO | epoch 10 val loss history: [1.4240000247955322, 1.1109999418258667, 1.121999979019165, 1.1299999952316284, 1.1699999570846558, 1.152999997138977, 1.2020000219345093, 1.1549999713897705, 1.1640000343322754, 1.149999976158142]
2026-06-12 04:10:14,717 | INFO | epoch 10 val c-index (total sample): 0.71
2026-06-12 04:10:14,717 | INFO | epoch 10 val c-index history: [0.45, 0.665, 0.611, 0.666, 0.685, 0.652, 0.664, 0.707, 0.672, 0.706]
2026-06-12 04:10:14,720 | INFO | [TRAINING STEP]
2026-06-12 04:10:24,006 | INFO | [epoch 10 | train | batch 0 start] allocated=2364.0MB | reserved=14188.0MB | peak=12408.0MB
2026-06-12 04:10:24,246 | INFO |     task_logits from  -0.423828125 to 3.484375
2026-06-12 04:11:06,317 | INFO | [epoch 10 | train | batch 10 start] allocated=2364.0MB | reserved=14188.0MB | peak=12408.0MB
2026-06-12 04:12:00,901 | INFO | [epoch 10 | train | batch 20 start] allocated=2364.0MB | reserved=14188.0MB | peak=12408.0MB
2026-06-12 04:12:42,306 | INFO | [epoch 10 | train | batch 30 start] allocated=2364.0MB | reserved=14188.0MB | peak=12408.0MB
2026-06-12 04:13:24,231 | INFO | [epoch 10 | train | batch 40 start] allocated=2364.0MB | reserved=14188.0MB | peak=12408.0MB
2026-06-12 04:14:08,859 | INFO | [epoch 10 | train | batch 50 start] allocated=2364.0MB | reserved=14188.0MB | peak=12408.0MB
2026-06-12 04:14:50,533 | INFO | [epoch 10 | train | batch 60 start] allocated=2364.0MB | reserved=14188.0MB | peak=12408.0MB
2026-06-12 04:15:30,820 | INFO | [epoch 10 | train | batch 70 start] allocated=2364.0MB | reserved=14188.0MB | peak=12408.0MB
2026-06-12 04:16:13,402 | INFO | [epoch 10 | train | batch 80 start] allocated=2364.0MB | reserved=14188.0MB | peak=12408.0MB
2026-06-12 04:16:54,887 | INFO | [epoch 10 | train | batch 90 start] allocated=2364.0MB | reserved=14188.0MB | peak=12408.0MB
2026-06-12 04:16:55,361 | INFO | epoch 10 train total loss: 0.50
2026-06-12 04:16:55,361 | INFO | epoch 10 train concept loss: 0.42
2026-06-12 04:16:55,362 | INFO | epoch 10 train task loss: 0.08
2026-06-12 04:16:55,362 | INFO | epoch 10 train total loss history: [1.069000005722046, 0.8970000147819519, 0.8040000200271606, 0.7310000061988831, 0.6830000281333923, 0.6019999980926514, 0.5659999847412109, 0.5189999938011169, 0.5130000114440918, 0.5019999742507935]
2026-06-12 04:16:55,362 | INFO | epoch 10 train concept loss history: [0.9110000133514404, 0.7730000019073486, 0.6940000057220459, 0.625, 0.5770000219345093, 0.5189999938011169, 0.49300000071525574, 0.45399999618530273, 0.4320000112056732, 0.42100000381469727]
2026-06-12 04:16:55,362 | INFO | epoch 10 train task loss history: [0.15800000727176666, 0.12399999797344208, 0.11100000143051147, 0.10700000077486038, 0.10599999874830246, 0.08299999684095383, 0.0729999989271164, 0.06499999761581421, 0.08100000023841858, 0.0820000022649765]
2026-06-12 04:16:55,362 | INFO | epoch 10 complete
2026-06-12 04:16:55,367 | INFO | training complete
2026-06-12 04:16:55,367 | INFO | predicting on the validation set
2026-06-12 04:18:43,692 | INFO |   starting batch 1 of validation
2026-06-12 04:18:46,319 | INFO |   starting batch 2 of validation
2026-06-12 04:18:52,810 | INFO |   starting batch 3 of validation
2026-06-12 04:18:55,157 | INFO |   starting batch 4 of validation
2026-06-12 04:19:01,643 | INFO |   starting batch 5 of validation
2026-06-12 04:19:04,391 | INFO |   starting batch 6 of validation
2026-06-12 04:19:09,156 | INFO |   starting batch 7 of validation
2026-06-12 04:19:13,131 | INFO |   starting batch 8 of validation
2026-06-12 04:19:16,610 | INFO |   starting batch 9 of validation
2026-06-12 04:19:21,513 | INFO |   starting batch 10 of validation
2026-06-12 04:19:24,569 | INFO |   starting batch 11 of validation
2026-06-12 04:19:30,441 | INFO |   starting batch 12 of validation
2026-06-12 04:19:33,593 | INFO |   starting batch 13 of validation
2026-06-12 04:19:39,394 | INFO |   starting batch 14 of validation
2026-06-12 04:19:42,329 | INFO |   starting batch 15 of validation
2026-06-12 04:19:47,886 | INFO |   starting batch 16 of validation
2026-06-12 04:19:51,356 | INFO |   starting batch 17 of validation
2026-06-12 04:19:55,181 | INFO |   starting batch 18 of validation
2026-06-12 04:19:59,844 | INFO |   starting batch 19 of validation
2026-06-12 04:20:04,109 | INFO |   starting batch 20 of validation
2026-06-12 04:20:09,084 | INFO |   starting batch 21 of validation
2026-06-12 04:20:12,208 | INFO |   starting batch 22 of validation
2026-06-12 04:20:17,087 | INFO |   starting batch 23 of validation
2026-06-12 04:20:19,433 | INFO |   starting batch 24 of validation
2026-06-12 04:20:19,743 | INFO | measuring performance
2026-06-12 04:20:19,743 | INFO | y_test: (185, 2)
2026-06-12 04:20:19,743 | INFO | y_probs: (185, 1)
2026-06-12 04:20:19,743 | INFO | c_test: (185, 3)
2026-06-12 04:20:19,743 | INFO | c_probs: (185, 10)
2026-06-12 04:20:19,767 | INFO | results: {'task': {'c_index': 0.6771689497716895}, 'concepts': {'concept_0': {'0': {'precision': 0.4, 'recall': 0.21621621621621623, 'f1-score': 0.2807017543859649, 'support': 37.0}, '1': {'precision': 0.5078125, 'recall': 0.6701030927835051, 'f1-score': 0.5777777777777777, 'support': 97.0}, '2': {'precision': 0.2857142857142857, 'recall': 0.2222222222222222, 'f1-score': 0.25, 'support': 45.0}, '3': {'precision': 0.0, 'recall': 0.0, 'f1-score': 0.0, 'support': 6.0}, 'accuracy': 0.4486486486486487, 'macro avg': {'precision': 0.29838169642857143, 'recall': 0.2771353828054859, 'f1-score': 0.27711988304093566, 'support': 185.0}, 'weighted avg': {'precision': 0.41575651544401543, 'recall': 0.4486486486486487, 'f1-score': 0.4198941046309467, 'support': 185.0}, 'auc': {'ovo': 0.6086168642869675}}, 'concept_1': {'0': {'precision': 0.5643564356435643, 'recall': 0.6333333333333333, 'f1-score': 0.5968586387434555, 'support': 90.0}, '1': {'precision': 0.4032258064516129, 'recall': 0.49019607843137253, 'f1-score': 0.4424778761061947, 'support': 51.0}, '2': {'precision': 0.4090909090909091, 'recall': 0.20454545454545456, 'f1-score': 0.2727272727272727, 'support': 44.0}, 'accuracy': 0.4918918918918919, 'macro avg': {'precision': 0.4588910503953621, 'recall': 0.4426916221033868, 'f1-score': 0.43735459585897424, 'support': 185.0}, 'weighted avg': {'precision': 0.4830086234429894, 'recall': 0.4918918918918919, 'f1-score': 0.47720891442338875, 'support': 185.0}, 'auc': {'ovo': 0.6638558790519574}}, 'concept_2': {'0': {'precision': 0.7961783439490446, 'recall': 0.9124087591240876, 'f1-score': 0.8503401360544217, 'support': 137.0}, '1': {'precision': 0.42857142857142855, 'recall': 0.2857142857142857, 'f1-score': 0.34285714285714286, 'support': 42.0}, '2': {'precision': nan, 'recall': 0.0, 'f1-score': 0.0, 'support': 6.0}, 'accuracy': 0.7405405405405405, 'macro avg': {'precision': 0.6123748862602366, 'recall': 0.3993743482794578, 'f1-score': 0.39773242630385486, 'support': 185.0}, 'weighted avg': {'precision': 0.7099242073799951, 'recall': 0.7405405405405405, 'f1-score': 0.707549181834896, 'support': 185.0}, 'auc': {'ovo': 0.6550901788128066}}}}
2026-06-12 04:20:19,778 | INFO | training fold 2
2026-06-12 04:20:19,781 | INFO | train set size: 739
2026-06-12 04:20:19,781 | INFO | val set size: 185
2026-06-12 04:20:19,784 | INFO | cpu_count: 30
2026-06-12 04:20:19,785 | INFO | num_workers: 2
2026-06-12 04:20:19,987 | INFO | completed building dataloaders
2026-06-12 04:20:19,987 | INFO | training starts
2026-06-12 04:20:31,645 | INFO | model initialized
2026-06-12 04:20:31,802 | INFO | LR scheduler: <torch.optim.lr_scheduler.CosineAnnealingLR object at 0x711913248d90>
2026-06-12 04:20:31,802 | INFO | Parameters by layer:
2026-06-12 04:20:31,803 | INFO | Total parameters: 304.4106M
2026-06-12 04:20:31,803 | INFO | Trainable parameters: 1.0599M
2026-06-12 04:20:31,803 | INFO | ======== starting epoch 1 ========
2026-06-12 04:20:31,803 | INFO | epoch 1 LR at start of epoch: 0.001000
2026-06-12 04:20:31,803 | INFO | [VALIDATION STEP]
2026-06-12 04:20:44,151 | INFO | [epoch 1 | val | batch 0 start] allocated=2939.9MB | reserved=14188.0MB | peak=12395.9MB
2026-06-12 04:21:32,526 | INFO | [epoch 1 | val | batch 10 start] allocated=2939.9MB | reserved=14188.0MB | peak=12395.9MB
2026-06-12 04:22:19,676 | INFO | [epoch 1 | val | batch 20 start] allocated=2939.9MB | reserved=14188.0MB | peak=12395.9MB
2026-06-12 04:22:31,992 | INFO | epoch 1 val loss (mean of batches): 1.43
2026-06-12 04:22:31,992 | INFO | epoch 1 val loss history: [1.434000015258789]
2026-06-12 04:22:31,992 | INFO | epoch 1 val c-index (total sample): 0.50
2026-06-12 04:22:31,992 | INFO | epoch 1 val c-index history: [0.501]
2026-06-12 04:22:31,995 | INFO | [TRAINING STEP]
2026-06-12 04:22:42,592 | INFO | [epoch 1 | train | batch 0 start] allocated=2351.9MB | reserved=14188.0MB | peak=12395.9MB
2026-06-12 04:22:42,830 | INFO |     task_logits from  -0.416015625 to 0.0654296875
2026-06-12 04:23:25,725 | INFO | [epoch 1 | train | batch 10 start] allocated=2364.0MB | reserved=14188.0MB | peak=12395.9MB
2026-06-12 04:24:08,891 | INFO | [epoch 1 | train | batch 20 start] allocated=2364.0MB | reserved=14188.0MB | peak=12395.9MB
2026-06-12 04:24:50,670 | INFO | [epoch 1 | train | batch 30 start] allocated=2364.0MB | reserved=14188.0MB | peak=12395.9MB
2026-06-12 04:25:34,203 | INFO | [epoch 1 | train | batch 40 start] allocated=2364.0MB | reserved=14188.0MB | peak=12395.9MB
2026-06-12 04:26:19,959 | INFO | [epoch 1 | train | batch 50 start] allocated=2364.0MB | reserved=14188.0MB | peak=12395.9MB
2026-06-12 04:27:03,715 | INFO | [epoch 1 | train | batch 60 start] allocated=2364.0MB | reserved=14188.0MB | peak=12395.9MB
2026-06-12 04:27:46,636 | INFO | [epoch 1 | train | batch 70 start] allocated=2364.0MB | reserved=14188.0MB | peak=12395.9MB
2026-06-12 04:28:30,950 | INFO | [epoch 1 | train | batch 80 start] allocated=2364.0MB | reserved=14188.0MB | peak=12395.9MB
2026-06-12 04:29:09,136 | INFO | [epoch 1 | train | batch 90 start] allocated=2364.0MB | reserved=14188.0MB | peak=12395.9MB
2026-06-12 04:29:09,609 | INFO | epoch 1 train total loss: 1.08
2026-06-12 04:29:09,610 | INFO | epoch 1 train concept loss: 0.92
2026-06-12 04:29:09,610 | INFO | epoch 1 train task loss: 0.16
2026-06-12 04:29:09,610 | INFO | epoch 1 train total loss history: [1.0750000476837158]
2026-06-12 04:29:09,610 | INFO | epoch 1 train concept loss history: [0.9160000085830688]
2026-06-12 04:29:09,610 | INFO | epoch 1 train task loss history: [0.1589999943971634]
2026-06-12 04:29:09,610 | INFO | epoch 1 complete
2026-06-12 04:29:09,610 | INFO | ======== starting epoch 2 ========
2026-06-12 04:29:09,610 | INFO | epoch 2 LR at start of epoch: 0.000976
2026-06-12 04:29:09,610 | INFO | [VALIDATION STEP]
2026-06-12 04:29:21,335 | INFO | [epoch 2 | val | batch 0 start] allocated=2952.0MB | reserved=14188.0MB | peak=12408.0MB
2026-06-12 04:30:09,096 | INFO | [epoch 2 | val | batch 10 start] allocated=2952.0MB | reserved=14188.0MB | peak=12408.0MB
2026-06-12 04:30:57,962 | INFO | [epoch 2 | val | batch 20 start] allocated=2952.0MB | reserved=14188.0MB | peak=12408.0MB
2026-06-12 04:31:10,275 | INFO | epoch 2 val loss (mean of batches): 0.96
2026-06-12 04:31:10,275 | INFO | epoch 2 val loss history: [1.434000015258789, 0.9620000123977661]
2026-06-12 04:31:10,275 | INFO | epoch 2 val c-index (total sample): 0.59
2026-06-12 04:31:10,275 | INFO | epoch 2 val c-index history: [0.501, 0.588]
2026-06-12 04:31:10,278 | INFO | [TRAINING STEP]
2026-06-12 04:31:19,795 | INFO | [epoch 2 | train | batch 0 start] allocated=2364.0MB | reserved=14188.0MB | peak=12408.0MB
2026-06-12 04:31:20,035 | INFO |     task_logits from  -1.8046875 to -0.30078125
2026-06-12 04:32:03,629 | INFO | [epoch 2 | train | batch 10 start] allocated=2364.0MB | reserved=14188.0MB | peak=12408.0MB
2026-06-12 04:32:47,974 | INFO | [epoch 2 | train | batch 20 start] allocated=2364.0MB | reserved=14188.0MB | peak=12408.0MB
2026-06-12 04:33:27,977 | INFO | [epoch 2 | train | batch 30 start] allocated=2364.0MB | reserved=14188.0MB | peak=12408.0MB
2026-06-12 04:34:11,163 | INFO | [epoch 2 | train | batch 40 start] allocated=2364.0MB | reserved=14188.0MB | peak=12408.0MB
2026-06-12 04:34:53,451 | INFO | [epoch 2 | train | batch 50 start] allocated=2364.0MB | reserved=14188.0MB | peak=12408.0MB
2026-06-12 04:35:37,078 | INFO | [epoch 2 | train | batch 60 start] allocated=2364.0MB | reserved=14188.0MB | peak=12408.0MB
2026-06-12 04:36:18,978 | INFO | [epoch 2 | train | batch 70 start] allocated=2364.0MB | reserved=14188.0MB | peak=12408.0MB
2026-06-12 04:36:59,610 | INFO | [epoch 2 | train | batch 80 start] allocated=2364.0MB | reserved=14188.0MB | peak=12408.0MB
2026-06-12 04:37:40,363 | INFO | [epoch 2 | train | batch 90 start] allocated=2364.0MB | reserved=14188.0MB | peak=12408.0MB
2026-06-12 04:37:40,837 | INFO | epoch 2 train total loss: 0.92
2026-06-12 04:37:40,837 | INFO | epoch 2 train concept loss: 0.79
2026-06-12 04:37:40,837 | INFO | epoch 2 train task loss: 0.13
2026-06-12 04:37:40,837 | INFO | epoch 2 train total loss history: [1.0750000476837158, 0.9229999780654907]
2026-06-12 04:37:40,837 | INFO | epoch 2 train concept loss history: [0.9160000085830688, 0.7889999747276306]
2026-06-12 04:37:40,837 | INFO | epoch 2 train task loss history: [0.1589999943971634, 0.1340000033378601]
2026-06-12 04:37:40,837 | INFO | epoch 2 complete
2026-06-12 04:37:40,837 | INFO | ======== starting epoch 3 ========
2026-06-12 04:37:40,837 | INFO | epoch 3 LR at start of epoch: 0.000905
2026-06-12 04:37:40,837 | INFO | [VALIDATION STEP]
2026-06-12 04:37:53,321 | INFO | [epoch 3 | val | batch 0 start] allocated=2952.0MB | reserved=14188.0MB | peak=12408.0MB
2026-06-12 04:38:43,130 | INFO | [epoch 3 | val | batch 10 start] allocated=2952.0MB | reserved=14188.0MB | peak=12408.0MB
2026-06-12 04:39:33,860 | INFO | [epoch 3 | val | batch 20 start] allocated=2952.0MB | reserved=14188.0MB | peak=12408.0MB
2026-06-12 04:39:46,169 | INFO | epoch 3 val loss (mean of batches): 0.93
2026-06-12 04:39:46,169 | INFO | epoch 3 val loss history: [1.434000015258789, 0.9620000123977661, 0.9279999732971191]
2026-06-12 04:39:46,169 | INFO | epoch 3 val c-index (total sample): 0.64
2026-06-12 04:39:46,169 | INFO | epoch 3 val c-index history: [0.501, 0.588, 0.638]
2026-06-12 04:39:46,171 | INFO | [TRAINING STEP]
2026-06-12 04:39:55,693 | INFO | [epoch 3 | train | batch 0 start] allocated=2364.0MB | reserved=14188.0MB | peak=12408.0MB
2026-06-12 04:39:55,927 | INFO |     task_logits from  -1.7734375 to -0.416015625
2026-06-12 04:40:38,688 | INFO | [epoch 3 | train | batch 10 start] allocated=2364.0MB | reserved=14188.0MB | peak=12408.0MB
2026-06-12 04:41:20,512 | INFO | [epoch 3 | train | batch 20 start] allocated=2364.0MB | reserved=14188.0MB | peak=12408.0MB
2026-06-12 04:42:00,270 | INFO | [epoch 3 | train | batch 30 start] allocated=2364.0MB | reserved=14188.0MB | peak=12408.0MB
2026-06-12 04:42:42,813 | INFO | [epoch 3 | train | batch 40 start] allocated=2364.0MB | reserved=14188.0MB | peak=12408.0MB
2026-06-12 04:43:27,170 | INFO | [epoch 3 | train | batch 50 start] allocated=2364.0MB | reserved=14188.0MB | peak=12408.0MB
2026-06-12 04:44:09,785 | INFO | [epoch 3 | train | batch 60 start] allocated=2364.0MB | reserved=14188.0MB | peak=12408.0MB
2026-06-12 04:44:50,555 | INFO | [epoch 3 | train | batch 70 start] allocated=2364.0MB | reserved=14188.0MB | peak=12408.0MB
2026-06-12 04:45:33,190 | INFO | [epoch 3 | train | batch 80 start] allocated=2364.0MB | reserved=14188.0MB | peak=12408.0MB
2026-06-12 04:46:16,872 | INFO | [epoch 3 | train | batch 90 start] allocated=2364.0MB | reserved=14188.0MB | peak=12408.0MB
2026-06-12 04:46:17,347 | INFO | epoch 3 train total loss: 0.83
2026-06-12 04:46:17,347 | INFO | epoch 3 train concept loss: 0.71
2026-06-12 04:46:17,347 | INFO | epoch 3 train task loss: 0.12
2026-06-12 04:46:17,347 | INFO | epoch 3 train total loss history: [1.0750000476837158, 0.9229999780654907, 0.8339999914169312]
2026-06-12 04:46:17,347 | INFO | epoch 3 train concept loss history: [0.9160000085830688, 0.7889999747276306, 0.7099999785423279]
2026-06-12 04:46:17,348 | INFO | epoch 3 train task loss history: [0.1589999943971634, 0.1340000033378601, 0.125]
2026-06-12 04:46:17,348 | INFO | epoch 3 complete
2026-06-12 04:46:17,348 | INFO | ======== starting epoch 4 ========
2026-06-12 04:46:17,348 | INFO | epoch 4 LR at start of epoch: 0.000794
2026-06-12 04:46:17,348 | INFO | [VALIDATION STEP]
2026-06-12 04:46:29,013 | INFO | [epoch 4 | val | batch 0 start] allocated=2952.0MB | reserved=14188.0MB | peak=12408.0MB
2026-06-12 04:47:17,032 | INFO | [epoch 4 | val | batch 10 start] allocated=2952.0MB | reserved=14188.0MB | peak=12408.0MB
2026-06-12 04:48:05,604 | INFO | [epoch 4 | val | batch 20 start] allocated=2952.0MB | reserved=14188.0MB | peak=12408.0MB
2026-06-12 04:48:17,916 | INFO | epoch 4 val loss (mean of batches): 0.94
2026-06-12 04:48:17,916 | INFO | epoch 4 val loss history: [1.434000015258789, 0.9620000123977661, 0.9279999732971191, 0.9430000185966492]
2026-06-12 04:48:17,916 | INFO | epoch 4 val c-index (total sample): 0.66
2026-06-12 04:48:17,916 | INFO | epoch 4 val c-index history: [0.501, 0.588, 0.638, 0.659]
2026-06-12 04:48:17,919 | INFO | [TRAINING STEP]
2026-06-12 04:48:27,087 | INFO | [epoch 4 | train | batch 0 start] allocated=2364.0MB | reserved=14188.0MB | peak=12408.0MB
2026-06-12 04:48:27,322 | INFO |     task_logits from  -2.546875 to -1.0703125
2026-06-12 04:49:09,300 | INFO | [epoch 4 | train | batch 10 start] allocated=2364.0MB | reserved=14188.0MB | peak=12408.0MB
2026-06-12 04:49:52,540 | INFO | [epoch 4 | train | batch 20 start] allocated=2364.0MB | reserved=14188.0MB | peak=12408.0MB
2026-06-12 04:50:33,433 | INFO | [epoch 4 | train | batch 30 start] allocated=2364.0MB | reserved=14188.0MB | peak=12408.0MB
2026-06-12 04:51:16,667 | INFO | [epoch 4 | train | batch 40 start] allocated=2364.0MB | reserved=14188.0MB | peak=12408.0MB
2026-06-12 04:52:00,086 | INFO | [epoch 4 | train | batch 50 start] allocated=2364.0MB | reserved=14188.0MB | peak=12408.0MB
2026-06-12 04:52:38,965 | INFO | [epoch 4 | train | batch 60 start] allocated=2364.0MB | reserved=14188.0MB | peak=12408.0MB
2026-06-12 04:53:18,964 | INFO | [epoch 4 | train | batch 70 start] allocated=2364.0MB | reserved=14188.0MB | peak=12408.0MB
2026-06-12 04:54:02,328 | INFO | [epoch 4 | train | batch 80 start] allocated=2364.0MB | reserved=14188.0MB | peak=12408.0MB
2026-06-12 04:54:42,537 | INFO | [epoch 4 | train | batch 90 start] allocated=2364.0MB | reserved=14188.0MB | peak=12408.0MB
2026-06-12 04:54:44,184 | INFO | epoch 4 train total loss: 0.77
2026-06-12 04:54:44,184 | INFO | epoch 4 train concept loss: 0.66
2026-06-12 04:54:44,184 | INFO | epoch 4 train task loss: 0.11
2026-06-12 04:54:44,184 | INFO | epoch 4 train total loss history: [1.0750000476837158, 0.9229999780654907, 0.8339999914169312, 0.7699999809265137]
2026-06-12 04:54:44,184 | INFO | epoch 4 train concept loss history: [0.9160000085830688, 0.7889999747276306, 0.7099999785423279, 0.6639999747276306]
2026-06-12 04:54:44,184 | INFO | epoch 4 train task loss history: [0.1589999943971634, 0.1340000033378601, 0.125, 0.10599999874830246]
2026-06-12 04:54:44,184 | INFO | epoch 4 complete
2026-06-12 04:54:44,184 | INFO | ======== starting epoch 5 ========
2026-06-12 04:54:44,184 | INFO | epoch 5 LR at start of epoch: 0.000655
2026-06-12 04:54:44,184 | INFO | [VALIDATION STEP]
2026-06-12 04:54:56,011 | INFO | [epoch 5 | val | batch 0 start] allocated=2952.0MB | reserved=14188.0MB | peak=12408.0MB
2026-06-12 04:55:45,773 | INFO | [epoch 5 | val | batch 10 start] allocated=2952.0MB | reserved=14188.0MB | peak=12408.0MB
2026-06-12 04:56:33,716 | INFO | [epoch 5 | val | batch 20 start] allocated=2952.0MB | reserved=14188.0MB | peak=12408.0MB
2026-06-12 04:56:46,065 | INFO | epoch 5 val loss (mean of batches): 0.99
2026-06-12 04:56:46,065 | INFO | epoch 5 val loss history: [1.434000015258789, 0.9620000123977661, 0.9279999732971191, 0.9430000185966492, 0.9890000224113464]
2026-06-12 04:56:46,065 | INFO | epoch 5 val c-index (total sample): 0.60
2026-06-12 04:56:46,065 | INFO | epoch 5 val c-index history: [0.501, 0.588, 0.638, 0.659, 0.603]
2026-06-12 04:56:46,068 | INFO | [TRAINING STEP]
2026-06-12 04:56:54,968 | INFO | [epoch 5 | train | batch 0 start] allocated=2364.0MB | reserved=14188.0MB | peak=12408.0MB
2026-06-12 04:56:55,211 | INFO |     task_logits from  -2.125 to -0.4140625
2026-06-12 04:57:37,348 | INFO | [epoch 5 | train | batch 10 start] allocated=2364.0MB | reserved=14188.0MB | peak=12408.0MB
2026-06-12 04:58:22,446 | INFO | [epoch 5 | train | batch 20 start] allocated=2364.0MB | reserved=14188.0MB | peak=12408.0MB
2026-06-12 04:59:03,736 | INFO | [epoch 5 | train | batch 30 start] allocated=2364.0MB | reserved=14188.0MB | peak=12408.0MB
2026-06-12 04:59:45,977 | INFO | [epoch 5 | train | batch 40 start] allocated=2364.0MB | reserved=14188.0MB | peak=12408.0MB
2026-06-12 05:00:28,329 | INFO | [epoch 5 | train | batch 50 start] allocated=2364.0MB | reserved=14188.0MB | peak=12408.0MB
2026-06-12 05:01:12,654 | INFO | [epoch 5 | train | batch 60 start] allocated=2364.0MB | reserved=14188.0MB | peak=12408.0MB
2026-06-12 05:01:54,199 | INFO | [epoch 5 | train | batch 70 start] allocated=2364.0MB | reserved=14188.0MB | peak=12408.0MB
2026-06-12 05:02:33,431 | INFO | [epoch 5 | train | batch 80 start] allocated=2364.0MB | reserved=14188.0MB | peak=12408.0MB
2026-06-12 05:03:13,386 | INFO | [epoch 5 | train | batch 90 start] allocated=2364.0MB | reserved=14188.0MB | peak=12408.0MB
2026-06-12 05:03:13,860 | INFO | epoch 5 train total loss: 0.69
2026-06-12 05:03:13,860 | INFO | epoch 5 train concept loss: 0.61
2026-06-12 05:03:13,860 | INFO | epoch 5 train task loss: 0.08
2026-06-12 05:03:13,860 | INFO | epoch 5 train total loss history: [1.0750000476837158, 0.9229999780654907, 0.8339999914169312, 0.7699999809265137, 0.6880000233650208]
2026-06-12 05:03:13,860 | INFO | epoch 5 train concept loss history: [0.9160000085830688, 0.7889999747276306, 0.7099999785423279, 0.6639999747276306, 0.6079999804496765]
2026-06-12 05:03:13,860 | INFO | epoch 5 train task loss history: [0.1589999943971634, 0.1340000033378601, 0.125, 0.10599999874830246, 0.08100000023841858]
2026-06-12 05:03:13,860 | INFO | epoch 5 complete
2026-06-12 05:03:13,860 | INFO | ======== starting epoch 6 ========
2026-06-12 05:03:13,860 | INFO | epoch 6 LR at start of epoch: 0.000500
2026-06-12 05:03:13,860 | INFO | [VALIDATION STEP]
2026-06-12 05:03:26,072 | INFO | [epoch 6 | val | batch 0 start] allocated=2952.0MB | reserved=14188.0MB | peak=12408.0MB
2026-06-12 05:04:22,529 | INFO | [epoch 6 | val | batch 10 start] allocated=2952.0MB | reserved=14188.0MB | peak=12408.0MB
2026-06-12 05:05:25,183 | INFO | [epoch 6 | val | batch 20 start] allocated=2952.0MB | reserved=14188.0MB | peak=12408.0MB
2026-06-12 05:05:37,499 | INFO | epoch 6 val loss (mean of batches): 1.00
2026-06-12 05:05:37,500 | INFO | epoch 6 val loss history: [1.434000015258789, 0.9620000123977661, 0.9279999732971191, 0.9430000185966492, 0.9890000224113464, 1.0019999742507935]
2026-06-12 05:05:37,500 | INFO | epoch 6 val c-index (total sample): 0.57
2026-06-12 05:05:37,500 | INFO | epoch 6 val c-index history: [0.501, 0.588, 0.638, 0.659, 0.603, 0.574]
2026-06-12 05:05:37,502 | INFO | [TRAINING STEP]
2026-06-12 05:05:49,061 | INFO | [epoch 6 | train | batch 0 start] allocated=2364.0MB | reserved=14188.0MB | peak=12408.0MB
2026-06-12 05:05:49,306 | INFO |     task_logits from  -2.890625 to 0.453125
2026-06-12 05:06:44,345 | INFO | [epoch 6 | train | batch 10 start] allocated=2364.0MB | reserved=14188.0MB | peak=12408.0MB
2026-06-12 05:07:40,791 | INFO | [epoch 6 | train | batch 20 start] allocated=2364.0MB | reserved=14188.0MB | peak=12408.0MB
2026-06-12 05:08:35,027 | INFO | [epoch 6 | train | batch 30 start] allocated=2364.0MB | reserved=14188.0MB | peak=12408.0MB
2026-06-12 05:09:23,533 | INFO | [epoch 6 | train | batch 40 start] allocated=2364.0MB | reserved=14188.0MB | peak=12408.0MB
2026-06-12 05:10:03,678 | INFO | [epoch 6 | train | batch 50 start] allocated=2364.0MB | reserved=14188.0MB | peak=12408.0MB
2026-06-12 05:10:44,233 | INFO | [epoch 6 | train | batch 60 start] allocated=2364.0MB | reserved=14188.0MB | peak=12408.0MB
2026-06-12 05:11:27,168 | INFO | [epoch 6 | train | batch 70 start] allocated=2364.0MB | reserved=14188.0MB | peak=12408.0MB
2026-06-12 05:12:15,189 | INFO | [epoch 6 | train | batch 80 start] allocated=2364.0MB | reserved=14188.0MB | peak=12408.0MB
2026-06-12 05:12:56,532 | INFO | [epoch 6 | train | batch 90 start] allocated=2364.0MB | reserved=14188.0MB | peak=12408.0MB
2026-06-12 05:12:57,943 | INFO | epoch 6 train total loss: 0.63
2026-06-12 05:12:57,943 | INFO | epoch 6 train concept loss: 0.56
2026-06-12 05:12:57,943 | INFO | epoch 6 train task loss: 0.07
2026-06-12 05:12:57,943 | INFO | epoch 6 train total loss history: [1.0750000476837158, 0.9229999780654907, 0.8339999914169312, 0.7699999809265137, 0.6880000233650208, 0.6290000081062317]
2026-06-12 05:12:57,943 | INFO | epoch 6 train concept loss history: [0.9160000085830688, 0.7889999747276306, 0.7099999785423279, 0.6639999747276306, 0.6079999804496765, 0.5550000071525574]
2026-06-12 05:12:57,943 | INFO | epoch 6 train task loss history: [0.1589999943971634, 0.1340000033378601, 0.125, 0.10599999874830246, 0.08100000023841858, 0.07400000095367432]
2026-06-12 05:12:57,943 | INFO | epoch 6 complete
2026-06-12 05:12:57,943 | INFO | ======== starting epoch 7 ========
2026-06-12 05:12:57,943 | INFO | epoch 7 LR at start of epoch: 0.000345
2026-06-12 05:12:57,943 | INFO | [VALIDATION STEP]
2026-06-12 05:13:10,610 | INFO | [epoch 7 | val | batch 0 start] allocated=2952.0MB | reserved=14188.0MB | peak=12408.0MB
2026-06-12 05:13:59,634 | INFO | [epoch 7 | val | batch 10 start] allocated=2952.0MB | reserved=14188.0MB | peak=12408.0MB
2026-06-12 05:14:47,675 | INFO | [epoch 7 | val | batch 20 start] allocated=2952.0MB | reserved=14188.0MB | peak=12408.0MB
2026-06-12 05:14:59,989 | INFO | epoch 7 val loss (mean of batches): 1.01
2026-06-12 05:14:59,989 | INFO | epoch 7 val loss history: [1.434000015258789, 0.9620000123977661, 0.9279999732971191, 0.9430000185966492, 0.9890000224113464, 1.0019999742507935, 1.0069999694824219]
2026-06-12 05:14:59,989 | INFO | epoch 7 val c-index (total sample): 0.57
2026-06-12 05:14:59,989 | INFO | epoch 7 val c-index history: [0.501, 0.588, 0.638, 0.659, 0.603, 0.574, 0.568]
2026-06-12 05:14:59,992 | INFO | [TRAINING STEP]
2026-06-12 05:15:09,524 | INFO | [epoch 7 | train | batch 0 start] allocated=2364.0MB | reserved=14188.0MB | peak=12408.0MB
2026-06-12 05:15:09,759 | INFO |     task_logits from  -3.0 to -1.09375
2026-06-12 05:15:52,727 | INFO | [epoch 7 | train | batch 10 start] allocated=2364.0MB | reserved=14188.0MB | peak=12408.0MB
2026-06-12 05:16:35,376 | INFO | [epoch 7 | train | batch 20 start] allocated=2364.0MB | reserved=14188.0MB | peak=12408.0MB
2026-06-12 05:17:15,936 | INFO | [epoch 7 | train | batch 30 start] allocated=2364.0MB | reserved=14188.0MB | peak=12408.0MB
2026-06-12 05:17:53,031 | INFO | [epoch 7 | train | batch 40 start] allocated=2364.0MB | reserved=14188.0MB | peak=12408.0MB
2026-06-12 05:18:25,169 | INFO | [epoch 7 | train | batch 50 start] allocated=2364.0MB | reserved=14188.0MB | peak=12408.0MB
2026-06-12 05:19:00,929 | INFO | [epoch 7 | train | batch 60 start] allocated=2364.0MB | reserved=14188.0MB | peak=12408.0MB
2026-06-12 05:19:35,223 | INFO | [epoch 7 | train | batch 70 start] allocated=2364.0MB | reserved=14188.0MB | peak=12408.0MB
2026-06-12 05:20:07,083 | INFO | [epoch 7 | train | batch 80 start] allocated=2364.0MB | reserved=14188.0MB | peak=12408.0MB
2026-06-12 05:20:37,222 | INFO | [epoch 7 | train | batch 90 start] allocated=2364.0MB | reserved=14188.0MB | peak=12408.0MB
2026-06-12 05:20:37,696 | INFO | epoch 7 train total loss: 0.58
2026-06-12 05:20:37,696 | INFO | epoch 7 train concept loss: 0.51
2026-06-12 05:20:37,696 | INFO | epoch 7 train task loss: 0.07
2026-06-12 05:20:37,696 | INFO | epoch 7 train total loss history: [1.0750000476837158, 0.9229999780654907, 0.8339999914169312, 0.7699999809265137, 0.6880000233650208, 0.6290000081062317, 0.5830000042915344]
2026-06-12 05:20:37,696 | INFO | epoch 7 train concept loss history: [0.9160000085830688, 0.7889999747276306, 0.7099999785423279, 0.6639999747276306, 0.6079999804496765, 0.5550000071525574, 0.5090000033378601]
2026-06-12 05:20:37,696 | INFO | epoch 7 train task loss history: [0.1589999943971634, 0.1340000033378601, 0.125, 0.10599999874830246, 0.08100000023841858, 0.07400000095367432, 0.07400000095367432]
2026-06-12 05:20:37,696 | INFO | epoch 7 complete
2026-06-12 05:20:37,696 | INFO | ======== starting epoch 8 ========
2026-06-12 05:20:37,696 | INFO | epoch 8 LR at start of epoch: 0.000206
2026-06-12 05:20:37,696 | INFO | [VALIDATION STEP]
2026-06-12 05:20:47,689 | INFO | [epoch 8 | val | batch 0 start] allocated=2952.0MB | reserved=14188.0MB | peak=12408.0MB
2026-06-12 05:21:34,616 | INFO | [epoch 8 | val | batch 10 start] allocated=2952.0MB | reserved=14188.0MB | peak=12408.0MB
2026-06-12 05:22:21,465 | INFO | [epoch 8 | val | batch 20 start] allocated=2952.0MB | reserved=14188.0MB | peak=12408.0MB
2026-06-12 05:22:33,774 | INFO | epoch 8 val loss (mean of batches): 1.03
2026-06-12 05:22:33,774 | INFO | epoch 8 val loss history: [1.434000015258789, 0.9620000123977661, 0.9279999732971191, 0.9430000185966492, 0.9890000224113464, 1.0019999742507935, 1.0069999694824219, 1.027999997138977]
2026-06-12 05:22:33,774 | INFO | epoch 8 val c-index (total sample): 0.59
2026-06-12 05:22:33,774 | INFO | epoch 8 val c-index history: [0.501, 0.588, 0.638, 0.659, 0.603, 0.574, 0.568, 0.593]
2026-06-12 05:22:33,777 | INFO | [TRAINING STEP]
2026-06-12 05:22:40,829 | INFO | [epoch 8 | train | batch 0 start] allocated=2364.0MB | reserved=14188.0MB | peak=12408.0MB
2026-06-12 05:22:41,064 | INFO |     task_logits from  -4.4375 to 0.6015625
2026-06-12 05:23:12,904 | INFO | [epoch 8 | train | batch 10 start] allocated=2364.0MB | reserved=14188.0MB | peak=12408.0MB
2026-06-12 05:23:43,730 | INFO | [epoch 8 | train | batch 20 start] allocated=2364.0MB | reserved=14188.0MB | peak=12408.0MB
2026-06-12 05:24:17,398 | INFO | [epoch 8 | train | batch 30 start] allocated=2364.0MB | reserved=14188.0MB | peak=12408.0MB
2026-06-12 05:24:48,064 | INFO | [epoch 8 | train | batch 40 start] allocated=2364.0MB | reserved=14188.0MB | peak=12408.0MB
2026-06-12 05:25:19,108 | INFO | [epoch 8 | train | batch 50 start] allocated=2364.0MB | reserved=14188.0MB | peak=12408.0MB
2026-06-12 05:25:51,807 | INFO | [epoch 8 | train | batch 60 start] allocated=2364.0MB | reserved=14188.0MB | peak=12408.0MB
2026-06-12 05:26:23,257 | INFO | [epoch 8 | train | batch 70 start] allocated=2364.0MB | reserved=14188.0MB | peak=12408.0MB
2026-06-12 05:26:55,210 | INFO | [epoch 8 | train | batch 80 start] allocated=2364.0MB | reserved=14188.0MB | peak=12408.0MB
2026-06-12 05:27:27,402 | INFO | [epoch 8 | train | batch 90 start] allocated=2364.0MB | reserved=14188.0MB | peak=12408.0MB
2026-06-12 05:27:29,096 | INFO | epoch 8 train total loss: 0.56
2026-06-12 05:27:29,096 | INFO | epoch 8 train concept loss: 0.48
2026-06-12 05:27:29,096 | INFO | epoch 8 train task loss: 0.08
2026-06-12 05:27:29,096 | INFO | epoch 8 train total loss history: [1.0750000476837158, 0.9229999780654907, 0.8339999914169312, 0.7699999809265137, 0.6880000233650208, 0.6290000081062317, 0.5830000042915344, 0.5600000023841858]
2026-06-12 05:27:29,096 | INFO | epoch 8 train concept loss history: [0.9160000085830688, 0.7889999747276306, 0.7099999785423279, 0.6639999747276306, 0.6079999804496765, 0.5550000071525574, 0.5090000033378601, 0.48100000619888306]
2026-06-12 05:27:29,096 | INFO | epoch 8 train task loss history: [0.1589999943971634, 0.1340000033378601, 0.125, 0.10599999874830246, 0.08100000023841858, 0.07400000095367432, 0.07400000095367432, 0.07900000363588333]
2026-06-12 05:27:29,096 | INFO | epoch 8 complete
2026-06-12 05:27:29,096 | INFO | ======== starting epoch 9 ========
2026-06-12 05:27:29,096 | INFO | epoch 9 LR at start of epoch: 0.000095
2026-06-12 05:27:29,096 | INFO | [VALIDATION STEP]
2026-06-12 05:27:38,841 | INFO | [epoch 9 | val | batch 0 start] allocated=2952.0MB | reserved=14188.0MB | peak=12408.0MB
2026-06-12 05:28:25,702 | INFO | [epoch 9 | val | batch 10 start] allocated=2952.0MB | reserved=14188.0MB | peak=12408.0MB
2026-06-12 05:29:12,584 | INFO | [epoch 9 | val | batch 20 start] allocated=2952.0MB | reserved=14188.0MB | peak=12408.0MB
2026-06-12 05:29:24,894 | INFO | epoch 9 val loss (mean of batches): 0.98
2026-06-12 05:29:24,894 | INFO | epoch 9 val loss history: [1.434000015258789, 0.9620000123977661, 0.9279999732971191, 0.9430000185966492, 0.9890000224113464, 1.0019999742507935, 1.0069999694824219, 1.027999997138977, 0.9760000109672546]
2026-06-12 05:29:24,894 | INFO | epoch 9 val c-index (total sample): 0.67
2026-06-12 05:29:24,894 | INFO | epoch 9 val c-index history: [0.501, 0.588, 0.638, 0.659, 0.603, 0.574, 0.568, 0.593, 0.671]
2026-06-12 05:29:24,896 | INFO | [TRAINING STEP]
2026-06-12 05:29:31,316 | INFO | [epoch 9 | train | batch 0 start] allocated=2364.0MB | reserved=14188.0MB | peak=12408.0MB
2026-06-12 05:29:31,564 | INFO |     task_logits from  -3.984375 to -1.0390625
2026-06-12 05:30:04,398 | INFO | [epoch 9 | train | batch 10 start] allocated=2364.0MB | reserved=14188.0MB | peak=12408.0MB
2026-06-12 05:30:35,584 | INFO | [epoch 9 | train | batch 20 start] allocated=2364.0MB | reserved=14188.0MB | peak=12408.0MB
2026-06-12 05:31:08,919 | INFO | [epoch 9 | train | batch 30 start] allocated=2364.0MB | reserved=14188.0MB | peak=12408.0MB
2026-06-12 05:31:43,194 | INFO | [epoch 9 | train | batch 40 start] allocated=2364.0MB | reserved=14188.0MB | peak=12408.0MB
2026-06-12 05:32:15,735 | INFO | [epoch 9 | train | batch 50 start] allocated=2364.0MB | reserved=14188.0MB | peak=12408.0MB
2026-06-12 05:32:48,641 | INFO | [epoch 9 | train | batch 60 start] allocated=2364.0MB | reserved=14188.0MB | peak=12408.0MB
2026-06-12 05:33:22,186 | INFO | [epoch 9 | train | batch 70 start] allocated=2364.0MB | reserved=14188.0MB | peak=12408.0MB
2026-06-12 05:33:54,493 | INFO | [epoch 9 | train | batch 80 start] allocated=2364.0MB | reserved=14188.0MB | peak=12408.0MB
2026-06-12 05:34:26,980 | INFO | [epoch 9 | train | batch 90 start] allocated=2364.0MB | reserved=14188.0MB | peak=12408.0MB
2026-06-12 05:34:31,948 | INFO | epoch 9 train total loss: 0.52
2026-06-12 05:34:31,948 | INFO | epoch 9 train concept loss: 0.45
2026-06-12 05:34:31,948 | INFO | epoch 9 train task loss: 0.07
2026-06-12 05:34:31,948 | INFO | epoch 9 train total loss history: [1.0750000476837158, 0.9229999780654907, 0.8339999914169312, 0.7699999809265137, 0.6880000233650208, 0.6290000081062317, 0.5830000042915344, 0.5600000023841858, 0.5199999809265137]
2026-06-12 05:34:31,948 | INFO | epoch 9 train concept loss history: [0.9160000085830688, 0.7889999747276306, 0.7099999785423279, 0.6639999747276306, 0.6079999804496765, 0.5550000071525574, 0.5090000033378601, 0.48100000619888306, 0.45399999618530273]
2026-06-12 05:34:31,948 | INFO | epoch 9 train task loss history: [0.1589999943971634, 0.1340000033378601, 0.125, 0.10599999874830246, 0.08100000023841858, 0.07400000095367432, 0.07400000095367432, 0.07900000363588333, 0.06599999964237213]
2026-06-12 05:34:31,948 | INFO | epoch 9 complete
2026-06-12 05:34:31,949 | INFO | ======== starting epoch 10 ========
2026-06-12 05:34:31,949 | INFO | epoch 10 LR at start of epoch: 0.000024
2026-06-12 05:34:31,949 | INFO | [VALIDATION STEP]
2026-06-12 05:34:42,140 | INFO | [epoch 10 | val | batch 0 start] allocated=2952.0MB | reserved=14188.0MB | peak=12408.0MB
2026-06-12 05:35:29,006 | INFO | [epoch 10 | val | batch 10 start] allocated=2952.0MB | reserved=14188.0MB | peak=12408.0MB
2026-06-12 05:36:15,866 | INFO | [epoch 10 | val | batch 20 start] allocated=2952.0MB | reserved=14188.0MB | peak=12408.0MB
2026-06-12 05:36:28,176 | INFO | epoch 10 val loss (mean of batches): 1.00
2026-06-12 05:36:28,176 | INFO | epoch 10 val loss history: [1.434000015258789, 0.9620000123977661, 0.9279999732971191, 0.9430000185966492, 0.9890000224113464, 1.0019999742507935, 1.0069999694824219, 1.027999997138977, 0.9760000109672546, 1.003999948501587]
2026-06-12 05:36:28,176 | INFO | epoch 10 val c-index (total sample): 0.61
2026-06-12 05:36:28,176 | INFO | epoch 10 val c-index history: [0.501, 0.588, 0.638, 0.659, 0.603, 0.574, 0.568, 0.593, 0.671, 0.61]
2026-06-12 05:36:28,178 | INFO | [TRAINING STEP]
2026-06-12 05:36:35,414 | INFO | [epoch 10 | train | batch 0 start] allocated=2364.0MB | reserved=14188.0MB | peak=12408.0MB
2026-06-12 05:36:35,660 | INFO |     task_logits from  -2.34375 to 0.10009765625
2026-06-12 05:37:06,374 | INFO | [epoch 10 | train | batch 10 start] allocated=2364.0MB | reserved=14188.0MB | peak=12408.0MB
2026-06-12 05:37:40,904 | INFO | [epoch 10 | train | batch 20 start] allocated=2364.0MB | reserved=14188.0MB | peak=12408.0MB
2026-06-12 05:38:13,274 | INFO | [epoch 10 | train | batch 30 start] allocated=2364.0MB | reserved=14188.0MB | peak=12408.0MB
2026-06-12 05:38:46,742 | INFO | [epoch 10 | train | batch 40 start] allocated=2364.0MB | reserved=14188.0MB | peak=12408.0MB
2026-06-12 05:39:19,151 | INFO | [epoch 10 | train | batch 50 start] allocated=2364.0MB | reserved=14188.0MB | peak=12408.0MB
2026-06-12 05:39:50,769 | INFO | [epoch 10 | train | batch 60 start] allocated=2364.0MB | reserved=14188.0MB | peak=12408.0MB
2026-06-12 05:40:22,957 | INFO | [epoch 10 | train | batch 70 start] allocated=2364.0MB | reserved=14188.0MB | peak=12408.0MB
2026-06-12 05:40:54,963 | INFO | [epoch 10 | train | batch 80 start] allocated=2364.0MB | reserved=14188.0MB | peak=12408.0MB
2026-06-12 05:41:26,637 | INFO | [epoch 10 | train | batch 90 start] allocated=2364.0MB | reserved=14188.0MB | peak=12408.0MB
2026-06-12 05:41:30,949 | INFO | epoch 10 train total loss: 0.50
2026-06-12 05:41:30,950 | INFO | epoch 10 train concept loss: 0.44
2026-06-12 05:41:30,950 | INFO | epoch 10 train task loss: 0.06
2026-06-12 05:41:30,950 | INFO | epoch 10 train total loss history: [1.0750000476837158, 0.9229999780654907, 0.8339999914169312, 0.7699999809265137, 0.6880000233650208, 0.6290000081062317, 0.5830000042915344, 0.5600000023841858, 0.5199999809265137, 0.4959999918937683]
2026-06-12 05:41:30,950 | INFO | epoch 10 train concept loss history: [0.9160000085830688, 0.7889999747276306, 0.7099999785423279, 0.6639999747276306, 0.6079999804496765, 0.5550000071525574, 0.5090000033378601, 0.48100000619888306, 0.45399999618530273, 0.4350000023841858]
2026-06-12 05:41:30,950 | INFO | epoch 10 train task loss history: [0.1589999943971634, 0.1340000033378601, 0.125, 0.10599999874830246, 0.08100000023841858, 0.07400000095367432, 0.07400000095367432, 0.07900000363588333, 0.06599999964237213, 0.061000000685453415]
2026-06-12 05:41:30,950 | INFO | epoch 10 complete
2026-06-12 05:41:30,976 | INFO | training complete
2026-06-12 05:41:30,976 | INFO | predicting on the validation set
2026-06-12 05:42:56,820 | INFO |   starting batch 1 of validation
2026-06-12 05:42:59,192 | INFO |   starting batch 2 of validation
2026-06-12 05:43:04,323 | INFO |   starting batch 3 of validation
2026-06-12 05:43:06,674 | INFO |   starting batch 4 of validation
2026-06-12 05:43:11,408 | INFO |   starting batch 5 of validation
2026-06-12 05:43:13,767 | INFO |   starting batch 6 of validation
2026-06-12 05:43:18,793 | INFO |   starting batch 7 of validation
2026-06-12 05:43:21,142 | INFO |   starting batch 8 of validation
2026-06-12 05:43:25,995 | INFO |   starting batch 9 of validation
2026-06-12 05:43:28,347 | INFO |   starting batch 10 of validation
2026-06-12 05:43:33,113 | INFO |   starting batch 11 of validation
2026-06-12 05:43:35,464 | INFO |   starting batch 12 of validation
2026-06-12 05:43:40,322 | INFO |   starting batch 13 of validation
2026-06-12 05:43:42,671 | INFO |   starting batch 14 of validation
2026-06-12 05:43:47,512 | INFO |   starting batch 15 of validation
2026-06-12 05:43:49,937 | INFO |   starting batch 16 of validation
2026-06-12 05:43:55,037 | INFO |   starting batch 17 of validation
2026-06-12 05:43:57,684 | INFO |   starting batch 18 of validation
2026-06-12 05:44:02,167 | INFO |   starting batch 19 of validation
2026-06-12 05:44:05,370 | INFO |   starting batch 20 of validation
2026-06-12 05:44:09,843 | INFO |   starting batch 21 of validation
2026-06-12 05:44:13,048 | INFO |   starting batch 22 of validation
2026-06-12 05:44:15,882 | INFO |   starting batch 23 of validation
2026-06-12 05:44:18,227 | INFO |   starting batch 24 of validation
2026-06-12 05:44:18,537 | INFO | measuring performance
2026-06-12 05:44:18,537 | INFO | y_test: (185, 2)
2026-06-12 05:44:18,537 | INFO | y_probs: (185, 1)
2026-06-12 05:44:18,537 | INFO | c_test: (185, 3)
2026-06-12 05:44:18,537 | INFO | c_probs: (185, 10)
2026-06-12 05:44:18,561 | INFO | results: {'task': {'c_index': 0.6303526448362721}, 'concepts': {'concept_0': {'0': {'precision': 0.2, 'recall': 0.16129032258064516, 'f1-score': 0.17857142857142858, 'support': 31.0}, '1': {'precision': 0.6190476190476191, 'recall': 0.7027027027027027, 'f1-score': 0.6582278481012658, 'support': 111.0}, '2': {'precision': 0.2727272727272727, 'recall': 0.225, 'f1-score': 0.2465753424657534, 'support': 40.0}, '3': {'precision': 0.0, 'recall': 0.0, 'f1-score': 0.0, 'support': 3.0}, 'accuracy': 0.4972972972972973, 'macro avg': {'precision': 0.27294372294372293, 'recall': 0.272248256320837, 'f1-score': 0.2708436547846119, 'support': 185.0}, 'weighted avg': {'precision': 0.46391014391014396, 'recall': 0.4972972972972973, 'f1-score': 0.4781730763437024, 'support': 185.0}, 'auc': {'ovo': 0.6367050518260196}}, 'concept_1': {'0': {'precision': 0.6486486486486487, 'recall': 0.8, 'f1-score': 0.7164179104477612, 'support': 90.0}, '1': {'precision': 0.5294117647058824, 'recall': 0.4426229508196721, 'f1-score': 0.48214285714285715, 'support': 61.0}, '2': {'precision': 0.34782608695652173, 'recall': 0.23529411764705882, 'f1-score': 0.2807017543859649, 'support': 34.0}, 'accuracy': 0.5783783783783784, 'macro avg': {'precision': 0.5086288334370176, 'recall': 0.4926390228222437, 'f1-score': 0.4930875073255277, 'support': 185.0}, 'weighted avg': {'precision': 0.5540463944970753, 'recall': 0.5783783783783784, 'f1-score': 0.5590928966223546, 'support': 185.0}, 'auc': {'ovo': 0.720813243330119}}, 'concept_2': {'0': {'precision': 0.8235294117647058, 'recall': 0.9064748201438849, 'f1-score': 0.863013698630137, 'support': 139.0}, '1': {'precision': 0.5483870967741935, 'recall': 0.37777777777777777, 'f1-score': 0.4473684210526316, 'support': 45.0}, '2': {'precision': 0.0, 'recall': 0.0, 'f1-score': 0.0, 'support': 1.0}, 'accuracy': 0.772972972972973, 'macro avg': {'precision': 0.4573055028462998, 'recall': 0.4280841993072209, 'f1-score': 0.4367940398942562, 'support': 185.0}, 'weighted avg': {'precision': 0.7521513923790965, 'recall': 0.772972972972973, 'f1-score': 0.7572458543619321, 'support': 185.0}, 'auc': {'ovo': 0.7431654676258993}}}}
2026-06-12 05:44:18,836 | INFO | training fold 3
2026-06-12 05:44:18,839 | INFO | train set size: 739
2026-06-12 05:44:18,839 | INFO | val set size: 185
2026-06-12 05:44:18,842 | INFO | cpu_count: 30
2026-06-12 05:44:18,842 | INFO | num_workers: 2
2026-06-12 05:44:19,017 | INFO | completed building dataloaders
2026-06-12 05:44:19,017 | INFO | training starts
2026-06-12 05:44:31,271 | INFO | model initialized
2026-06-12 05:44:31,427 | INFO | LR scheduler: <torch.optim.lr_scheduler.CosineAnnealingLR object at 0x7119131f5240>
2026-06-12 05:44:31,428 | INFO | Parameters by layer:
2026-06-12 05:44:31,428 | INFO | Total parameters: 304.4106M
2026-06-12 05:44:31,428 | INFO | Trainable parameters: 1.0599M
2026-06-12 05:44:31,428 | INFO | ======== starting epoch 1 ========
2026-06-12 05:44:31,428 | INFO | epoch 1 LR at start of epoch: 0.001000
2026-06-12 05:44:31,428 | INFO | [VALIDATION STEP]
2026-06-12 05:44:41,931 | INFO | [epoch 1 | val | batch 0 start] allocated=2939.9MB | reserved=14190.0MB | peak=12395.9MB
2026-06-12 05:45:28,977 | INFO | [epoch 1 | val | batch 10 start] allocated=2939.9MB | reserved=14190.0MB | peak=12395.9MB
2026-06-12 05:46:15,844 | INFO | [epoch 1 | val | batch 20 start] allocated=2939.9MB | reserved=14190.0MB | peak=12395.9MB
2026-06-12 05:46:28,154 | INFO | epoch 1 val loss (mean of batches): 1.53
2026-06-12 05:46:28,154 | INFO | epoch 1 val loss history: [1.5269999504089355]
2026-06-12 05:46:28,154 | INFO | epoch 1 val c-index (total sample): 0.48
2026-06-12 05:46:28,154 | INFO | epoch 1 val c-index history: [0.48]
2026-06-12 05:46:28,157 | INFO | [TRAINING STEP]
2026-06-12 05:46:35,832 | INFO | [epoch 1 | train | batch 0 start] allocated=2351.9MB | reserved=14190.0MB | peak=12395.9MB
2026-06-12 05:46:36,077 | INFO |     task_logits from  0.080078125 to 0.384765625
2026-06-12 05:47:11,338 | INFO | [epoch 1 | train | batch 10 start] allocated=2364.0MB | reserved=14190.0MB | peak=12395.9MB
2026-06-12 05:47:45,998 | INFO | [epoch 1 | train | batch 20 start] allocated=2364.0MB | reserved=14190.0MB | peak=12395.9MB
2026-06-12 05:48:20,766 | INFO | [epoch 1 | train | batch 30 start] allocated=2364.0MB | reserved=14190.0MB | peak=12395.9MB
2026-06-12 05:48:55,066 | INFO | [epoch 1 | train | batch 40 start] allocated=2364.0MB | reserved=14190.0MB | peak=12395.9MB
2026-06-12 05:49:29,098 | INFO | [epoch 1 | train | batch 50 start] allocated=2364.0MB | reserved=14190.0MB | peak=12395.9MB
2026-06-12 05:50:03,242 | INFO | [epoch 1 | train | batch 60 start] allocated=2364.0MB | reserved=14190.0MB | peak=12395.9MB
2026-06-12 05:50:36,268 | INFO | [epoch 1 | train | batch 70 start] allocated=2364.0MB | reserved=14190.0MB | peak=12395.9MB
2026-06-12 05:51:10,845 | INFO | [epoch 1 | train | batch 80 start] allocated=2364.0MB | reserved=14190.0MB | peak=12395.9MB
2026-06-12 05:51:45,478 | INFO | [epoch 1 | train | batch 90 start] allocated=2364.0MB | reserved=14190.0MB | peak=12395.9MB
2026-06-12 05:51:46,460 | INFO | epoch 1 train total loss: 1.07
2026-06-12 05:51:46,460 | INFO | epoch 1 train concept loss: 0.92
2026-06-12 05:51:46,460 | INFO | epoch 1 train task loss: 0.15
2026-06-12 05:51:46,460 | INFO | epoch 1 train total loss history: [1.0720000267028809]
2026-06-12 05:51:46,460 | INFO | epoch 1 train concept loss history: [0.9229999780654907]
2026-06-12 05:51:46,460 | INFO | epoch 1 train task loss history: [0.15000000596046448]
2026-06-12 05:51:46,460 | INFO | epoch 1 complete
2026-06-12 05:51:46,460 | INFO | ======== starting epoch 2 ========
2026-06-12 05:51:46,460 | INFO | epoch 2 LR at start of epoch: 0.000976
2026-06-12 05:51:46,460 | INFO | [VALIDATION STEP]
2026-06-12 05:51:56,481 | INFO | [epoch 2 | val | batch 0 start] allocated=2952.0MB | reserved=14190.0MB | peak=12408.0MB
2026-06-12 05:52:43,708 | INFO | [epoch 2 | val | batch 10 start] allocated=2952.0MB | reserved=14190.0MB | peak=12408.0MB
2026-06-12 05:53:30,560 | INFO | [epoch 2 | val | batch 20 start] allocated=2952.0MB | reserved=14190.0MB | peak=12408.0MB
2026-06-12 05:53:42,871 | INFO | epoch 2 val loss (mean of batches): 1.05
2026-06-12 05:53:42,871 | INFO | epoch 2 val loss history: [1.5269999504089355, 1.0520000457763672]
2026-06-12 05:53:42,871 | INFO | epoch 2 val c-index (total sample): 0.57
2026-06-12 05:53:42,871 | INFO | epoch 2 val c-index history: [0.48, 0.566]
2026-06-12 05:53:42,874 | INFO | [TRAINING STEP]
2026-06-12 05:53:49,982 | INFO | [epoch 2 | train | batch 0 start] allocated=2364.0MB | reserved=14190.0MB | peak=12408.0MB
2026-06-12 05:53:50,228 | INFO |     task_logits from  0.181640625 to 1.1015625
2026-06-12 05:54:25,010 | INFO | [epoch 2 | train | batch 10 start] allocated=2364.0MB | reserved=14190.0MB | peak=12408.0MB
2026-06-12 05:55:00,255 | INFO | [epoch 2 | train | batch 20 start] allocated=2364.0MB | reserved=14190.0MB | peak=12408.0MB
2026-06-12 05:55:35,702 | INFO | [epoch 2 | train | batch 30 start] allocated=2364.0MB | reserved=14190.0MB | peak=12408.0MB
2026-06-12 05:56:10,709 | INFO | [epoch 2 | train | batch 40 start] allocated=2364.0MB | reserved=14190.0MB | peak=12408.0MB
2026-06-12 05:56:44,885 | INFO | [epoch 2 | train | batch 50 start] allocated=2364.0MB | reserved=14190.0MB | peak=12408.0MB
2026-06-12 05:57:18,410 | INFO | [epoch 2 | train | batch 60 start] allocated=2364.0MB | reserved=14190.0MB | peak=12408.0MB
2026-06-12 05:57:52,754 | INFO | [epoch 2 | train | batch 70 start] allocated=2364.0MB | reserved=14190.0MB | peak=12408.0MB
2026-06-12 05:58:28,845 | INFO | [epoch 2 | train | batch 80 start] allocated=2364.0MB | reserved=14190.0MB | peak=12408.0MB
2026-06-12 05:59:04,010 | INFO | [epoch 2 | train | batch 90 start] allocated=2364.0MB | reserved=14190.0MB | peak=12408.0MB
2026-06-12 05:59:04,484 | INFO | epoch 2 train total loss: 0.92
2026-06-12 05:59:04,484 | INFO | epoch 2 train concept loss: 0.78
2026-06-12 05:59:04,484 | INFO | epoch 2 train task loss: 0.14
2026-06-12 05:59:04,484 | INFO | epoch 2 train total loss history: [1.0720000267028809, 0.9210000038146973]
2026-06-12 05:59:04,484 | INFO | epoch 2 train concept loss history: [0.9229999780654907, 0.7789999842643738]
2026-06-12 05:59:04,484 | INFO | epoch 2 train task loss history: [0.15000000596046448, 0.14300000667572021]
2026-06-12 05:59:04,484 | INFO | epoch 2 complete
2026-06-12 05:59:04,484 | INFO | ======== starting epoch 3 ========
2026-06-12 05:59:04,484 | INFO | epoch 3 LR at start of epoch: 0.000905
2026-06-12 05:59:04,484 | INFO | [VALIDATION STEP]
2026-06-12 05:59:13,892 | INFO | [epoch 3 | val | batch 0 start] allocated=2952.0MB | reserved=14190.0MB | peak=12408.0MB
2026-06-12 06:00:01,105 | INFO | [epoch 3 | val | batch 10 start] allocated=2952.0MB | reserved=14190.0MB | peak=12408.0MB
2026-06-12 06:00:48,024 | INFO | [epoch 3 | val | batch 20 start] allocated=2952.0MB | reserved=14190.0MB | peak=12408.0MB
2026-06-12 06:01:00,335 | INFO | epoch 3 val loss (mean of batches): 1.03
2026-06-12 06:01:00,335 | INFO | epoch 3 val loss history: [1.5269999504089355, 1.0520000457763672, 1.0290000438690186]
2026-06-12 06:01:00,335 | INFO | epoch 3 val c-index (total sample): 0.66
2026-06-12 06:01:00,335 | INFO | epoch 3 val c-index history: [0.48, 0.566, 0.658]
2026-06-12 06:01:00,338 | INFO | [TRAINING STEP]
2026-06-12 06:01:07,093 | INFO | [epoch 3 | train | batch 0 start] allocated=2364.0MB | reserved=14190.0MB | peak=12408.0MB
2026-06-12 06:01:07,334 | INFO |     task_logits from  -0.162109375 to 0.62109375
2026-06-12 06:01:41,012 | INFO | [epoch 3 | train | batch 10 start] allocated=2364.0MB | reserved=14190.0MB | peak=12408.0MB
2026-06-12 06:02:18,832 | INFO | [epoch 3 | train | batch 20 start] allocated=2364.0MB | reserved=14190.0MB | peak=12408.0MB
2026-06-12 06:02:53,669 | INFO | [epoch 3 | train | batch 30 start] allocated=2364.0MB | reserved=14190.0MB | peak=12408.0MB
2026-06-12 06:03:28,348 | INFO | [epoch 3 | train | batch 40 start] allocated=2364.0MB | reserved=14190.0MB | peak=12408.0MB
2026-06-12 06:04:03,833 | INFO | [epoch 3 | train | batch 50 start] allocated=2364.0MB | reserved=14190.0MB | peak=12408.0MB
2026-06-12 06:04:39,917 | INFO | [epoch 3 | train | batch 60 start] allocated=2364.0MB | reserved=14190.0MB | peak=12408.0MB
2026-06-12 06:05:15,327 | INFO | [epoch 3 | train | batch 70 start] allocated=2364.0MB | reserved=14190.0MB | peak=12408.0MB
2026-06-12 06:05:49,521 | INFO | [epoch 3 | train | batch 80 start] allocated=2364.0MB | reserved=14190.0MB | peak=12408.0MB
2026-06-12 06:06:23,385 | INFO | [epoch 3 | train | batch 90 start] allocated=2364.0MB | reserved=14190.0MB | peak=12408.0MB
2026-06-12 06:06:23,859 | INFO | epoch 3 train total loss: 0.84
2026-06-12 06:06:23,859 | INFO | epoch 3 train concept loss: 0.71
2026-06-12 06:06:23,859 | INFO | epoch 3 train task loss: 0.13
2026-06-12 06:06:23,859 | INFO | epoch 3 train total loss history: [1.0720000267028809, 0.9210000038146973, 0.8370000123977661]
2026-06-12 06:06:23,859 | INFO | epoch 3 train concept loss history: [0.9229999780654907, 0.7789999842643738, 0.7080000042915344]
2026-06-12 06:06:23,859 | INFO | epoch 3 train task loss history: [0.15000000596046448, 0.14300000667572021, 0.12800000607967377]
2026-06-12 06:06:23,859 | INFO | epoch 3 complete
2026-06-12 06:06:23,859 | INFO | ======== starting epoch 4 ========
2026-06-12 06:06:23,859 | INFO | epoch 4 LR at start of epoch: 0.000794
2026-06-12 06:06:23,859 | INFO | [VALIDATION STEP]
2026-06-12 06:06:34,320 | INFO | [epoch 4 | val | batch 0 start] allocated=2952.0MB | reserved=14190.0MB | peak=12408.0MB
2026-06-12 06:07:21,463 | INFO | [epoch 4 | val | batch 10 start] allocated=2952.0MB | reserved=14190.0MB | peak=12408.0MB
2026-06-12 06:08:08,561 | INFO | [epoch 4 | val | batch 20 start] allocated=2952.0MB | reserved=14190.0MB | peak=12408.0MB
2026-06-12 06:08:20,871 | INFO | epoch 4 val loss (mean of batches): 1.03
2026-06-12 06:08:20,871 | INFO | epoch 4 val loss history: [1.5269999504089355, 1.0520000457763672, 1.0290000438690186, 1.0299999713897705]
2026-06-12 06:08:20,871 | INFO | epoch 4 val c-index (total sample): 0.64
2026-06-12 06:08:20,871 | INFO | epoch 4 val c-index history: [0.48, 0.566, 0.658, 0.644]
2026-06-12 06:08:20,874 | INFO | [TRAINING STEP]
2026-06-12 06:08:27,691 | INFO | [epoch 4 | train | batch 0 start] allocated=2364.0MB | reserved=14190.0MB | peak=12408.0MB
2026-06-12 06:08:27,929 | INFO |     task_logits from  -1.421875 to 0.7421875
2026-06-12 06:09:02,843 | INFO | [epoch 4 | train | batch 10 start] allocated=2364.0MB | reserved=14190.0MB | peak=12408.0MB
2026-06-12 06:09:39,255 | INFO | [epoch 4 | train | batch 20 start] allocated=2364.0MB | reserved=14190.0MB | peak=12408.0MB
2026-06-12 06:10:14,308 | INFO | [epoch 4 | train | batch 30 start] allocated=2364.0MB | reserved=14190.0MB | peak=12408.0MB
2026-06-12 06:10:46,615 | INFO | [epoch 4 | train | batch 40 start] allocated=2364.0MB | reserved=14190.0MB | peak=12408.0MB
2026-06-12 06:11:19,768 | INFO | [epoch 4 | train | batch 50 start] allocated=2364.0MB | reserved=14190.0MB | peak=12408.0MB
2026-06-12 06:12:05,295 | INFO | [epoch 4 | train | batch 60 start] allocated=2364.0MB | reserved=14190.0MB | peak=12408.0MB
2026-06-12 06:12:38,921 | INFO | [epoch 4 | train | batch 70 start] allocated=2364.0MB | reserved=14190.0MB | peak=12408.0MB
2026-06-12 06:13:13,641 | INFO | [epoch 4 | train | batch 80 start] allocated=2364.0MB | reserved=14190.0MB | peak=12408.0MB
2026-06-12 06:13:45,095 | INFO | [epoch 4 | train | batch 90 start] allocated=2364.0MB | reserved=14190.0MB | peak=12408.0MB
2026-06-12 06:13:50,031 | INFO | epoch 4 train total loss: 0.76
2026-06-12 06:13:50,031 | INFO | epoch 4 train concept loss: 0.65
2026-06-12 06:13:50,031 | INFO | epoch 4 train task loss: 0.12
2026-06-12 06:13:50,031 | INFO | epoch 4 train total loss history: [1.0720000267028809, 0.9210000038146973, 0.8370000123977661, 0.7599999904632568]
2026-06-12 06:13:50,031 | INFO | epoch 4 train concept loss history: [0.9229999780654907, 0.7789999842643738, 0.7080000042915344, 0.6460000276565552]
2026-06-12 06:13:50,031 | INFO | epoch 4 train task loss history: [0.15000000596046448, 0.14300000667572021, 0.12800000607967377, 0.11500000208616257]
2026-06-12 06:13:50,031 | INFO | epoch 4 complete
2026-06-12 06:13:50,031 | INFO | ======== starting epoch 5 ========
2026-06-12 06:13:50,031 | INFO | epoch 5 LR at start of epoch: 0.000655
2026-06-12 06:13:50,031 | INFO | [VALIDATION STEP]
2026-06-12 06:14:00,232 | INFO | [epoch 5 | val | batch 0 start] allocated=2952.0MB | reserved=14190.0MB | peak=12408.0MB
2026-06-12 06:14:47,262 | INFO | [epoch 5 | val | batch 10 start] allocated=2952.0MB | reserved=14190.0MB | peak=12408.0MB
2026-06-12 06:15:34,259 | INFO | [epoch 5 | val | batch 20 start] allocated=2952.0MB | reserved=14190.0MB | peak=12408.0MB
2026-06-12 06:15:46,594 | INFO | epoch 5 val loss (mean of batches): 1.03
2026-06-12 06:15:46,594 | INFO | epoch 5 val loss history: [1.5269999504089355, 1.0520000457763672, 1.0290000438690186, 1.0299999713897705, 1.0290000438690186]
2026-06-12 06:15:46,594 | INFO | epoch 5 val c-index (total sample): 0.61
2026-06-12 06:15:46,594 | INFO | epoch 5 val c-index history: [0.48, 0.566, 0.658, 0.644, 0.606]
2026-06-12 06:15:46,596 | INFO | [TRAINING STEP]
2026-06-12 06:15:53,993 | INFO | [epoch 5 | train | batch 0 start] allocated=2364.0MB | reserved=14190.0MB | peak=12408.0MB
2026-06-12 06:15:54,237 | INFO |     task_logits from  -0.71875 to 0.78125
2026-06-12 06:16:28,268 | INFO | [epoch 5 | train | batch 10 start] allocated=2364.0MB | reserved=14190.0MB | peak=12408.0MB
2026-06-12 06:17:02,120 | INFO | [epoch 5 | train | batch 20 start] allocated=2364.0MB | reserved=14190.0MB | peak=12408.0MB
2026-06-12 06:17:35,771 | INFO | [epoch 5 | train | batch 30 start] allocated=2364.0MB | reserved=14190.0MB | peak=12408.0MB
2026-06-12 06:18:08,983 | INFO | [epoch 5 | train | batch 40 start] allocated=2364.0MB | reserved=14190.0MB | peak=12408.0MB
2026-06-12 06:18:45,586 | INFO | [epoch 5 | train | batch 50 start] allocated=2364.0MB | reserved=14190.0MB | peak=12408.0MB
2026-06-12 06:19:21,172 | INFO | [epoch 5 | train | batch 60 start] allocated=2364.0MB | reserved=14190.0MB | peak=12408.0MB
2026-06-12 06:19:54,609 | INFO | [epoch 5 | train | batch 70 start] allocated=2364.0MB | reserved=14190.0MB | peak=12408.0MB
2026-06-12 06:20:31,312 | INFO | [epoch 5 | train | batch 80 start] allocated=2364.0MB | reserved=14190.0MB | peak=12408.0MB
2026-06-12 06:21:05,771 | INFO | [epoch 5 | train | batch 90 start] allocated=2364.0MB | reserved=14190.0MB | peak=12408.0MB
2026-06-12 06:21:06,245 | INFO | epoch 5 train total loss: 0.69
2026-06-12 06:21:06,245 | INFO | epoch 5 train concept loss: 0.59
2026-06-12 06:21:06,246 | INFO | epoch 5 train task loss: 0.11
2026-06-12 06:21:06,246 | INFO | epoch 5 train total loss history: [1.0720000267028809, 0.9210000038146973, 0.8370000123977661, 0.7599999904632568, 0.6930000185966492]
2026-06-12 06:21:06,246 | INFO | epoch 5 train concept loss history: [0.9229999780654907, 0.7789999842643738, 0.7080000042915344, 0.6460000276565552, 0.5879999995231628]
2026-06-12 06:21:06,246 | INFO | epoch 5 train task loss history: [0.15000000596046448, 0.14300000667572021, 0.12800000607967377, 0.11500000208616257, 0.10599999874830246]
2026-06-12 06:21:06,246 | INFO | epoch 5 complete
2026-06-12 06:21:06,246 | INFO | ======== starting epoch 6 ========
2026-06-12 06:21:06,246 | INFO | epoch 6 LR at start of epoch: 0.000500
2026-06-12 06:21:06,246 | INFO | [VALIDATION STEP]
2026-06-12 06:21:16,306 | INFO | [epoch 6 | val | batch 0 start] allocated=2952.0MB | reserved=14190.0MB | peak=12408.0MB
2026-06-12 06:22:03,314 | INFO | [epoch 6 | val | batch 10 start] allocated=2952.0MB | reserved=14190.0MB | peak=12408.0MB
2026-06-12 06:22:50,223 | INFO | [epoch 6 | val | batch 20 start] allocated=2952.0MB | reserved=14190.0MB | peak=12408.0MB
2026-06-12 06:23:02,539 | INFO | epoch 6 val loss (mean of batches): 1.05
2026-06-12 06:23:02,539 | INFO | epoch 6 val loss history: [1.5269999504089355, 1.0520000457763672, 1.0290000438690186, 1.0299999713897705, 1.0290000438690186, 1.0479999780654907]
2026-06-12 06:23:02,539 | INFO | epoch 6 val c-index (total sample): 0.59
2026-06-12 06:23:02,539 | INFO | epoch 6 val c-index history: [0.48, 0.566, 0.658, 0.644, 0.606, 0.593]
2026-06-12 06:23:02,541 | INFO | [TRAINING STEP]
2026-06-12 06:23:09,904 | INFO | [epoch 6 | train | batch 0 start] allocated=2364.0MB | reserved=14190.0MB | peak=12408.0MB
2026-06-12 06:23:10,145 | INFO |     task_logits from  -1.03125 to 0.81640625
2026-06-12 06:23:44,603 | INFO | [epoch 6 | train | batch 10 start] allocated=2364.0MB | reserved=14190.0MB | peak=12408.0MB
2026-06-12 06:24:20,959 | INFO | [epoch 6 | train | batch 20 start] allocated=2364.0MB | reserved=14190.0MB | peak=12408.0MB
2026-06-12 06:24:55,525 | INFO | [epoch 6 | train | batch 30 start] allocated=2364.0MB | reserved=14190.0MB | peak=12408.0MB
2026-06-12 06:25:30,013 | INFO | [epoch 6 | train | batch 40 start] allocated=2364.0MB | reserved=14190.0MB | peak=12408.0MB
2026-06-12 06:26:04,054 | INFO | [epoch 6 | train | batch 50 start] allocated=2364.0MB | reserved=14190.0MB | peak=12408.0MB
2026-06-12 06:26:48,649 | INFO | [epoch 6 | train | batch 60 start] allocated=2364.0MB | reserved=14190.0MB | peak=12408.0MB
2026-06-12 06:27:34,238 | INFO | [epoch 6 | train | batch 70 start] allocated=2364.0MB | reserved=14190.0MB | peak=12408.0MB
2026-06-12 06:28:07,811 | INFO | [epoch 6 | train | batch 80 start] allocated=2364.0MB | reserved=14190.0MB | peak=12408.0MB
2026-06-12 06:28:43,533 | INFO | [epoch 6 | train | batch 90 start] allocated=2364.0MB | reserved=14190.0MB | peak=12408.0MB
2026-06-12 06:28:44,852 | INFO | epoch 6 train total loss: 0.65
2026-06-12 06:28:44,852 | INFO | epoch 6 train concept loss: 0.55
2026-06-12 06:28:44,852 | INFO | epoch 6 train task loss: 0.10
2026-06-12 06:28:44,852 | INFO | epoch 6 train total loss history: [1.0720000267028809, 0.9210000038146973, 0.8370000123977661, 0.7599999904632568, 0.6930000185966492, 0.6460000276565552]
2026-06-12 06:28:44,852 | INFO | epoch 6 train concept loss history: [0.9229999780654907, 0.7789999842643738, 0.7080000042915344, 0.6460000276565552, 0.5879999995231628, 0.5490000247955322]
2026-06-12 06:28:44,852 | INFO | epoch 6 train task loss history: [0.15000000596046448, 0.14300000667572021, 0.12800000607967377, 0.11500000208616257, 0.10599999874830246, 0.09700000286102295]
2026-06-12 06:28:44,853 | INFO | epoch 6 complete
2026-06-12 06:28:44,853 | INFO | ======== starting epoch 7 ========
2026-06-12 06:28:44,853 | INFO | epoch 7 LR at start of epoch: 0.000345
2026-06-12 06:28:44,853 | INFO | [VALIDATION STEP]
2026-06-12 06:28:54,940 | INFO | [epoch 7 | val | batch 0 start] allocated=2952.0MB | reserved=14190.0MB | peak=12408.0MB
2026-06-12 06:29:42,067 | INFO | [epoch 7 | val | batch 10 start] allocated=2952.0MB | reserved=14190.0MB | peak=12408.0MB
2026-06-12 06:30:29,086 | INFO | [epoch 7 | val | batch 20 start] allocated=2952.0MB | reserved=14190.0MB | peak=12408.0MB
2026-06-12 06:30:41,395 | INFO | epoch 7 val loss (mean of batches): 1.04
2026-06-12 06:30:41,395 | INFO | epoch 7 val loss history: [1.5269999504089355, 1.0520000457763672, 1.0290000438690186, 1.0299999713897705, 1.0290000438690186, 1.0479999780654907, 1.0379999876022339]
2026-06-12 06:30:41,395 | INFO | epoch 7 val c-index (total sample): 0.62
2026-06-12 06:30:41,395 | INFO | epoch 7 val c-index history: [0.48, 0.566, 0.658, 0.644, 0.606, 0.593, 0.624]
2026-06-12 06:30:41,397 | INFO | [TRAINING STEP]
2026-06-12 06:30:49,267 | INFO | [epoch 7 | train | batch 0 start] allocated=2364.0MB | reserved=14190.0MB | peak=12408.0MB
2026-06-12 06:30:49,510 | INFO |     task_logits from  -0.447265625 to 0.765625
2026-06-12 06:31:24,310 | INFO | [epoch 7 | train | batch 10 start] allocated=2364.0MB | reserved=14190.0MB | peak=12408.0MB
2026-06-12 06:31:57,463 | INFO | [epoch 7 | train | batch 20 start] allocated=2364.0MB | reserved=14190.0MB | peak=12408.0MB
2026-06-12 06:32:32,264 | INFO | [epoch 7 | train | batch 30 start] allocated=2364.0MB | reserved=14190.0MB | peak=12408.0MB
2026-06-12 06:33:07,276 | INFO | [epoch 7 | train | batch 40 start] allocated=2364.0MB | reserved=14190.0MB | peak=12408.0MB
2026-06-12 06:33:43,760 | INFO | [epoch 7 | train | batch 50 start] allocated=2364.0MB | reserved=14190.0MB | peak=12408.0MB
2026-06-12 06:34:18,374 | INFO | [epoch 7 | train | batch 60 start] allocated=2364.0MB | reserved=14190.0MB | peak=12408.0MB
2026-06-12 06:34:52,985 | INFO | [epoch 7 | train | batch 70 start] allocated=2364.0MB | reserved=14190.0MB | peak=12408.0MB
2026-06-12 06:35:28,172 | INFO | [epoch 7 | train | batch 80 start] allocated=2364.0MB | reserved=14190.0MB | peak=12408.0MB
2026-06-12 06:36:01,215 | INFO | [epoch 7 | train | batch 90 start] allocated=2364.0MB | reserved=14190.0MB | peak=12408.0MB
2026-06-12 06:36:05,934 | INFO | epoch 7 train total loss: 0.59
2026-06-12 06:36:05,934 | INFO | epoch 7 train concept loss: 0.50
2026-06-12 06:36:05,934 | INFO | epoch 7 train task loss: 0.09
2026-06-12 06:36:05,934 | INFO | epoch 7 train total loss history: [1.0720000267028809, 0.9210000038146973, 0.8370000123977661, 0.7599999904632568, 0.6930000185966492, 0.6460000276565552, 0.5910000205039978]
2026-06-12 06:36:05,934 | INFO | epoch 7 train concept loss history: [0.9229999780654907, 0.7789999842643738, 0.7080000042915344, 0.6460000276565552, 0.5879999995231628, 0.5490000247955322, 0.4959999918937683]
2026-06-12 06:36:05,934 | INFO | epoch 7 train task loss history: [0.15000000596046448, 0.14300000667572021, 0.12800000607967377, 0.11500000208616257, 0.10599999874830246, 0.09700000286102295, 0.0949999988079071]
2026-06-12 06:36:05,934 | INFO | epoch 7 complete
2026-06-12 06:36:05,934 | INFO | ======== starting epoch 8 ========
2026-06-12 06:36:05,934 | INFO | epoch 8 LR at start of epoch: 0.000206
2026-06-12 06:36:05,934 | INFO | [VALIDATION STEP]
2026-06-12 06:36:16,532 | INFO | [epoch 8 | val | batch 0 start] allocated=2952.0MB | reserved=14190.0MB | peak=12408.0MB
2026-06-12 06:37:03,465 | INFO | [epoch 8 | val | batch 10 start] allocated=2952.0MB | reserved=14190.0MB | peak=12408.0MB
2026-06-12 06:37:50,319 | INFO | [epoch 8 | val | batch 20 start] allocated=2952.0MB | reserved=14190.0MB | peak=12408.0MB
2026-06-12 06:38:02,628 | INFO | epoch 8 val loss (mean of batches): 1.07
2026-06-12 06:38:02,628 | INFO | epoch 8 val loss history: [1.5269999504089355, 1.0520000457763672, 1.0290000438690186, 1.0299999713897705, 1.0290000438690186, 1.0479999780654907, 1.0379999876022339, 1.0729999542236328]
2026-06-12 06:38:02,628 | INFO | epoch 8 val c-index (total sample): 0.63
2026-06-12 06:38:02,628 | INFO | epoch 8 val c-index history: [0.48, 0.566, 0.658, 0.644, 0.606, 0.593, 0.624, 0.63]
2026-06-12 06:38:02,631 | INFO | [TRAINING STEP]
2026-06-12 06:38:09,892 | INFO | [epoch 8 | train | batch 0 start] allocated=2364.0MB | reserved=14190.0MB | peak=12408.0MB
2026-06-12 06:38:10,128 | INFO |     task_logits from  -1.8203125 to 1.6953125
2026-06-12 06:38:45,629 | INFO | [epoch 8 | train | batch 10 start] allocated=2364.0MB | reserved=14190.0MB | peak=12408.0MB
2026-06-12 06:39:20,390 | INFO | [epoch 8 | train | batch 20 start] allocated=2364.0MB | reserved=14190.0MB | peak=12408.0MB
2026-06-12 06:39:55,110 | INFO | [epoch 8 | train | batch 30 start] allocated=2364.0MB | reserved=14190.0MB | peak=12408.0MB
2026-06-12 06:40:30,227 | INFO | [epoch 8 | train | batch 40 start] allocated=2364.0MB | reserved=14190.0MB | peak=12408.0MB
2026-06-12 06:41:05,967 | INFO | [epoch 8 | train | batch 50 start] allocated=2364.0MB | reserved=14190.0MB | peak=12408.0MB
2026-06-12 06:41:42,553 | INFO | [epoch 8 | train | batch 60 start] allocated=2364.0MB | reserved=14190.0MB | peak=12408.0MB
2026-06-12 06:42:17,199 | INFO | [epoch 8 | train | batch 70 start] allocated=2364.0MB | reserved=14190.0MB | peak=12408.0MB
2026-06-12 06:42:53,123 | INFO | [epoch 8 | train | batch 80 start] allocated=2364.0MB | reserved=14190.0MB | peak=12408.0MB
2026-06-12 06:43:26,204 | INFO | [epoch 8 | train | batch 90 start] allocated=2364.0MB | reserved=14190.0MB | peak=12408.0MB
2026-06-12 06:43:26,676 | INFO | epoch 8 train total loss: 0.56
2026-06-12 06:43:26,677 | INFO | epoch 8 train concept loss: 0.47
2026-06-12 06:43:26,677 | INFO | epoch 8 train task loss: 0.09
2026-06-12 06:43:26,677 | INFO | epoch 8 train total loss history: [1.0720000267028809, 0.9210000038146973, 0.8370000123977661, 0.7599999904632568, 0.6930000185966492, 0.6460000276565552, 0.5910000205039978, 0.5580000281333923]
2026-06-12 06:43:26,677 | INFO | epoch 8 train concept loss history: [0.9229999780654907, 0.7789999842643738, 0.7080000042915344, 0.6460000276565552, 0.5879999995231628, 0.5490000247955322, 0.4959999918937683, 0.4659999907016754]
2026-06-12 06:43:26,677 | INFO | epoch 8 train task loss history: [0.15000000596046448, 0.14300000667572021, 0.12800000607967377, 0.11500000208616257, 0.10599999874830246, 0.09700000286102295, 0.0949999988079071, 0.09099999815225601]
2026-06-12 06:43:26,677 | INFO | epoch 8 complete
2026-06-12 06:43:26,677 | INFO | ======== starting epoch 9 ========
2026-06-12 06:43:26,677 | INFO | epoch 9 LR at start of epoch: 0.000095
2026-06-12 06:43:26,677 | INFO | [VALIDATION STEP]
2026-06-12 06:43:37,101 | INFO | [epoch 9 | val | batch 0 start] allocated=2952.0MB | reserved=14190.0MB | peak=12408.0MB
2026-06-12 06:44:24,655 | INFO | [epoch 9 | val | batch 10 start] allocated=2952.0MB | reserved=14190.0MB | peak=12408.0MB
2026-06-12 06:45:11,914 | INFO | [epoch 9 | val | batch 20 start] allocated=2952.0MB | reserved=14190.0MB | peak=12408.0MB
2026-06-12 06:45:24,227 | INFO | epoch 9 val loss (mean of batches): 1.07
2026-06-12 06:45:24,227 | INFO | epoch 9 val loss history: [1.5269999504089355, 1.0520000457763672, 1.0290000438690186, 1.0299999713897705, 1.0290000438690186, 1.0479999780654907, 1.0379999876022339, 1.0729999542236328, 1.065999984741211]
2026-06-12 06:45:24,227 | INFO | epoch 9 val c-index (total sample): 0.65
2026-06-12 06:45:24,227 | INFO | epoch 9 val c-index history: [0.48, 0.566, 0.658, 0.644, 0.606, 0.593, 0.624, 0.63, 0.652]
2026-06-12 06:45:24,230 | INFO | [TRAINING STEP]
2026-06-12 06:45:31,569 | INFO | [epoch 9 | train | batch 0 start] allocated=2364.0MB | reserved=14190.0MB | peak=12408.0MB
2026-06-12 06:45:31,811 | INFO |     task_logits from  -0.96484375 to 1.3671875
2026-06-12 06:46:06,338 | INFO | [epoch 9 | train | batch 10 start] allocated=2364.0MB | reserved=14190.0MB | peak=12408.0MB
2026-06-12 06:46:44,257 | INFO | [epoch 9 | train | batch 20 start] allocated=2364.0MB | reserved=14190.0MB | peak=12408.0MB
2026-06-12 06:47:20,057 | INFO | [epoch 9 | train | batch 30 start] allocated=2364.0MB | reserved=14190.0MB | peak=12408.0MB
2026-06-12 06:47:54,454 | INFO | [epoch 9 | train | batch 40 start] allocated=2364.0MB | reserved=14190.0MB | peak=12408.0MB
2026-06-12 06:48:29,445 | INFO | [epoch 9 | train | batch 50 start] allocated=2364.0MB | reserved=14190.0MB | peak=12408.0MB
2026-06-12 06:49:04,199 | INFO | [epoch 9 | train | batch 60 start] allocated=2364.0MB | reserved=14190.0MB | peak=12408.0MB
2026-06-12 06:49:40,244 | INFO | [epoch 9 | train | batch 70 start] allocated=2364.0MB | reserved=14190.0MB | peak=12408.0MB
2026-06-12 06:50:12,891 | INFO | [epoch 9 | train | batch 80 start] allocated=2364.0MB | reserved=14190.0MB | peak=12408.0MB
2026-06-12 06:50:46,211 | INFO | [epoch 9 | train | batch 90 start] allocated=2364.0MB | reserved=14190.0MB | peak=12408.0MB
2026-06-12 06:50:49,234 | INFO | epoch 9 train total loss: 0.52
2026-06-12 06:50:49,234 | INFO | epoch 9 train concept loss: 0.44
2026-06-12 06:50:49,234 | INFO | epoch 9 train task loss: 0.08
2026-06-12 06:50:49,234 | INFO | epoch 9 train total loss history: [1.0720000267028809, 0.9210000038146973, 0.8370000123977661, 0.7599999904632568, 0.6930000185966492, 0.6460000276565552, 0.5910000205039978, 0.5580000281333923, 0.515999972820282]
2026-06-12 06:50:49,234 | INFO | epoch 9 train concept loss history: [0.9229999780654907, 0.7789999842643738, 0.7080000042915344, 0.6460000276565552, 0.5879999995231628, 0.5490000247955322, 0.4959999918937683, 0.4659999907016754, 0.43700000643730164]
2026-06-12 06:50:49,234 | INFO | epoch 9 train task loss history: [0.15000000596046448, 0.14300000667572021, 0.12800000607967377, 0.11500000208616257, 0.10599999874830246, 0.09700000286102295, 0.0949999988079071, 0.09099999815225601, 0.07800000160932541]
2026-06-12 06:50:49,234 | INFO | epoch 9 complete
2026-06-12 06:50:49,234 | INFO | ======== starting epoch 10 ========
2026-06-12 06:50:49,234 | INFO | epoch 10 LR at start of epoch: 0.000024
2026-06-12 06:50:49,234 | INFO | [VALIDATION STEP]
2026-06-12 06:50:59,188 | INFO | [epoch 10 | val | batch 0 start] allocated=2952.0MB | reserved=14190.0MB | peak=12408.0MB
2026-06-12 06:51:46,170 | INFO | [epoch 10 | val | batch 10 start] allocated=2952.0MB | reserved=14190.0MB | peak=12408.0MB
2026-06-12 06:52:33,136 | INFO | [epoch 10 | val | batch 20 start] allocated=2952.0MB | reserved=14190.0MB | peak=12408.0MB
2026-06-12 06:52:45,446 | INFO | epoch 10 val loss (mean of batches): 1.05
2026-06-12 06:52:45,446 | INFO | epoch 10 val loss history: [1.5269999504089355, 1.0520000457763672, 1.0290000438690186, 1.0299999713897705, 1.0290000438690186, 1.0479999780654907, 1.0379999876022339, 1.0729999542236328, 1.065999984741211, 1.0490000247955322]
2026-06-12 06:52:45,446 | INFO | epoch 10 val c-index (total sample): 0.64
2026-06-12 06:52:45,446 | INFO | epoch 10 val c-index history: [0.48, 0.566, 0.658, 0.644, 0.606, 0.593, 0.624, 0.63, 0.652, 0.638]
2026-06-12 06:52:45,449 | INFO | [TRAINING STEP]
2026-06-12 06:52:51,896 | INFO | [epoch 10 | train | batch 0 start] allocated=2364.0MB | reserved=14190.0MB | peak=12408.0MB
2026-06-12 06:52:52,136 | INFO |     task_logits from  -1.265625 to 2.046875
2026-06-12 06:53:27,847 | INFO | [epoch 10 | train | batch 10 start] allocated=2364.0MB | reserved=14190.0MB | peak=12408.0MB
2026-06-12 06:54:02,520 | INFO | [epoch 10 | train | batch 20 start] allocated=2364.0MB | reserved=14190.0MB | peak=12408.0MB
2026-06-12 06:54:37,115 | INFO | [epoch 10 | train | batch 30 start] allocated=2364.0MB | reserved=14190.0MB | peak=12408.0MB
2026-06-12 06:55:11,129 | INFO | [epoch 10 | train | batch 40 start] allocated=2364.0MB | reserved=14190.0MB | peak=12408.0MB
2026-06-12 06:55:46,902 | INFO | [epoch 10 | train | batch 50 start] allocated=2364.0MB | reserved=14190.0MB | peak=12408.0MB
2026-06-12 06:56:21,083 | INFO | [epoch 10 | train | batch 60 start] allocated=2364.0MB | reserved=14190.0MB | peak=12408.0MB
2026-06-12 06:56:56,283 | INFO | [epoch 10 | train | batch 70 start] allocated=2364.0MB | reserved=14190.0MB | peak=12408.0MB
2026-06-12 06:57:31,456 | INFO | [epoch 10 | train | batch 80 start] allocated=2364.0MB | reserved=14190.0MB | peak=12408.0MB
2026-06-12 06:58:06,299 | INFO | [epoch 10 | train | batch 90 start] allocated=2364.0MB | reserved=14190.0MB | peak=12408.0MB
2026-06-12 06:58:06,774 | INFO | epoch 10 train total loss: 0.52
2026-06-12 06:58:06,775 | INFO | epoch 10 train concept loss: 0.43
2026-06-12 06:58:06,775 | INFO | epoch 10 train task loss: 0.09
2026-06-12 06:58:06,775 | INFO | epoch 10 train total loss history: [1.0720000267028809, 0.9210000038146973, 0.8370000123977661, 0.7599999904632568, 0.6930000185966492, 0.6460000276565552, 0.5910000205039978, 0.5580000281333923, 0.515999972820282, 0.5180000066757202]
2026-06-12 06:58:06,775 | INFO | epoch 10 train concept loss history: [0.9229999780654907, 0.7789999842643738, 0.7080000042915344, 0.6460000276565552, 0.5879999995231628, 0.5490000247955322, 0.4959999918937683, 0.4659999907016754, 0.43700000643730164, 0.4259999990463257]
2026-06-12 06:58:06,775 | INFO | epoch 10 train task loss history: [0.15000000596046448, 0.14300000667572021, 0.12800000607967377, 0.11500000208616257, 0.10599999874830246, 0.09700000286102295, 0.0949999988079071, 0.09099999815225601, 0.07800000160932541, 0.09200000017881393]
2026-06-12 06:58:06,775 | INFO | epoch 10 complete
2026-06-12 06:58:06,780 | INFO | training complete
2026-06-12 06:58:06,780 | INFO | predicting on the validation set
2026-06-12 06:59:45,760 | INFO |   starting batch 1 of validation
2026-06-12 06:59:48,123 | INFO |   starting batch 2 of validation
2026-06-12 06:59:54,063 | INFO |   starting batch 3 of validation
2026-06-12 06:59:56,422 | INFO |   starting batch 4 of validation
2026-06-12 07:00:02,115 | INFO |   starting batch 5 of validation
2026-06-12 07:00:04,465 | INFO |   starting batch 6 of validation
2026-06-12 07:00:09,601 | INFO |   starting batch 7 of validation
2026-06-12 07:00:11,953 | INFO |   starting batch 8 of validation
2026-06-12 07:00:18,365 | INFO |   starting batch 9 of validation
2026-06-12 07:00:20,714 | INFO |   starting batch 10 of validation
2026-06-12 07:00:26,194 | INFO |   starting batch 11 of validation
2026-06-12 07:00:28,546 | INFO |   starting batch 12 of validation
2026-06-12 07:00:34,174 | INFO |   starting batch 13 of validation
2026-06-12 07:00:36,522 | INFO |   starting batch 14 of validation
2026-06-12 07:00:42,671 | INFO |   starting batch 15 of validation
2026-06-12 07:00:45,017 | INFO |   starting batch 16 of validation
2026-06-12 07:00:50,466 | INFO |   starting batch 17 of validation
2026-06-12 07:00:52,811 | INFO |   starting batch 18 of validation
2026-06-12 07:00:58,317 | INFO |   starting batch 19 of validation
2026-06-12 07:01:00,667 | INFO |   starting batch 20 of validation
2026-06-12 07:01:04,824 | INFO |   starting batch 21 of validation
2026-06-12 07:01:07,175 | INFO |   starting batch 22 of validation
2026-06-12 07:01:10,946 | INFO |   starting batch 23 of validation
2026-06-12 07:01:13,291 | INFO |   starting batch 24 of validation
2026-06-12 07:01:13,602 | INFO | measuring performance
2026-06-12 07:01:13,602 | INFO | y_test: (185, 2)
2026-06-12 07:01:13,602 | INFO | y_probs: (185, 1)
2026-06-12 07:01:13,602 | INFO | c_test: (185, 3)
2026-06-12 07:01:13,602 | INFO | c_probs: (185, 10)
2026-06-12 07:01:13,626 | INFO | results: {'task': {'c_index': 0.6253418413855971}, 'concepts': {'concept_0': {'0': {'precision': 0.35714285714285715, 'recall': 0.13157894736842105, 'f1-score': 0.19230769230769232, 'support': 38.0}, '1': {'precision': 0.5611510791366906, 'recall': 0.7358490566037735, 'f1-score': 0.636734693877551, 'support': 106.0}, '2': {'precision': 0.12903225806451613, 'recall': 0.10526315789473684, 'f1-score': 0.11594202898550725, 'support': 38.0}, '3': {'precision': 0.0, 'recall': 0.0, 'f1-score': 0.0, 'support': 3.0}, 'accuracy': 0.4702702702702703, 'macro avg': {'precision': 0.261831548586016, 'recall': 0.24317279046673285, 'f1-score': 0.23624610379268762, 'support': 185.0}, 'weighted avg': {'precision': 0.4213873987371318, 'recall': 0.4702702702702703, 'f1-score': 0.4281479295143891, 'support': 185.0}, 'auc': {'ovo': 0.570719873168522}}, 'concept_1': {'0': {'precision': 0.5742574257425742, 'recall': 0.7733333333333333, 'f1-score': 0.6590909090909091, 'support': 75.0}, '1': {'precision': 0.5510204081632653, 'recall': 0.40298507462686567, 'f1-score': 0.46551724137931033, 'support': 67.0}, '2': {'precision': 0.42857142857142855, 'recall': 0.3488372093023256, 'f1-score': 0.38461538461538464, 'support': 43.0}, 'accuracy': 0.5405405405405406, 'macro avg': {'precision': 0.5179497541590894, 'recall': 0.5083852057541748, 'f1-score': 0.5030745116952013, 'support': 185.0}, 'weighted avg': {'precision': 0.5319797065200177, 'recall': 0.5405405405405406, 'f1-score': 0.5251888372578027, 'support': 185.0}, 'auc': {'ovo': 0.6798349338578427}}, 'concept_2': {'0': {'precision': 0.852760736196319, 'recall': 0.9266666666666666, 'f1-score': 0.8881789137380192, 'support': 150.0}, '1': {'precision': 0.4090909090909091, 'recall': 0.2727272727272727, 'f1-score': 0.32727272727272727, 'support': 33.0}, '2': {'precision': nan, 'recall': 0.0, 'f1-score': 0.0, 'support': 2.0}, 'accuracy': 0.8, 'macro avg': {'precision': 0.6309258226436141, 'recall': 0.39979797979797976, 'f1-score': 0.40515054700358216, 'support': 185.0}, 'weighted avg': {'precision': 0.7727547018002614, 'recall': 0.8, 'f1-score': 0.7785234435713669, 'support': 185.0}, 'auc': {'ovo': 0.6724579124579124}}}}
2026-06-12 07:01:13,634 | INFO | training fold 4
2026-06-12 07:01:13,636 | INFO | train set size: 740
2026-06-12 07:01:13,636 | INFO | val set size: 184
2026-06-12 07:01:13,640 | INFO | cpu_count: 30
2026-06-12 07:01:13,640 | INFO | num_workers: 2
2026-06-12 07:01:13,797 | INFO | completed building dataloaders
2026-06-12 07:01:13,797 | INFO | training starts
2026-06-12 07:01:26,378 | INFO | model initialized
2026-06-12 07:01:26,534 | INFO | LR scheduler: <torch.optim.lr_scheduler.CosineAnnealingLR object at 0x711912dc4a00>
2026-06-12 07:01:26,534 | INFO | Parameters by layer:
2026-06-12 07:01:26,535 | INFO | Total parameters: 304.4106M
2026-06-12 07:01:26,535 | INFO | Trainable parameters: 1.0599M
2026-06-12 07:01:26,535 | INFO | ======== starting epoch 1 ========
2026-06-12 07:01:26,535 | INFO | epoch 1 LR at start of epoch: 0.001000
2026-06-12 07:01:26,535 | INFO | [VALIDATION STEP]
2026-06-12 07:01:37,795 | INFO | [epoch 1 | val | batch 0 start] allocated=2939.9MB | reserved=14190.0MB | peak=12395.9MB
2026-06-12 07:02:25,242 | INFO | [epoch 1 | val | batch 10 start] allocated=2939.9MB | reserved=14190.0MB | peak=12395.9MB
2026-06-12 07:03:12,250 | INFO | [epoch 1 | val | batch 20 start] allocated=2939.9MB | reserved=14190.0MB | peak=12395.9MB
2026-06-12 07:03:23,942 | INFO | epoch 1 val loss (mean of batches): 1.45
2026-06-12 07:03:23,942 | INFO | epoch 1 val loss history: [1.4459999799728394]
2026-06-12 07:03:23,942 | INFO | epoch 1 val c-index (total sample): 0.54
2026-06-12 07:03:23,942 | INFO | epoch 1 val c-index history: [0.535]
2026-06-12 07:03:23,945 | INFO | [TRAINING STEP]
2026-06-12 07:03:31,959 | INFO | [epoch 1 | train | batch 0 start] allocated=2351.9MB | reserved=14190.0MB | peak=12395.9MB
2026-06-12 07:03:32,198 | INFO |     task_logits from  -0.392578125 to 0.1103515625
2026-06-12 07:04:08,394 | INFO | [epoch 1 | train | batch 10 start] allocated=2364.0MB | reserved=14190.0MB | peak=12395.9MB
2026-06-12 07:04:43,334 | INFO | [epoch 1 | train | batch 20 start] allocated=2364.0MB | reserved=14190.0MB | peak=12395.9MB
2026-06-12 07:05:20,902 | INFO | [epoch 1 | train | batch 30 start] allocated=2364.0MB | reserved=14190.0MB | peak=12395.9MB
2026-06-12 07:05:57,614 | INFO | [epoch 1 | train | batch 40 start] allocated=2364.0MB | reserved=14190.0MB | peak=12395.9MB
2026-06-12 07:06:32,449 | INFO | [epoch 1 | train | batch 50 start] allocated=2364.0MB | reserved=14190.0MB | peak=12395.9MB
2026-06-12 07:07:07,046 | INFO | [epoch 1 | train | batch 60 start] allocated=2364.0MB | reserved=14190.0MB | peak=12395.9MB
2026-06-12 07:07:43,810 | INFO | [epoch 1 | train | batch 70 start] allocated=2364.0MB | reserved=14190.0MB | peak=12395.9MB
2026-06-12 07:08:19,014 | INFO | [epoch 1 | train | batch 80 start] allocated=2364.0MB | reserved=14190.0MB | peak=12395.9MB
2026-06-12 07:08:51,969 | INFO | [epoch 1 | train | batch 90 start] allocated=2364.0MB | reserved=14190.0MB | peak=12395.9MB
2026-06-12 07:08:52,445 | INFO | epoch 1 train total loss: 1.10
2026-06-12 07:08:52,445 | INFO | epoch 1 train concept loss: 0.92
2026-06-12 07:08:52,445 | INFO | epoch 1 train task loss: 0.17
2026-06-12 07:08:52,445 | INFO | epoch 1 train total loss history: [1.0950000286102295]
2026-06-12 07:08:52,445 | INFO | epoch 1 train concept loss history: [0.9210000038146973]
2026-06-12 07:08:52,445 | INFO | epoch 1 train task loss history: [0.17299999296665192]
2026-06-12 07:08:52,446 | INFO | epoch 1 complete
2026-06-12 07:08:52,446 | INFO | ======== starting epoch 2 ========
2026-06-12 07:08:52,446 | INFO | epoch 2 LR at start of epoch: 0.000976
2026-06-12 07:08:52,446 | INFO | [VALIDATION STEP]
2026-06-12 07:09:02,563 | INFO | [epoch 2 | val | batch 0 start] allocated=2952.0MB | reserved=14190.0MB | peak=12408.0MB
2026-06-12 07:09:50,446 | INFO | [epoch 2 | val | batch 10 start] allocated=2952.0MB | reserved=14190.0MB | peak=12408.0MB
2026-06-12 07:10:37,342 | INFO | [epoch 2 | val | batch 20 start] allocated=2952.0MB | reserved=14190.0MB | peak=12408.0MB
2026-06-12 07:10:49,035 | INFO | epoch 2 val loss (mean of batches): 0.97
2026-06-12 07:10:49,035 | INFO | epoch 2 val loss history: [1.4459999799728394, 0.9739999771118164]
2026-06-12 07:10:49,035 | INFO | epoch 2 val c-index (total sample): 0.67
2026-06-12 07:10:49,035 | INFO | epoch 2 val c-index history: [0.535, 0.671]
2026-06-12 07:10:49,037 | INFO | [TRAINING STEP]
2026-06-12 07:10:57,137 | INFO | [epoch 2 | train | batch 0 start] allocated=2364.0MB | reserved=14190.0MB | peak=12408.0MB
2026-06-12 07:10:57,376 | INFO |     task_logits from  -2.546875 to -1.203125
2026-06-12 07:11:32,370 | INFO | [epoch 2 | train | batch 10 start] allocated=2364.0MB | reserved=14190.0MB | peak=12408.0MB
2026-06-12 07:12:18,960 | INFO | [epoch 2 | train | batch 20 start] allocated=2364.0MB | reserved=14190.0MB | peak=12408.0MB
2026-06-12 07:12:54,910 | INFO | [epoch 2 | train | batch 30 start] allocated=2364.0MB | reserved=14190.0MB | peak=12408.0MB
2026-06-12 07:13:28,183 | INFO | [epoch 2 | train | batch 40 start] allocated=2364.0MB | reserved=14190.0MB | peak=12408.0MB
2026-06-12 07:14:03,250 | INFO | [epoch 2 | train | batch 50 start] allocated=2364.0MB | reserved=14190.0MB | peak=12408.0MB
2026-06-12 07:14:39,344 | INFO | [epoch 2 | train | batch 60 start] allocated=2364.0MB | reserved=14190.0MB | peak=12408.0MB
2026-06-12 07:15:14,563 | INFO | [epoch 2 | train | batch 70 start] allocated=2364.0MB | reserved=14190.0MB | peak=12408.0MB
2026-06-12 07:15:49,565 | INFO | [epoch 2 | train | batch 80 start] allocated=2364.0MB | reserved=14190.0MB | peak=12408.0MB
2026-06-12 07:16:25,618 | INFO | [epoch 2 | train | batch 90 start] allocated=2364.0MB | reserved=14190.0MB | peak=12408.0MB
2026-06-12 07:16:26,414 | INFO | epoch 2 train total loss: 0.91
2026-06-12 07:16:26,414 | INFO | epoch 2 train concept loss: 0.77
2026-06-12 07:16:26,414 | INFO | epoch 2 train task loss: 0.14
2026-06-12 07:16:26,414 | INFO | epoch 2 train total loss history: [1.0950000286102295, 0.9070000052452087]
2026-06-12 07:16:26,414 | INFO | epoch 2 train concept loss history: [0.9210000038146973, 0.7710000276565552]
2026-06-12 07:16:26,414 | INFO | epoch 2 train task loss history: [0.17299999296665192, 0.13699999451637268]
2026-06-12 07:16:26,414 | INFO | epoch 2 complete
2026-06-12 07:16:26,414 | INFO | ======== starting epoch 3 ========
2026-06-12 07:16:26,414 | INFO | epoch 3 LR at start of epoch: 0.000905
2026-06-12 07:16:26,414 | INFO | [VALIDATION STEP]
2026-06-12 07:16:37,086 | INFO | [epoch 3 | val | batch 0 start] allocated=2952.0MB | reserved=14190.0MB | peak=12408.0MB
2026-06-12 07:17:24,085 | INFO | [epoch 3 | val | batch 10 start] allocated=2952.0MB | reserved=14190.0MB | peak=12408.0MB
2026-06-12 07:18:10,985 | INFO | [epoch 3 | val | batch 20 start] allocated=2952.0MB | reserved=14190.0MB | peak=12408.0MB
2026-06-12 07:18:22,677 | INFO | epoch 3 val loss (mean of batches): 0.95
2026-06-12 07:18:22,677 | INFO | epoch 3 val loss history: [1.4459999799728394, 0.9739999771118164, 0.9459999799728394]
2026-06-12 07:18:22,677 | INFO | epoch 3 val c-index (total sample): 0.61
2026-06-12 07:18:22,677 | INFO | epoch 3 val c-index history: [0.535, 0.671, 0.615]
2026-06-12 07:18:22,680 | INFO | [TRAINING STEP]
2026-06-12 07:18:29,544 | INFO | [epoch 3 | train | batch 0 start] allocated=2364.0MB | reserved=14190.0MB | peak=12408.0MB
2026-06-12 07:18:29,784 | INFO |     task_logits from  -3.078125 to -1.1171875
2026-06-12 07:19:05,918 | INFO | [epoch 3 | train | batch 10 start] allocated=2364.0MB | reserved=14190.0MB | peak=12408.0MB
2026-06-12 07:19:40,147 | INFO | [epoch 3 | train | batch 20 start] allocated=2364.0MB | reserved=14190.0MB | peak=12408.0MB
2026-06-12 07:20:15,861 | INFO | [epoch 3 | train | batch 30 start] allocated=2364.0MB | reserved=14190.0MB | peak=12408.0MB
2026-06-12 07:20:51,156 | INFO | [epoch 3 | train | batch 40 start] allocated=2364.0MB | reserved=14190.0MB | peak=12408.0MB
2026-06-12 07:21:26,255 | INFO | [epoch 3 | train | batch 50 start] allocated=2364.0MB | reserved=14190.0MB | peak=12408.0MB
2026-06-12 07:22:02,207 | INFO | [epoch 3 | train | batch 60 start] allocated=2364.0MB | reserved=14190.0MB | peak=12408.0MB
2026-06-12 07:22:36,905 | INFO | [epoch 3 | train | batch 70 start] allocated=2364.0MB | reserved=14190.0MB | peak=12408.0MB
2026-06-12 07:23:12,725 | INFO | [epoch 3 | train | batch 80 start] allocated=2364.0MB | reserved=14190.0MB | peak=12408.0MB
2026-06-12 07:23:48,486 | INFO | [epoch 3 | train | batch 90 start] allocated=2364.0MB | reserved=14190.0MB | peak=12408.0MB
2026-06-12 07:23:49,961 | INFO | epoch 3 train total loss: 0.84
2026-06-12 07:23:49,961 | INFO | epoch 3 train concept loss: 0.71
2026-06-12 07:23:49,961 | INFO | epoch 3 train task loss: 0.12
2026-06-12 07:23:49,961 | INFO | epoch 3 train total loss history: [1.0950000286102295, 0.9070000052452087, 0.8389999866485596]
2026-06-12 07:23:49,961 | INFO | epoch 3 train concept loss history: [0.9210000038146973, 0.7710000276565552, 0.7149999737739563]
2026-06-12 07:23:49,961 | INFO | epoch 3 train task loss history: [0.17299999296665192, 0.13699999451637268, 0.12399999797344208]
2026-06-12 07:23:49,962 | INFO | epoch 3 complete
2026-06-12 07:23:49,962 | INFO | ======== starting epoch 4 ========
2026-06-12 07:23:49,962 | INFO | epoch 4 LR at start of epoch: 0.000794
2026-06-12 07:23:49,962 | INFO | [VALIDATION STEP]
2026-06-12 07:24:00,363 | INFO | [epoch 4 | val | batch 0 start] allocated=2952.0MB | reserved=14190.0MB | peak=12408.0MB
2026-06-12 07:24:48,181 | INFO | [epoch 4 | val | batch 10 start] allocated=2952.0MB | reserved=14190.0MB | peak=12408.0MB
2026-06-12 07:25:35,055 | INFO | [epoch 4 | val | batch 20 start] allocated=2952.0MB | reserved=14190.0MB | peak=12408.0MB
2026-06-12 07:25:46,747 | INFO | epoch 4 val loss (mean of batches): 0.98
2026-06-12 07:25:46,747 | INFO | epoch 4 val loss history: [1.4459999799728394, 0.9739999771118164, 0.9459999799728394, 0.9760000109672546]
2026-06-12 07:25:46,747 | INFO | epoch 4 val c-index (total sample): 0.64
2026-06-12 07:25:46,747 | INFO | epoch 4 val c-index history: [0.535, 0.671, 0.615, 0.639]
2026-06-12 07:25:46,749 | INFO | [TRAINING STEP]
2026-06-12 07:25:54,026 | INFO | [epoch 4 | train | batch 0 start] allocated=2364.0MB | reserved=14190.0MB | peak=12408.0MB
2026-06-12 07:25:54,269 | INFO |     task_logits from  -4.53125 to -1.5
2026-06-12 07:26:36,205 | INFO | [epoch 4 | train | batch 10 start] allocated=2364.0MB | reserved=14190.0MB | peak=12408.0MB
2026-06-12 07:27:11,370 | INFO | [epoch 4 | train | batch 20 start] allocated=2364.0MB | reserved=14190.0MB | peak=12408.0MB
2026-06-12 07:27:45,401 | INFO | [epoch 4 | train | batch 30 start] allocated=2364.0MB | reserved=14190.0MB | peak=12408.0MB
2026-06-12 07:28:19,833 | INFO | [epoch 4 | train | batch 40 start] allocated=2364.0MB | reserved=14190.0MB | peak=12408.0MB
2026-06-12 07:28:54,124 | INFO | [epoch 4 | train | batch 50 start] allocated=2364.0MB | reserved=14190.0MB | peak=12408.0MB
2026-06-12 07:29:29,326 | INFO | [epoch 4 | train | batch 60 start] allocated=2364.0MB | reserved=14190.0MB | peak=12408.0MB
2026-06-12 07:30:03,762 | INFO | [epoch 4 | train | batch 70 start] allocated=2364.0MB | reserved=14190.0MB | peak=12408.0MB
2026-06-12 07:30:38,388 | INFO | [epoch 4 | train | batch 80 start] allocated=2364.0MB | reserved=14190.0MB | peak=12408.0MB
2026-06-12 07:31:13,339 | INFO | [epoch 4 | train | batch 90 start] allocated=2364.0MB | reserved=14190.0MB | peak=12408.0MB
2026-06-12 07:31:13,813 | INFO | epoch 4 train total loss: 0.77
2026-06-12 07:31:13,813 | INFO | epoch 4 train concept loss: 0.66
2026-06-12 07:31:13,813 | INFO | epoch 4 train task loss: 0.11
2026-06-12 07:31:13,813 | INFO | epoch 4 train total loss history: [1.0950000286102295, 0.9070000052452087, 0.8389999866485596, 0.7699999809265137]
2026-06-12 07:31:13,813 | INFO | epoch 4 train concept loss history: [0.9210000038146973, 0.7710000276565552, 0.7149999737739563, 0.656000018119812]
2026-06-12 07:31:13,813 | INFO | epoch 4 train task loss history: [0.17299999296665192, 0.13699999451637268, 0.12399999797344208, 0.11400000005960464]
2026-06-12 07:31:13,813 | INFO | epoch 4 complete
2026-06-12 07:31:13,813 | INFO | ======== starting epoch 5 ========
2026-06-12 07:31:13,813 | INFO | epoch 5 LR at start of epoch: 0.000655
2026-06-12 07:31:13,813 | INFO | [VALIDATION STEP]
2026-06-12 07:31:23,608 | INFO | [epoch 5 | val | batch 0 start] allocated=2952.0MB | reserved=14190.0MB | peak=12408.0MB
2026-06-12 07:32:10,457 | INFO | [epoch 5 | val | batch 10 start] allocated=2952.0MB | reserved=14190.0MB | peak=12408.0MB
2026-06-12 07:32:57,392 | INFO | [epoch 5 | val | batch 20 start] allocated=2952.0MB | reserved=14190.0MB | peak=12408.0MB
2026-06-12 07:33:09,083 | INFO | epoch 5 val loss (mean of batches): 0.99
2026-06-12 07:33:09,083 | INFO | epoch 5 val loss history: [1.4459999799728394, 0.9739999771118164, 0.9459999799728394, 0.9760000109672546, 0.9869999885559082]
2026-06-12 07:33:09,083 | INFO | epoch 5 val c-index (total sample): 0.68
2026-06-12 07:33:09,083 | INFO | epoch 5 val c-index history: [0.535, 0.671, 0.615, 0.639, 0.677]
2026-06-12 07:33:09,086 | INFO | [TRAINING STEP]
2026-06-12 07:33:16,579 | INFO | [epoch 5 | train | batch 0 start] allocated=2364.0MB | reserved=14190.0MB | peak=12408.0MB
2026-06-12 07:33:16,820 | INFO |     task_logits from  -3.796875 to -1.78125
2026-06-12 07:33:52,889 | INFO | [epoch 5 | train | batch 10 start] allocated=2364.0MB | reserved=14190.0MB | peak=12408.0MB
2026-06-12 07:34:28,122 | INFO | [epoch 5 | train | batch 20 start] allocated=2364.0MB | reserved=14190.0MB | peak=12408.0MB
2026-06-12 07:35:03,317 | INFO | [epoch 5 | train | batch 30 start] allocated=2364.0MB | reserved=14190.0MB | peak=12408.0MB
2026-06-12 07:35:38,734 | INFO | [epoch 5 | train | batch 40 start] allocated=2364.0MB | reserved=14190.0MB | peak=12408.0MB
2026-06-12 07:36:12,619 | INFO | [epoch 5 | train | batch 50 start] allocated=2364.0MB | reserved=14190.0MB | peak=12408.0MB
2026-06-12 07:36:48,749 | INFO | [epoch 5 | train | batch 60 start] allocated=2364.0MB | reserved=14190.0MB | peak=12408.0MB
2026-06-12 07:37:23,419 | INFO | [epoch 5 | train | batch 70 start] allocated=2364.0MB | reserved=14190.0MB | peak=12408.0MB
2026-06-12 07:37:58,865 | INFO | [epoch 5 | train | batch 80 start] allocated=2364.0MB | reserved=14190.0MB | peak=12408.0MB
2026-06-12 07:38:32,731 | INFO | [epoch 5 | train | batch 90 start] allocated=2364.0MB | reserved=14190.0MB | peak=12408.0MB
2026-06-12 07:38:35,081 | INFO | epoch 5 train total loss: 0.70
2026-06-12 07:38:35,081 | INFO | epoch 5 train concept loss: 0.60
2026-06-12 07:38:35,081 | INFO | epoch 5 train task loss: 0.10
2026-06-12 07:38:35,081 | INFO | epoch 5 train total loss history: [1.0950000286102295, 0.9070000052452087, 0.8389999866485596, 0.7699999809265137, 0.6990000009536743]
2026-06-12 07:38:35,081 | INFO | epoch 5 train concept loss history: [0.9210000038146973, 0.7710000276565552, 0.7149999737739563, 0.656000018119812, 0.6010000109672546]
2026-06-12 07:38:35,081 | INFO | epoch 5 train task loss history: [0.17299999296665192, 0.13699999451637268, 0.12399999797344208, 0.11400000005960464, 0.09799999743700027]
2026-06-12 07:38:35,081 | INFO | epoch 5 complete
2026-06-12 07:38:35,081 | INFO | ======== starting epoch 6 ========
2026-06-12 07:38:35,081 | INFO | epoch 6 LR at start of epoch: 0.000500
2026-06-12 07:38:35,081 | INFO | [VALIDATION STEP]
2026-06-12 07:38:45,410 | INFO | [epoch 6 | val | batch 0 start] allocated=2952.0MB | reserved=14190.0MB | peak=12408.0MB
2026-06-12 07:39:32,573 | INFO | [epoch 6 | val | batch 10 start] allocated=2952.0MB | reserved=14190.0MB | peak=12408.0MB
2026-06-12 07:40:19,482 | INFO | [epoch 6 | val | batch 20 start] allocated=2952.0MB | reserved=14190.0MB | peak=12408.0MB
2026-06-12 07:40:31,187 | INFO | epoch 6 val loss (mean of batches): 0.98
2026-06-12 07:40:31,187 | INFO | epoch 6 val loss history: [1.4459999799728394, 0.9739999771118164, 0.9459999799728394, 0.9760000109672546, 0.9869999885559082, 0.9769999980926514]
2026-06-12 07:40:31,187 | INFO | epoch 6 val c-index (total sample): 0.68
2026-06-12 07:40:31,187 | INFO | epoch 6 val c-index history: [0.535, 0.671, 0.615, 0.639, 0.677, 0.678]
2026-06-12 07:40:31,189 | INFO | [TRAINING STEP]
2026-06-12 07:40:38,158 | INFO | [epoch 6 | train | batch 0 start] allocated=2364.0MB | reserved=14190.0MB | peak=12408.0MB
2026-06-12 07:40:38,393 | INFO |     task_logits from  -4.375 to -1.8828125
2026-06-12 07:41:11,981 | INFO | [epoch 6 | train | batch 10 start] allocated=2364.0MB | reserved=14190.0MB | peak=12408.0MB
2026-06-12 07:41:45,360 | INFO | [epoch 6 | train | batch 20 start] allocated=2364.0MB | reserved=14190.0MB | peak=12408.0MB
2026-06-12 07:42:19,308 | INFO | [epoch 6 | train | batch 30 start] allocated=2364.0MB | reserved=14190.0MB | peak=12408.0MB
2026-06-12 07:42:53,561 | INFO | [epoch 6 | train | batch 40 start] allocated=2364.0MB | reserved=14190.0MB | peak=12408.0MB
2026-06-12 07:43:28,327 | INFO | [epoch 6 | train | batch 50 start] allocated=2364.0MB | reserved=14190.0MB | peak=12408.0MB
2026-06-12 07:44:02,907 | INFO | [epoch 6 | train | batch 60 start] allocated=2364.0MB | reserved=14190.0MB | peak=12408.0MB
2026-06-12 07:44:36,373 | INFO | [epoch 6 | train | batch 70 start] allocated=2364.0MB | reserved=14190.0MB | peak=12408.0MB
2026-06-12 07:45:10,318 | INFO | [epoch 6 | train | batch 80 start] allocated=2364.0MB | reserved=14190.0MB | peak=12408.0MB
2026-06-12 07:45:45,541 | INFO | [epoch 6 | train | batch 90 start] allocated=2364.0MB | reserved=14190.0MB | peak=12408.0MB
2026-06-12 07:45:46,690 | INFO | epoch 6 train total loss: 0.65
2026-06-12 07:45:46,690 | INFO | epoch 6 train concept loss: 0.56
2026-06-12 07:45:46,690 | INFO | epoch 6 train task loss: 0.09
2026-06-12 07:45:46,690 | INFO | epoch 6 train total loss history: [1.0950000286102295, 0.9070000052452087, 0.8389999866485596, 0.7699999809265137, 0.6990000009536743, 0.6520000100135803]
2026-06-12 07:45:46,690 | INFO | epoch 6 train concept loss history: [0.9210000038146973, 0.7710000276565552, 0.7149999737739563, 0.656000018119812, 0.6010000109672546, 0.5580000281333923]
2026-06-12 07:45:46,690 | INFO | epoch 6 train task loss history: [0.17299999296665192, 0.13699999451637268, 0.12399999797344208, 0.11400000005960464, 0.09799999743700027, 0.09399999678134918]
2026-06-12 07:45:46,691 | INFO | epoch 6 complete
2026-06-12 07:45:46,691 | INFO | ======== starting epoch 7 ========
2026-06-12 07:45:46,691 | INFO | epoch 7 LR at start of epoch: 0.000345
2026-06-12 07:45:46,691 | INFO | [VALIDATION STEP]
2026-06-12 07:45:56,778 | INFO | [epoch 7 | val | batch 0 start] allocated=2952.0MB | reserved=14190.0MB | peak=12408.0MB
2026-06-12 07:46:43,987 | INFO | [epoch 7 | val | batch 10 start] allocated=2952.0MB | reserved=14190.0MB | peak=12408.0MB
2026-06-12 07:47:30,948 | INFO | [epoch 7 | val | batch 20 start] allocated=2952.0MB | reserved=14190.0MB | peak=12408.0MB
2026-06-12 07:47:42,666 | INFO | epoch 7 val loss (mean of batches): 0.99
2026-06-12 07:47:42,666 | INFO | epoch 7 val loss history: [1.4459999799728394, 0.9739999771118164, 0.9459999799728394, 0.9760000109672546, 0.9869999885559082, 0.9769999980926514, 0.9909999966621399]
2026-06-12 07:47:42,666 | INFO | epoch 7 val c-index (total sample): 0.67
2026-06-12 07:47:42,666 | INFO | epoch 7 val c-index history: [0.535, 0.671, 0.615, 0.639, 0.677, 0.678, 0.673]
2026-06-12 07:47:42,668 | INFO | [TRAINING STEP]
2026-06-12 07:47:50,481 | INFO | [epoch 7 | train | batch 0 start] allocated=2364.0MB | reserved=14190.0MB | peak=12408.0MB
2026-06-12 07:47:50,716 | INFO |     task_logits from  -3.640625 to -1.421875
2026-06-12 07:48:25,596 | INFO | [epoch 7 | train | batch 10 start] allocated=2364.0MB | reserved=14190.0MB | peak=12408.0MB
2026-06-12 07:49:01,968 | INFO | [epoch 7 | train | batch 20 start] allocated=2364.0MB | reserved=14190.0MB | peak=12408.0MB
2026-06-12 07:49:37,326 | INFO | [epoch 7 | train | batch 30 start] allocated=2364.0MB | reserved=14190.0MB | peak=12408.0MB
2026-06-12 07:50:13,610 | INFO | [epoch 7 | train | batch 40 start] allocated=2364.0MB | reserved=14190.0MB | peak=12408.0MB
2026-06-12 07:50:47,710 | INFO | [epoch 7 | train | batch 50 start] allocated=2364.0MB | reserved=14190.0MB | peak=12408.0MB
2026-06-12 07:51:21,191 | INFO | [epoch 7 | train | batch 60 start] allocated=2364.0MB | reserved=14190.0MB | peak=12408.0MB
2026-06-12 07:51:55,292 | INFO | [epoch 7 | train | batch 70 start] allocated=2364.0MB | reserved=14190.0MB | peak=12408.0MB
2026-06-12 07:52:30,747 | INFO | [epoch 7 | train | batch 80 start] allocated=2364.0MB | reserved=14190.0MB | peak=12408.0MB
2026-06-12 07:53:03,579 | INFO | [epoch 7 | train | batch 90 start] allocated=2364.0MB | reserved=14190.0MB | peak=12408.0MB
2026-06-12 07:53:06,108 | INFO | epoch 7 train total loss: 0.61
2026-06-12 07:53:06,108 | INFO | epoch 7 train concept loss: 0.51
2026-06-12 07:53:06,108 | INFO | epoch 7 train task loss: 0.09
2026-06-12 07:53:06,108 | INFO | epoch 7 train total loss history: [1.0950000286102295, 0.9070000052452087, 0.8389999866485596, 0.7699999809265137, 0.6990000009536743, 0.6520000100135803, 0.6060000061988831]
2026-06-12 07:53:06,108 | INFO | epoch 7 train concept loss history: [0.9210000038146973, 0.7710000276565552, 0.7149999737739563, 0.656000018119812, 0.6010000109672546, 0.5580000281333923, 0.5120000243186951]
2026-06-12 07:53:06,108 | INFO | epoch 7 train task loss history: [0.17299999296665192, 0.13699999451637268, 0.12399999797344208, 0.11400000005960464, 0.09799999743700027, 0.09399999678134918, 0.09399999678134918]
2026-06-12 07:53:06,109 | INFO | epoch 7 complete
2026-06-12 07:53:06,109 | INFO | ======== starting epoch 8 ========
2026-06-12 07:53:06,109 | INFO | epoch 8 LR at start of epoch: 0.000206
2026-06-12 07:53:06,109 | INFO | [VALIDATION STEP]
2026-06-12 07:53:16,846 | INFO | [epoch 8 | val | batch 0 start] allocated=2952.0MB | reserved=14190.0MB | peak=12408.0MB
2026-06-12 07:54:03,830 | INFO | [epoch 8 | val | batch 10 start] allocated=2952.0MB | reserved=14190.0MB | peak=12408.0MB
2026-06-12 07:54:50,721 | INFO | [epoch 8 | val | batch 20 start] allocated=2952.0MB | reserved=14190.0MB | peak=12408.0MB
2026-06-12 07:55:02,412 | INFO | epoch 8 val loss (mean of batches): 1.00
2026-06-12 07:55:02,412 | INFO | epoch 8 val loss history: [1.4459999799728394, 0.9739999771118164, 0.9459999799728394, 0.9760000109672546, 0.9869999885559082, 0.9769999980926514, 0.9909999966621399, 1.0]
2026-06-12 07:55:02,412 | INFO | epoch 8 val c-index (total sample): 0.67
2026-06-12 07:55:02,412 | INFO | epoch 8 val c-index history: [0.535, 0.671, 0.615, 0.639, 0.677, 0.678, 0.673, 0.67]
2026-06-12 07:55:02,415 | INFO | [TRAINING STEP]
2026-06-12 07:55:10,555 | INFO | [epoch 8 | train | batch 0 start] allocated=2364.0MB | reserved=14190.0MB | peak=12408.0MB
2026-06-12 07:55:10,790 | INFO |     task_logits from  -4.84375 to -1.8828125
2026-06-12 07:55:44,493 | INFO | [epoch 8 | train | batch 10 start] allocated=2364.0MB | reserved=14190.0MB | peak=12408.0MB
2026-06-12 07:56:21,080 | INFO | [epoch 8 | train | batch 20 start] allocated=2364.0MB | reserved=14190.0MB | peak=12408.0MB
2026-06-12 07:56:54,765 | INFO | [epoch 8 | train | batch 30 start] allocated=2364.0MB | reserved=14190.0MB | peak=12408.0MB
2026-06-12 07:57:28,453 | INFO | [epoch 8 | train | batch 40 start] allocated=2364.0MB | reserved=14190.0MB | peak=12408.0MB
2026-06-12 07:58:02,983 | INFO | [epoch 8 | train | batch 50 start] allocated=2364.0MB | reserved=14190.0MB | peak=12408.0MB
2026-06-12 07:58:36,806 | INFO | [epoch 8 | train | batch 60 start] allocated=2364.0MB | reserved=14190.0MB | peak=12408.0MB
2026-06-12 07:59:13,138 | INFO | [epoch 8 | train | batch 70 start] allocated=2364.0MB | reserved=14190.0MB | peak=12408.0MB
2026-06-12 07:59:50,359 | INFO | [epoch 8 | train | batch 80 start] allocated=2364.0MB | reserved=14190.0MB | peak=12408.0MB
2026-06-12 08:00:24,599 | INFO | [epoch 8 | train | batch 90 start] allocated=2364.0MB | reserved=14190.0MB | peak=12408.0MB
2026-06-12 08:00:30,870 | INFO | epoch 8 train total loss: 0.56
2026-06-12 08:00:30,871 | INFO | epoch 8 train concept loss: 0.49
2026-06-12 08:00:30,871 | INFO | epoch 8 train task loss: 0.07
2026-06-12 08:00:30,871 | INFO | epoch 8 train total loss history: [1.0950000286102295, 0.9070000052452087, 0.8389999866485596, 0.7699999809265137, 0.6990000009536743, 0.6520000100135803, 0.6060000061988831, 0.5600000023841858]
2026-06-12 08:00:30,871 | INFO | epoch 8 train concept loss history: [0.9210000038146973, 0.7710000276565552, 0.7149999737739563, 0.656000018119812, 0.6010000109672546, 0.5580000281333923, 0.5120000243186951, 0.48500001430511475]
2026-06-12 08:00:30,871 | INFO | epoch 8 train task loss history: [0.17299999296665192, 0.13699999451637268, 0.12399999797344208, 0.11400000005960464, 0.09799999743700027, 0.09399999678134918, 0.09399999678134918, 0.07400000095367432]
2026-06-12 08:00:30,871 | INFO | epoch 8 complete
2026-06-12 08:00:30,871 | INFO | ======== starting epoch 9 ========
2026-06-12 08:00:30,871 | INFO | epoch 9 LR at start of epoch: 0.000095
2026-06-12 08:00:30,871 | INFO | [VALIDATION STEP]
2026-06-12 08:00:41,111 | INFO | [epoch 9 | val | batch 0 start] allocated=2952.0MB | reserved=14190.0MB | peak=12408.0MB
2026-06-12 08:01:29,684 | INFO | [epoch 9 | val | batch 10 start] allocated=2952.0MB | reserved=14190.0MB | peak=12408.0MB
2026-06-12 08:02:16,753 | INFO | [epoch 9 | val | batch 20 start] allocated=2952.0MB | reserved=14190.0MB | peak=12408.0MB
2026-06-12 08:02:28,455 | INFO | epoch 9 val loss (mean of batches): 1.00
2026-06-12 08:02:28,455 | INFO | epoch 9 val loss history: [1.4459999799728394, 0.9739999771118164, 0.9459999799728394, 0.9760000109672546, 0.9869999885559082, 0.9769999980926514, 0.9909999966621399, 1.0, 0.9950000047683716]
2026-06-12 08:02:28,455 | INFO | epoch 9 val c-index (total sample): 0.68
2026-06-12 08:02:28,455 | INFO | epoch 9 val c-index history: [0.535, 0.671, 0.615, 0.639, 0.677, 0.678, 0.673, 0.67, 0.681]
2026-06-12 08:02:28,457 | INFO | [TRAINING STEP]
2026-06-12 08:02:36,855 | INFO | [epoch 9 | train | batch 0 start] allocated=2364.0MB | reserved=14190.0MB | peak=12408.0MB
2026-06-12 08:02:37,092 | INFO |     task_logits from  -5.40625 to -0.90625
2026-06-12 08:03:11,678 | INFO | [epoch 9 | train | batch 10 start] allocated=2364.0MB | reserved=14190.0MB | peak=12408.0MB
2026-06-12 08:03:48,106 | INFO | [epoch 9 | train | batch 20 start] allocated=2364.0MB | reserved=14190.0MB | peak=12408.0MB
2026-06-12 08:04:22,262 | INFO | [epoch 9 | train | batch 30 start] allocated=2364.0MB | reserved=14190.0MB | peak=12408.0MB
2026-06-12 08:04:57,995 | INFO | [epoch 9 | train | batch 40 start] allocated=2364.0MB | reserved=14190.0MB | peak=12408.0MB
2026-06-12 08:05:34,804 | INFO | [epoch 9 | train | batch 50 start] allocated=2364.0MB | reserved=14190.0MB | peak=12408.0MB
2026-06-12 08:06:08,597 | INFO | [epoch 9 | train | batch 60 start] allocated=2364.0MB | reserved=14190.0MB | peak=12408.0MB
2026-06-12 08:06:43,224 | INFO | [epoch 9 | train | batch 70 start] allocated=2364.0MB | reserved=14190.0MB | peak=12408.0MB
2026-06-12 08:07:17,936 | INFO | [epoch 9 | train | batch 80 start] allocated=2364.0MB | reserved=14190.0MB | peak=12408.0MB
2026-06-12 08:07:51,778 | INFO | [epoch 9 | train | batch 90 start] allocated=2364.0MB | reserved=14190.0MB | peak=12408.0MB
2026-06-12 08:07:55,168 | INFO | epoch 9 train total loss: 0.54
2026-06-12 08:07:55,169 | INFO | epoch 9 train concept loss: 0.46
2026-06-12 08:07:55,169 | INFO | epoch 9 train task loss: 0.08
2026-06-12 08:07:55,169 | INFO | epoch 9 train total loss history: [1.0950000286102295, 0.9070000052452087, 0.8389999866485596, 0.7699999809265137, 0.6990000009536743, 0.6520000100135803, 0.6060000061988831, 0.5600000023841858, 0.5400000214576721]
2026-06-12 08:07:55,169 | INFO | epoch 9 train concept loss history: [0.9210000038146973, 0.7710000276565552, 0.7149999737739563, 0.656000018119812, 0.6010000109672546, 0.5580000281333923, 0.5120000243186951, 0.48500001430511475, 0.45899999141693115]
2026-06-12 08:07:55,169 | INFO | epoch 9 train task loss history: [0.17299999296665192, 0.13699999451637268, 0.12399999797344208, 0.11400000005960464, 0.09799999743700027, 0.09399999678134918, 0.09399999678134918, 0.07400000095367432, 0.08100000023841858]
2026-06-12 08:07:55,169 | INFO | epoch 9 complete
2026-06-12 08:07:55,169 | INFO | ======== starting epoch 10 ========
2026-06-12 08:07:55,169 | INFO | epoch 10 LR at start of epoch: 0.000024
2026-06-12 08:07:55,169 | INFO | [VALIDATION STEP]
2026-06-12 08:08:05,455 | INFO | [epoch 10 | val | batch 0 start] allocated=2952.0MB | reserved=14190.0MB | peak=12408.0MB
2026-06-12 08:08:52,514 | INFO | [epoch 10 | val | batch 10 start] allocated=2952.0MB | reserved=14190.0MB | peak=12408.0MB
2026-06-12 08:09:39,392 | INFO | [epoch 10 | val | batch 20 start] allocated=2952.0MB | reserved=14190.0MB | peak=12408.0MB
2026-06-12 08:09:51,082 | INFO | epoch 10 val loss (mean of batches): 1.02
2026-06-12 08:09:51,082 | INFO | epoch 10 val loss history: [1.4459999799728394, 0.9739999771118164, 0.9459999799728394, 0.9760000109672546, 0.9869999885559082, 0.9769999980926514, 0.9909999966621399, 1.0, 0.9950000047683716, 1.0180000066757202]
2026-06-12 08:09:51,082 | INFO | epoch 10 val c-index (total sample): 0.66
2026-06-12 08:09:51,082 | INFO | epoch 10 val c-index history: [0.535, 0.671, 0.615, 0.639, 0.677, 0.678, 0.673, 0.67, 0.681, 0.661]
2026-06-12 08:09:51,085 | INFO | [TRAINING STEP]
2026-06-12 08:09:59,073 | INFO | [epoch 10 | train | batch 0 start] allocated=2364.0MB | reserved=14190.0MB | peak=12408.0MB
2026-06-12 08:09:59,308 | INFO |     task_logits from  -5.375 to -1.6875
2026-06-12 08:10:41,731 | INFO | [epoch 10 | train | batch 10 start] allocated=2364.0MB | reserved=14190.0MB | peak=12408.0MB
2026-06-12 08:11:15,974 | INFO | [epoch 10 | train | batch 20 start] allocated=2364.0MB | reserved=14190.0MB | peak=12408.0MB
2026-06-12 08:12:04,341 | INFO | [epoch 10 | train | batch 30 start] allocated=2364.0MB | reserved=14190.0MB | peak=12408.0MB
2026-06-12 08:12:44,172 | INFO | [epoch 10 | train | batch 40 start] allocated=2364.0MB | reserved=14190.0MB | peak=12408.0MB
2026-06-12 08:13:20,753 | INFO | [epoch 10 | train | batch 50 start] allocated=2364.0MB | reserved=14190.0MB | peak=12408.0MB
2026-06-12 08:13:56,104 | INFO | [epoch 10 | train | batch 60 start] allocated=2364.0MB | reserved=14190.0MB | peak=12408.0MB
2026-06-12 08:14:32,061 | INFO | [epoch 10 | train | batch 70 start] allocated=2364.0MB | reserved=14190.0MB | peak=12408.0MB
2026-06-12 08:15:08,113 | INFO | [epoch 10 | train | batch 80 start] allocated=2364.0MB | reserved=14190.0MB | peak=12408.0MB
2026-06-12 08:15:45,218 | INFO | [epoch 10 | train | batch 90 start] allocated=2364.0MB | reserved=14190.0MB | peak=12408.0MB
2026-06-12 08:15:45,693 | INFO | epoch 10 train total loss: 0.50
2026-06-12 08:15:45,694 | INFO | epoch 10 train concept loss: 0.43
2026-06-12 08:15:45,694 | INFO | epoch 10 train task loss: 0.07
2026-06-12 08:15:45,694 | INFO | epoch 10 train total loss history: [1.0950000286102295, 0.9070000052452087, 0.8389999866485596, 0.7699999809265137, 0.6990000009536743, 0.6520000100135803, 0.6060000061988831, 0.5600000023841858, 0.5400000214576721, 0.5019999742507935]
2026-06-12 08:15:45,694 | INFO | epoch 10 train concept loss history: [0.9210000038146973, 0.7710000276565552, 0.7149999737739563, 0.656000018119812, 0.6010000109672546, 0.5580000281333923, 0.5120000243186951, 0.48500001430511475, 0.45899999141693115, 0.4320000112056732]
2026-06-12 08:15:45,694 | INFO | epoch 10 train task loss history: [0.17299999296665192, 0.13699999451637268, 0.12399999797344208, 0.11400000005960464, 0.09799999743700027, 0.09399999678134918, 0.09399999678134918, 0.07400000095367432, 0.08100000023841858, 0.07000000029802322]
2026-06-12 08:15:45,694 | INFO | epoch 10 complete
2026-06-12 08:15:45,697 | INFO | training complete
2026-06-12 08:15:45,697 | INFO | predicting on the validation set
2026-06-12 08:17:12,900 | INFO |   starting batch 1 of validation
2026-06-12 08:17:15,267 | INFO |   starting batch 2 of validation
2026-06-12 08:17:20,763 | INFO |   starting batch 3 of validation
2026-06-12 08:17:23,111 | INFO |   starting batch 4 of validation
2026-06-12 08:17:28,261 | INFO |   starting batch 5 of validation
2026-06-12 08:17:30,618 | INFO |   starting batch 6 of validation
2026-06-12 08:17:36,178 | INFO |   starting batch 7 of validation
2026-06-12 08:17:38,527 | INFO |   starting batch 8 of validation
2026-06-12 08:17:44,625 | INFO |   starting batch 9 of validation
2026-06-12 08:17:46,984 | INFO |   starting batch 10 of validation
2026-06-12 08:17:52,897 | INFO |   starting batch 11 of validation
2026-06-12 08:17:55,253 | INFO |   starting batch 12 of validation
2026-06-12 08:18:00,867 | INFO |   starting batch 13 of validation
2026-06-12 08:18:03,219 | INFO |   starting batch 14 of validation
2026-06-12 08:18:08,807 | INFO |   starting batch 15 of validation
2026-06-12 08:18:11,159 | INFO |   starting batch 16 of validation
2026-06-12 08:18:18,261 | INFO |   starting batch 17 of validation
2026-06-12 08:18:20,612 | INFO |   starting batch 18 of validation
2026-06-12 08:18:25,951 | INFO |   starting batch 19 of validation
2026-06-12 08:18:28,296 | INFO |   starting batch 20 of validation
2026-06-12 08:18:32,884 | INFO |   starting batch 21 of validation
2026-06-12 08:18:35,230 | INFO |   starting batch 22 of validation
2026-06-12 08:18:38,379 | INFO |   starting batch 23 of validation
2026-06-12 08:18:40,724 | INFO | measuring performance
2026-06-12 08:18:40,724 | INFO | y_test: (184, 2)
2026-06-12 08:18:40,724 | INFO | y_probs: (184, 1)
2026-06-12 08:18:40,724 | INFO | c_test: (184, 3)
2026-06-12 08:18:40,724 | INFO | c_probs: (184, 10)
2026-06-12 08:18:40,749 | INFO | results: {'task': {'c_index': 0.6718446601941748}, 'concepts': {'concept_0': {'0': {'precision': 0.2857142857142857, 'recall': 0.25, 'f1-score': 0.26666666666666666, 'support': 24.0}, '1': {'precision': 0.6287878787878788, 'recall': 0.7685185185185185, 'f1-score': 0.6916666666666667, 'support': 108.0}, '2': {'precision': 0.5483870967741935, 'recall': 0.3541666666666667, 'f1-score': 0.43037974683544306, 'support': 48.0}, '3': {'precision': nan, 'recall': 0.0, 'f1-score': 0.0, 'support': 4.0}, 'accuracy': 0.5760869565217391, 'macro avg': {'precision': 0.487629753758786, 'recall': 0.34317129629629634, 'f1-score': 0.3471782700421941, 'support': 184.0}, 'weighted avg': {'precision': 0.5616045245077502, 'recall': 0.5760869565217391, 'f1-score': 0.5530338470005504, 'support': 184.0}, 'auc': {'ovo': 0.7068061985596708}}, 'concept_1': {'0': {'precision': 0.7065217391304348, 'recall': 0.6372549019607843, 'f1-score': 0.6701030927835051, 'support': 102.0}, '1': {'precision': 0.38028169014084506, 'recall': 0.5294117647058824, 'f1-score': 0.4426229508196721, 'support': 51.0}, '2': {'precision': 0.2857142857142857, 'recall': 0.1935483870967742, 'f1-score': 0.23076923076923078, 'support': 31.0}, 'accuracy': 0.532608695652174, 'macro avg': {'precision': 0.45750590499518856, 'recall': 0.4534050179211469, 'f1-score': 0.447831758124136, 'support': 184.0}, 'weighted avg': {'precision': 0.5451996002479909, 'recall': 0.532608695652174, 'f1-score': 0.5330333266824291, 'support': 184.0}, 'auc': {'ovo': 0.6263079130028565}}, 'concept_2': {'0': {'precision': 0.808641975308642, 'recall': 0.916083916083916, 'f1-score': 0.8590163934426229, 'support': 143.0}, '1': {'precision': 0.36363636363636365, 'recall': 0.21052631578947367, 'f1-score': 0.26666666666666666, 'support': 38.0}, '2': {'precision': nan, 'recall': 0.0, 'f1-score': 0.0, 'support': 3.0}, 'accuracy': 0.7554347826086957, 'macro avg': {'precision': 0.5861391694725029, 'recall': 0.37553674395779657, 'f1-score': 0.37522768670309653, 'support': 184.0}, 'weighted avg': {'precision': 0.7152153828028599, 'recall': 0.7554347826086957, 'f1-score': 0.7226775956284152, 'support': 184.0}, 'auc': {'ovo': 0.6806935754304176}}}}
2026-06-12 08:18:40,776 | INFO | done
