2026-06-24 21:02:36,012 | INFO | starting test with run name: ft_lora_e7_1782331269/run_1
2026-06-24 21:02:36,043 | INFO | config loaded
2026-06-24 21:02:36,043 | INFO | STARTING TEST WITH:
2026-06-24 21:02:36,043 | INFO | BATCH SIZE 16
2026-06-24 21:02:36,043 | INFO | EPOCHS 10
2026-06-24 21:02:36,043 | INFO | importing
2026-06-24 21:04:17,601 | INFO | imports complete
2026-06-24 21:04:17,609 | INFO | making datasets
2026-06-24 21:04:17,645 | INFO | paitent data for 1000 patients
2026-06-24 21:04:17,645 | INFO | np_bags_dir: data/bags_np/bag_150/
2026-06-24 21:04:17,677 | INFO | np bags for 924 patients
2026-06-24 21:04:17,679 | INFO | 924 patients with data AND bags
2026-06-24 21:04:17,681 | INFO | training fold 0
2026-06-24 21:04:17,682 | INFO | train set size: 739
2026-06-24 21:04:17,682 | INFO | val set size: 185
2026-06-24 21:04:18,406 | INFO | cpu_count: 30
2026-06-24 21:04:18,406 | INFO | num_workers: 2
2026-06-24 21:04:18,408 | INFO | completed building dataloaders
2026-06-24 21:04:18,408 | INFO | training starts
2026-06-24 21:04:32,510 | INFO | model initialized
2026-06-24 21:04:32,848 | INFO | LR scheduler: <torch.optim.lr_scheduler.CosineAnnealingLR object at 0x70661947a290>
2026-06-24 21:04:32,848 | INFO | Parameters by layer:
2026-06-24 21:04:32,848 | INFO | vit_model.base_model.model.cls_token     | 1024       | [FROZEN]
2026-06-24 21:04:32,848 | INFO | vit_model.base_model.model.pos_embed     | 201728     | [FROZEN]
2026-06-24 21:04:32,848 | INFO | vit_model.base_model.model.patch_embed.proj.weight | 786432     | [FROZEN]
2026-06-24 21:04:32,848 | INFO | vit_model.base_model.model.patch_embed.proj.bias | 1024       | [FROZEN]
2026-06-24 21:04:32,848 | INFO | vit_model.base_model.model.blocks.0.norm1.weight | 1024       | [FROZEN]
2026-06-24 21:04:32,848 | INFO | vit_model.base_model.model.blocks.0.norm1.bias | 1024       | [FROZEN]
2026-06-24 21:04:32,848 | INFO | vit_model.base_model.model.blocks.0.attn.qkv.base_layer.weight | 3145728    | [FROZEN]
2026-06-24 21:04:32,848 | INFO | vit_model.base_model.model.blocks.0.attn.qkv.base_layer.bias | 3072       | [FROZEN]
2026-06-24 21:04:32,848 | INFO | vit_model.base_model.model.blocks.0.attn.qkv.lora_A.default.weight | 8192       | [TRAINABLE]
2026-06-24 21:04:32,848 | INFO | vit_model.base_model.model.blocks.0.attn.qkv.lora_B.default.weight | 24576      | [TRAINABLE]
2026-06-24 21:04:32,848 | INFO | vit_model.base_model.model.blocks.0.attn.proj.weight | 1048576    | [FROZEN]
2026-06-24 21:04:32,848 | INFO | vit_model.base_model.model.blocks.0.attn.proj.bias | 1024       | [FROZEN]
2026-06-24 21:04:32,848 | INFO | vit_model.base_model.model.blocks.0.ls1.gamma | 1024       | [FROZEN]
2026-06-24 21:04:32,848 | INFO | vit_model.base_model.model.blocks.0.norm2.weight | 1024       | [FROZEN]
2026-06-24 21:04:32,848 | INFO | vit_model.base_model.model.blocks.0.norm2.bias | 1024       | [FROZEN]
2026-06-24 21:04:32,848 | INFO | vit_model.base_model.model.blocks.0.mlp.fc1.weight | 4194304    | [FROZEN]
2026-06-24 21:04:32,848 | INFO | vit_model.base_model.model.blocks.0.mlp.fc1.bias | 4096       | [FROZEN]
2026-06-24 21:04:32,848 | INFO | vit_model.base_model.model.blocks.0.mlp.fc2.weight | 4194304    | [FROZEN]
2026-06-24 21:04:32,848 | INFO | vit_model.base_model.model.blocks.0.mlp.fc2.bias | 1024       | [FROZEN]
2026-06-24 21:04:32,848 | INFO | vit_model.base_model.model.blocks.0.ls2.gamma | 1024       | [FROZEN]
2026-06-24 21:04:32,848 | INFO | vit_model.base_model.model.blocks.1.norm1.weight | 1024       | [FROZEN]
2026-06-24 21:04:32,848 | INFO | vit_model.base_model.model.blocks.1.norm1.bias | 1024       | [FROZEN]
2026-06-24 21:04:32,848 | INFO | vit_model.base_model.model.blocks.1.attn.qkv.base_layer.weight | 3145728    | [FROZEN]
2026-06-24 21:04:32,848 | INFO | vit_model.base_model.model.blocks.1.attn.qkv.base_layer.bias | 3072       | [FROZEN]
2026-06-24 21:04:32,848 | INFO | vit_model.base_model.model.blocks.1.attn.qkv.lora_A.default.weight | 8192       | [TRAINABLE]
2026-06-24 21:04:32,848 | INFO | vit_model.base_model.model.blocks.1.attn.qkv.lora_B.default.weight | 24576      | [TRAINABLE]
2026-06-24 21:04:32,848 | INFO | vit_model.base_model.model.blocks.1.attn.proj.weight | 1048576    | [FROZEN]
2026-06-24 21:04:32,848 | INFO | vit_model.base_model.model.blocks.1.attn.proj.bias | 1024       | [FROZEN]
2026-06-24 21:04:32,848 | INFO | vit_model.base_model.model.blocks.1.ls1.gamma | 1024       | [FROZEN]
2026-06-24 21:04:32,848 | INFO | vit_model.base_model.model.blocks.1.norm2.weight | 1024       | [FROZEN]
2026-06-24 21:04:32,848 | INFO | vit_model.base_model.model.blocks.1.norm2.bias | 1024       | [FROZEN]
2026-06-24 21:04:32,848 | INFO | vit_model.base_model.model.blocks.1.mlp.fc1.weight | 4194304    | [FROZEN]
2026-06-24 21:04:32,848 | INFO | vit_model.base_model.model.blocks.1.mlp.fc1.bias | 4096       | [FROZEN]
2026-06-24 21:04:32,848 | INFO | vit_model.base_model.model.blocks.1.mlp.fc2.weight | 4194304    | [FROZEN]
2026-06-24 21:04:32,848 | INFO | vit_model.base_model.model.blocks.1.mlp.fc2.bias | 1024       | [FROZEN]
2026-06-24 21:04:32,848 | INFO | vit_model.base_model.model.blocks.1.ls2.gamma | 1024       | [FROZEN]
2026-06-24 21:04:32,848 | INFO | vit_model.base_model.model.blocks.2.norm1.weight | 1024       | [FROZEN]
2026-06-24 21:04:32,848 | INFO | vit_model.base_model.model.blocks.2.norm1.bias | 1024       | [FROZEN]
2026-06-24 21:04:32,848 | INFO | vit_model.base_model.model.blocks.2.attn.qkv.base_layer.weight | 3145728    | [FROZEN]
2026-06-24 21:04:32,848 | INFO | vit_model.base_model.model.blocks.2.attn.qkv.base_layer.bias | 3072       | [FROZEN]
2026-06-24 21:04:32,849 | INFO | vit_model.base_model.model.blocks.2.attn.qkv.lora_A.default.weight | 8192       | [TRAINABLE]
2026-06-24 21:04:32,849 | INFO | vit_model.base_model.model.blocks.2.attn.qkv.lora_B.default.weight | 24576      | [TRAINABLE]
2026-06-24 21:04:32,849 | INFO | vit_model.base_model.model.blocks.2.attn.proj.weight | 1048576    | [FROZEN]
2026-06-24 21:04:32,849 | INFO | vit_model.base_model.model.blocks.2.attn.proj.bias | 1024       | [FROZEN]
2026-06-24 21:04:32,849 | INFO | vit_model.base_model.model.blocks.2.ls1.gamma | 1024       | [FROZEN]
2026-06-24 21:04:32,849 | INFO | vit_model.base_model.model.blocks.2.norm2.weight | 1024       | [FROZEN]
2026-06-24 21:04:32,849 | INFO | vit_model.base_model.model.blocks.2.norm2.bias | 1024       | [FROZEN]
2026-06-24 21:04:32,849 | INFO | vit_model.base_model.model.blocks.2.mlp.fc1.weight | 4194304    | [FROZEN]
2026-06-24 21:04:32,849 | INFO | vit_model.base_model.model.blocks.2.mlp.fc1.bias | 4096       | [FROZEN]
2026-06-24 21:04:32,849 | INFO | vit_model.base_model.model.blocks.2.mlp.fc2.weight | 4194304    | [FROZEN]
2026-06-24 21:04:32,849 | INFO | vit_model.base_model.model.blocks.2.mlp.fc2.bias | 1024       | [FROZEN]
2026-06-24 21:04:32,849 | INFO | vit_model.base_model.model.blocks.2.ls2.gamma | 1024       | [FROZEN]
2026-06-24 21:04:32,849 | INFO | vit_model.base_model.model.blocks.3.norm1.weight | 1024       | [FROZEN]
2026-06-24 21:04:32,849 | INFO | vit_model.base_model.model.blocks.3.norm1.bias | 1024       | [FROZEN]
2026-06-24 21:04:32,849 | INFO | vit_model.base_model.model.blocks.3.attn.qkv.base_layer.weight | 3145728    | [FROZEN]
2026-06-24 21:04:32,849 | INFO | vit_model.base_model.model.blocks.3.attn.qkv.base_layer.bias | 3072       | [FROZEN]
2026-06-24 21:04:32,849 | INFO | vit_model.base_model.model.blocks.3.attn.qkv.lora_A.default.weight | 8192       | [TRAINABLE]
2026-06-24 21:04:32,849 | INFO | vit_model.base_model.model.blocks.3.attn.qkv.lora_B.default.weight | 24576      | [TRAINABLE]
2026-06-24 21:04:32,849 | INFO | vit_model.base_model.model.blocks.3.attn.proj.weight | 1048576    | [FROZEN]
2026-06-24 21:04:32,849 | INFO | vit_model.base_model.model.blocks.3.attn.proj.bias | 1024       | [FROZEN]
2026-06-24 21:04:32,849 | INFO | vit_model.base_model.model.blocks.3.ls1.gamma | 1024       | [FROZEN]
2026-06-24 21:04:32,849 | INFO | vit_model.base_model.model.blocks.3.norm2.weight | 1024       | [FROZEN]
2026-06-24 21:04:32,849 | INFO | vit_model.base_model.model.blocks.3.norm2.bias | 1024       | [FROZEN]
2026-06-24 21:04:32,849 | INFO | vit_model.base_model.model.blocks.3.mlp.fc1.weight | 4194304    | [FROZEN]
2026-06-24 21:04:32,849 | INFO | vit_model.base_model.model.blocks.3.mlp.fc1.bias | 4096       | [FROZEN]
2026-06-24 21:04:32,849 | INFO | vit_model.base_model.model.blocks.3.mlp.fc2.weight | 4194304    | [FROZEN]
2026-06-24 21:04:32,849 | INFO | vit_model.base_model.model.blocks.3.mlp.fc2.bias | 1024       | [FROZEN]
2026-06-24 21:04:32,849 | INFO | vit_model.base_model.model.blocks.3.ls2.gamma | 1024       | [FROZEN]
2026-06-24 21:04:32,849 | INFO | vit_model.base_model.model.blocks.4.norm1.weight | 1024       | [FROZEN]
2026-06-24 21:04:32,849 | INFO | vit_model.base_model.model.blocks.4.norm1.bias | 1024       | [FROZEN]
2026-06-24 21:04:32,849 | INFO | vit_model.base_model.model.blocks.4.attn.qkv.base_layer.weight | 3145728    | [FROZEN]
2026-06-24 21:04:32,849 | INFO | vit_model.base_model.model.blocks.4.attn.qkv.base_layer.bias | 3072       | [FROZEN]
2026-06-24 21:04:32,849 | INFO | vit_model.base_model.model.blocks.4.attn.qkv.lora_A.default.weight | 8192       | [TRAINABLE]
2026-06-24 21:04:32,849 | INFO | vit_model.base_model.model.blocks.4.attn.qkv.lora_B.default.weight | 24576      | [TRAINABLE]
2026-06-24 21:04:32,849 | INFO | vit_model.base_model.model.blocks.4.attn.proj.weight | 1048576    | [FROZEN]
2026-06-24 21:04:32,849 | INFO | vit_model.base_model.model.blocks.4.attn.proj.bias | 1024       | [FROZEN]
2026-06-24 21:04:32,849 | INFO | vit_model.base_model.model.blocks.4.ls1.gamma | 1024       | [FROZEN]
2026-06-24 21:04:32,849 | INFO | vit_model.base_model.model.blocks.4.norm2.weight | 1024       | [FROZEN]
2026-06-24 21:04:32,849 | INFO | vit_model.base_model.model.blocks.4.norm2.bias | 1024       | [FROZEN]
2026-06-24 21:04:32,849 | INFO | vit_model.base_model.model.blocks.4.mlp.fc1.weight | 4194304    | [FROZEN]
2026-06-24 21:04:32,849 | INFO | vit_model.base_model.model.blocks.4.mlp.fc1.bias | 4096       | [FROZEN]
2026-06-24 21:04:32,849 | INFO | vit_model.base_model.model.blocks.4.mlp.fc2.weight | 4194304    | [FROZEN]
2026-06-24 21:04:32,849 | INFO | vit_model.base_model.model.blocks.4.mlp.fc2.bias | 1024       | [FROZEN]
2026-06-24 21:04:32,849 | INFO | vit_model.base_model.model.blocks.4.ls2.gamma | 1024       | [FROZEN]
2026-06-24 21:04:32,849 | INFO | vit_model.base_model.model.blocks.5.norm1.weight | 1024       | [FROZEN]
2026-06-24 21:04:32,849 | INFO | vit_model.base_model.model.blocks.5.norm1.bias | 1024       | [FROZEN]
2026-06-24 21:04:32,849 | INFO | vit_model.base_model.model.blocks.5.attn.qkv.base_layer.weight | 3145728    | [FROZEN]
2026-06-24 21:04:32,849 | INFO | vit_model.base_model.model.blocks.5.attn.qkv.base_layer.bias | 3072       | [FROZEN]
2026-06-24 21:04:32,849 | INFO | vit_model.base_model.model.blocks.5.attn.qkv.lora_A.default.weight | 8192       | [TRAINABLE]
2026-06-24 21:04:32,849 | INFO | vit_model.base_model.model.blocks.5.attn.qkv.lora_B.default.weight | 24576      | [TRAINABLE]
2026-06-24 21:04:32,849 | INFO | vit_model.base_model.model.blocks.5.attn.proj.weight | 1048576    | [FROZEN]
2026-06-24 21:04:32,849 | INFO | vit_model.base_model.model.blocks.5.attn.proj.bias | 1024       | [FROZEN]
2026-06-24 21:04:32,849 | INFO | vit_model.base_model.model.blocks.5.ls1.gamma | 1024       | [FROZEN]
2026-06-24 21:04:32,849 | INFO | vit_model.base_model.model.blocks.5.norm2.weight | 1024       | [FROZEN]
2026-06-24 21:04:32,849 | INFO | vit_model.base_model.model.blocks.5.norm2.bias | 1024       | [FROZEN]
2026-06-24 21:04:32,849 | INFO | vit_model.base_model.model.blocks.5.mlp.fc1.weight | 4194304    | [FROZEN]
2026-06-24 21:04:32,849 | INFO | vit_model.base_model.model.blocks.5.mlp.fc1.bias | 4096       | [FROZEN]
2026-06-24 21:04:32,849 | INFO | vit_model.base_model.model.blocks.5.mlp.fc2.weight | 4194304    | [FROZEN]
2026-06-24 21:04:32,849 | INFO | vit_model.base_model.model.blocks.5.mlp.fc2.bias | 1024       | [FROZEN]
2026-06-24 21:04:32,849 | INFO | vit_model.base_model.model.blocks.5.ls2.gamma | 1024       | [FROZEN]
2026-06-24 21:04:32,849 | INFO | vit_model.base_model.model.blocks.6.norm1.weight | 1024       | [FROZEN]
2026-06-24 21:04:32,849 | INFO | vit_model.base_model.model.blocks.6.norm1.bias | 1024       | [FROZEN]
2026-06-24 21:04:32,849 | INFO | vit_model.base_model.model.blocks.6.attn.qkv.base_layer.weight | 3145728    | [FROZEN]
2026-06-24 21:04:32,849 | INFO | vit_model.base_model.model.blocks.6.attn.qkv.base_layer.bias | 3072       | [FROZEN]
2026-06-24 21:04:32,849 | INFO | vit_model.base_model.model.blocks.6.attn.qkv.lora_A.default.weight | 8192       | [TRAINABLE]
2026-06-24 21:04:32,849 | INFO | vit_model.base_model.model.blocks.6.attn.qkv.lora_B.default.weight | 24576      | [TRAINABLE]
2026-06-24 21:04:32,849 | INFO | vit_model.base_model.model.blocks.6.attn.proj.weight | 1048576    | [FROZEN]
2026-06-24 21:04:32,849 | INFO | vit_model.base_model.model.blocks.6.attn.proj.bias | 1024       | [FROZEN]
2026-06-24 21:04:32,849 | INFO | vit_model.base_model.model.blocks.6.ls1.gamma | 1024       | [FROZEN]
2026-06-24 21:04:32,849 | INFO | vit_model.base_model.model.blocks.6.norm2.weight | 1024       | [FROZEN]
2026-06-24 21:04:32,849 | INFO | vit_model.base_model.model.blocks.6.norm2.bias | 1024       | [FROZEN]
2026-06-24 21:04:32,850 | INFO | vit_model.base_model.model.blocks.6.mlp.fc1.weight | 4194304    | [FROZEN]
2026-06-24 21:04:32,850 | INFO | vit_model.base_model.model.blocks.6.mlp.fc1.bias | 4096       | [FROZEN]
2026-06-24 21:04:32,850 | INFO | vit_model.base_model.model.blocks.6.mlp.fc2.weight | 4194304    | [FROZEN]
2026-06-24 21:04:32,850 | INFO | vit_model.base_model.model.blocks.6.mlp.fc2.bias | 1024       | [FROZEN]
2026-06-24 21:04:32,850 | INFO | vit_model.base_model.model.blocks.6.ls2.gamma | 1024       | [FROZEN]
2026-06-24 21:04:32,850 | INFO | vit_model.base_model.model.blocks.7.norm1.weight | 1024       | [FROZEN]
2026-06-24 21:04:32,850 | INFO | vit_model.base_model.model.blocks.7.norm1.bias | 1024       | [FROZEN]
2026-06-24 21:04:32,850 | INFO | vit_model.base_model.model.blocks.7.attn.qkv.base_layer.weight | 3145728    | [FROZEN]
2026-06-24 21:04:32,850 | INFO | vit_model.base_model.model.blocks.7.attn.qkv.base_layer.bias | 3072       | [FROZEN]
2026-06-24 21:04:32,850 | INFO | vit_model.base_model.model.blocks.7.attn.qkv.lora_A.default.weight | 8192       | [TRAINABLE]
2026-06-24 21:04:32,850 | INFO | vit_model.base_model.model.blocks.7.attn.qkv.lora_B.default.weight | 24576      | [TRAINABLE]
2026-06-24 21:04:32,850 | INFO | vit_model.base_model.model.blocks.7.attn.proj.weight | 1048576    | [FROZEN]
2026-06-24 21:04:32,850 | INFO | vit_model.base_model.model.blocks.7.attn.proj.bias | 1024       | [FROZEN]
2026-06-24 21:04:32,850 | INFO | vit_model.base_model.model.blocks.7.ls1.gamma | 1024       | [FROZEN]
2026-06-24 21:04:32,850 | INFO | vit_model.base_model.model.blocks.7.norm2.weight | 1024       | [FROZEN]
2026-06-24 21:04:32,850 | INFO | vit_model.base_model.model.blocks.7.norm2.bias | 1024       | [FROZEN]
2026-06-24 21:04:32,850 | INFO | vit_model.base_model.model.blocks.7.mlp.fc1.weight | 4194304    | [FROZEN]
2026-06-24 21:04:32,850 | INFO | vit_model.base_model.model.blocks.7.mlp.fc1.bias | 4096       | [FROZEN]
2026-06-24 21:04:32,850 | INFO | vit_model.base_model.model.blocks.7.mlp.fc2.weight | 4194304    | [FROZEN]
2026-06-24 21:04:32,850 | INFO | vit_model.base_model.model.blocks.7.mlp.fc2.bias | 1024       | [FROZEN]
2026-06-24 21:04:32,850 | INFO | vit_model.base_model.model.blocks.7.ls2.gamma | 1024       | [FROZEN]
2026-06-24 21:04:32,850 | INFO | vit_model.base_model.model.blocks.8.norm1.weight | 1024       | [FROZEN]
2026-06-24 21:04:32,850 | INFO | vit_model.base_model.model.blocks.8.norm1.bias | 1024       | [FROZEN]
2026-06-24 21:04:32,850 | INFO | vit_model.base_model.model.blocks.8.attn.qkv.base_layer.weight | 3145728    | [FROZEN]
2026-06-24 21:04:32,850 | INFO | vit_model.base_model.model.blocks.8.attn.qkv.base_layer.bias | 3072       | [FROZEN]
2026-06-24 21:04:32,850 | INFO | vit_model.base_model.model.blocks.8.attn.qkv.lora_A.default.weight | 8192       | [TRAINABLE]
2026-06-24 21:04:32,850 | INFO | vit_model.base_model.model.blocks.8.attn.qkv.lora_B.default.weight | 24576      | [TRAINABLE]
2026-06-24 21:04:32,850 | INFO | vit_model.base_model.model.blocks.8.attn.proj.weight | 1048576    | [FROZEN]
2026-06-24 21:04:32,850 | INFO | vit_model.base_model.model.blocks.8.attn.proj.bias | 1024       | [FROZEN]
2026-06-24 21:04:32,850 | INFO | vit_model.base_model.model.blocks.8.ls1.gamma | 1024       | [FROZEN]
2026-06-24 21:04:32,850 | INFO | vit_model.base_model.model.blocks.8.norm2.weight | 1024       | [FROZEN]
2026-06-24 21:04:32,850 | INFO | vit_model.base_model.model.blocks.8.norm2.bias | 1024       | [FROZEN]
2026-06-24 21:04:32,850 | INFO | vit_model.base_model.model.blocks.8.mlp.fc1.weight | 4194304    | [FROZEN]
2026-06-24 21:04:32,850 | INFO | vit_model.base_model.model.blocks.8.mlp.fc1.bias | 4096       | [FROZEN]
2026-06-24 21:04:32,850 | INFO | vit_model.base_model.model.blocks.8.mlp.fc2.weight | 4194304    | [FROZEN]
2026-06-24 21:04:32,850 | INFO | vit_model.base_model.model.blocks.8.mlp.fc2.bias | 1024       | [FROZEN]
2026-06-24 21:04:32,850 | INFO | vit_model.base_model.model.blocks.8.ls2.gamma | 1024       | [FROZEN]
2026-06-24 21:04:32,850 | INFO | vit_model.base_model.model.blocks.9.norm1.weight | 1024       | [FROZEN]
2026-06-24 21:04:32,850 | INFO | vit_model.base_model.model.blocks.9.norm1.bias | 1024       | [FROZEN]
2026-06-24 21:04:32,850 | INFO | vit_model.base_model.model.blocks.9.attn.qkv.base_layer.weight | 3145728    | [FROZEN]
2026-06-24 21:04:32,850 | INFO | vit_model.base_model.model.blocks.9.attn.qkv.base_layer.bias | 3072       | [FROZEN]
2026-06-24 21:04:32,850 | INFO | vit_model.base_model.model.blocks.9.attn.qkv.lora_A.default.weight | 8192       | [TRAINABLE]
2026-06-24 21:04:32,850 | INFO | vit_model.base_model.model.blocks.9.attn.qkv.lora_B.default.weight | 24576      | [TRAINABLE]
2026-06-24 21:04:32,850 | INFO | vit_model.base_model.model.blocks.9.attn.proj.weight | 1048576    | [FROZEN]
2026-06-24 21:04:32,850 | INFO | vit_model.base_model.model.blocks.9.attn.proj.bias | 1024       | [FROZEN]
2026-06-24 21:04:32,850 | INFO | vit_model.base_model.model.blocks.9.ls1.gamma | 1024       | [FROZEN]
2026-06-24 21:04:32,850 | INFO | vit_model.base_model.model.blocks.9.norm2.weight | 1024       | [FROZEN]
2026-06-24 21:04:32,850 | INFO | vit_model.base_model.model.blocks.9.norm2.bias | 1024       | [FROZEN]
2026-06-24 21:04:32,850 | INFO | vit_model.base_model.model.blocks.9.mlp.fc1.weight | 4194304    | [FROZEN]
2026-06-24 21:04:32,850 | INFO | vit_model.base_model.model.blocks.9.mlp.fc1.bias | 4096       | [FROZEN]
2026-06-24 21:04:32,850 | INFO | vit_model.base_model.model.blocks.9.mlp.fc2.weight | 4194304    | [FROZEN]
2026-06-24 21:04:32,850 | INFO | vit_model.base_model.model.blocks.9.mlp.fc2.bias | 1024       | [FROZEN]
2026-06-24 21:04:32,850 | INFO | vit_model.base_model.model.blocks.9.ls2.gamma | 1024       | [FROZEN]
2026-06-24 21:04:32,850 | INFO | vit_model.base_model.model.blocks.10.norm1.weight | 1024       | [FROZEN]
2026-06-24 21:04:32,850 | INFO | vit_model.base_model.model.blocks.10.norm1.bias | 1024       | [FROZEN]
2026-06-24 21:04:32,850 | INFO | vit_model.base_model.model.blocks.10.attn.qkv.base_layer.weight | 3145728    | [FROZEN]
2026-06-24 21:04:32,850 | INFO | vit_model.base_model.model.blocks.10.attn.qkv.base_layer.bias | 3072       | [FROZEN]
2026-06-24 21:04:32,850 | INFO | vit_model.base_model.model.blocks.10.attn.qkv.lora_A.default.weight | 8192       | [TRAINABLE]
2026-06-24 21:04:32,850 | INFO | vit_model.base_model.model.blocks.10.attn.qkv.lora_B.default.weight | 24576      | [TRAINABLE]
2026-06-24 21:04:32,850 | INFO | vit_model.base_model.model.blocks.10.attn.proj.weight | 1048576    | [FROZEN]
2026-06-24 21:04:32,850 | INFO | vit_model.base_model.model.blocks.10.attn.proj.bias | 1024       | [FROZEN]
2026-06-24 21:04:32,850 | INFO | vit_model.base_model.model.blocks.10.ls1.gamma | 1024       | [FROZEN]
2026-06-24 21:04:32,850 | INFO | vit_model.base_model.model.blocks.10.norm2.weight | 1024       | [FROZEN]
2026-06-24 21:04:32,850 | INFO | vit_model.base_model.model.blocks.10.norm2.bias | 1024       | [FROZEN]
2026-06-24 21:04:32,850 | INFO | vit_model.base_model.model.blocks.10.mlp.fc1.weight | 4194304    | [FROZEN]
2026-06-24 21:04:32,850 | INFO | vit_model.base_model.model.blocks.10.mlp.fc1.bias | 4096       | [FROZEN]
2026-06-24 21:04:32,850 | INFO | vit_model.base_model.model.blocks.10.mlp.fc2.weight | 4194304    | [FROZEN]
2026-06-24 21:04:32,850 | INFO | vit_model.base_model.model.blocks.10.mlp.fc2.bias | 1024       | [FROZEN]
2026-06-24 21:04:32,850 | INFO | vit_model.base_model.model.blocks.10.ls2.gamma | 1024       | [FROZEN]
2026-06-24 21:04:32,850 | INFO | vit_model.base_model.model.blocks.11.norm1.weight | 1024       | [FROZEN]
2026-06-24 21:04:32,850 | INFO | vit_model.base_model.model.blocks.11.norm1.bias | 1024       | [FROZEN]
2026-06-24 21:04:32,850 | INFO | vit_model.base_model.model.blocks.11.attn.qkv.base_layer.weight | 3145728    | [FROZEN]
2026-06-24 21:04:32,851 | INFO | vit_model.base_model.model.blocks.11.attn.qkv.base_layer.bias | 3072       | [FROZEN]
2026-06-24 21:04:32,851 | INFO | vit_model.base_model.model.blocks.11.attn.qkv.lora_A.default.weight | 8192       | [TRAINABLE]
2026-06-24 21:04:32,851 | INFO | vit_model.base_model.model.blocks.11.attn.qkv.lora_B.default.weight | 24576      | [TRAINABLE]
2026-06-24 21:04:32,851 | INFO | vit_model.base_model.model.blocks.11.attn.proj.weight | 1048576    | [FROZEN]
2026-06-24 21:04:32,851 | INFO | vit_model.base_model.model.blocks.11.attn.proj.bias | 1024       | [FROZEN]
2026-06-24 21:04:32,851 | INFO | vit_model.base_model.model.blocks.11.ls1.gamma | 1024       | [FROZEN]
2026-06-24 21:04:32,851 | INFO | vit_model.base_model.model.blocks.11.norm2.weight | 1024       | [FROZEN]
2026-06-24 21:04:32,851 | INFO | vit_model.base_model.model.blocks.11.norm2.bias | 1024       | [FROZEN]
2026-06-24 21:04:32,851 | INFO | vit_model.base_model.model.blocks.11.mlp.fc1.weight | 4194304    | [FROZEN]
2026-06-24 21:04:32,851 | INFO | vit_model.base_model.model.blocks.11.mlp.fc1.bias | 4096       | [FROZEN]
2026-06-24 21:04:32,851 | INFO | vit_model.base_model.model.blocks.11.mlp.fc2.weight | 4194304    | [FROZEN]
2026-06-24 21:04:32,851 | INFO | vit_model.base_model.model.blocks.11.mlp.fc2.bias | 1024       | [FROZEN]
2026-06-24 21:04:32,851 | INFO | vit_model.base_model.model.blocks.11.ls2.gamma | 1024       | [FROZEN]
2026-06-24 21:04:32,851 | INFO | vit_model.base_model.model.blocks.12.norm1.weight | 1024       | [FROZEN]
2026-06-24 21:04:32,851 | INFO | vit_model.base_model.model.blocks.12.norm1.bias | 1024       | [FROZEN]
2026-06-24 21:04:32,851 | INFO | vit_model.base_model.model.blocks.12.attn.qkv.base_layer.weight | 3145728    | [FROZEN]
2026-06-24 21:04:32,851 | INFO | vit_model.base_model.model.blocks.12.attn.qkv.base_layer.bias | 3072       | [FROZEN]
2026-06-24 21:04:32,851 | INFO | vit_model.base_model.model.blocks.12.attn.qkv.lora_A.default.weight | 8192       | [TRAINABLE]
2026-06-24 21:04:32,851 | INFO | vit_model.base_model.model.blocks.12.attn.qkv.lora_B.default.weight | 24576      | [TRAINABLE]
2026-06-24 21:04:32,851 | INFO | vit_model.base_model.model.blocks.12.attn.proj.weight | 1048576    | [FROZEN]
2026-06-24 21:04:32,851 | INFO | vit_model.base_model.model.blocks.12.attn.proj.bias | 1024       | [FROZEN]
2026-06-24 21:04:32,851 | INFO | vit_model.base_model.model.blocks.12.ls1.gamma | 1024       | [FROZEN]
2026-06-24 21:04:32,851 | INFO | vit_model.base_model.model.blocks.12.norm2.weight | 1024       | [FROZEN]
2026-06-24 21:04:32,851 | INFO | vit_model.base_model.model.blocks.12.norm2.bias | 1024       | [FROZEN]
2026-06-24 21:04:32,851 | INFO | vit_model.base_model.model.blocks.12.mlp.fc1.weight | 4194304    | [FROZEN]
2026-06-24 21:04:32,851 | INFO | vit_model.base_model.model.blocks.12.mlp.fc1.bias | 4096       | [FROZEN]
2026-06-24 21:04:32,851 | INFO | vit_model.base_model.model.blocks.12.mlp.fc2.weight | 4194304    | [FROZEN]
2026-06-24 21:04:32,851 | INFO | vit_model.base_model.model.blocks.12.mlp.fc2.bias | 1024       | [FROZEN]
2026-06-24 21:04:32,851 | INFO | vit_model.base_model.model.blocks.12.ls2.gamma | 1024       | [FROZEN]
2026-06-24 21:04:32,851 | INFO | vit_model.base_model.model.blocks.13.norm1.weight | 1024       | [FROZEN]
2026-06-24 21:04:32,851 | INFO | vit_model.base_model.model.blocks.13.norm1.bias | 1024       | [FROZEN]
2026-06-24 21:04:32,851 | INFO | vit_model.base_model.model.blocks.13.attn.qkv.base_layer.weight | 3145728    | [FROZEN]
2026-06-24 21:04:32,851 | INFO | vit_model.base_model.model.blocks.13.attn.qkv.base_layer.bias | 3072       | [FROZEN]
2026-06-24 21:04:32,851 | INFO | vit_model.base_model.model.blocks.13.attn.qkv.lora_A.default.weight | 8192       | [TRAINABLE]
2026-06-24 21:04:32,851 | INFO | vit_model.base_model.model.blocks.13.attn.qkv.lora_B.default.weight | 24576      | [TRAINABLE]
2026-06-24 21:04:32,851 | INFO | vit_model.base_model.model.blocks.13.attn.proj.weight | 1048576    | [FROZEN]
2026-06-24 21:04:32,851 | INFO | vit_model.base_model.model.blocks.13.attn.proj.bias | 1024       | [FROZEN]
2026-06-24 21:04:32,851 | INFO | vit_model.base_model.model.blocks.13.ls1.gamma | 1024       | [FROZEN]
2026-06-24 21:04:32,851 | INFO | vit_model.base_model.model.blocks.13.norm2.weight | 1024       | [FROZEN]
2026-06-24 21:04:32,851 | INFO | vit_model.base_model.model.blocks.13.norm2.bias | 1024       | [FROZEN]
2026-06-24 21:04:32,851 | INFO | vit_model.base_model.model.blocks.13.mlp.fc1.weight | 4194304    | [FROZEN]
2026-06-24 21:04:32,851 | INFO | vit_model.base_model.model.blocks.13.mlp.fc1.bias | 4096       | [FROZEN]
2026-06-24 21:04:32,851 | INFO | vit_model.base_model.model.blocks.13.mlp.fc2.weight | 4194304    | [FROZEN]
2026-06-24 21:04:32,851 | INFO | vit_model.base_model.model.blocks.13.mlp.fc2.bias | 1024       | [FROZEN]
2026-06-24 21:04:32,851 | INFO | vit_model.base_model.model.blocks.13.ls2.gamma | 1024       | [FROZEN]
2026-06-24 21:04:32,851 | INFO | vit_model.base_model.model.blocks.14.norm1.weight | 1024       | [FROZEN]
2026-06-24 21:04:32,851 | INFO | vit_model.base_model.model.blocks.14.norm1.bias | 1024       | [FROZEN]
2026-06-24 21:04:32,851 | INFO | vit_model.base_model.model.blocks.14.attn.qkv.base_layer.weight | 3145728    | [FROZEN]
2026-06-24 21:04:32,851 | INFO | vit_model.base_model.model.blocks.14.attn.qkv.base_layer.bias | 3072       | [FROZEN]
2026-06-24 21:04:32,851 | INFO | vit_model.base_model.model.blocks.14.attn.qkv.lora_A.default.weight | 8192       | [TRAINABLE]
2026-06-24 21:04:32,851 | INFO | vit_model.base_model.model.blocks.14.attn.qkv.lora_B.default.weight | 24576      | [TRAINABLE]
2026-06-24 21:04:32,851 | INFO | vit_model.base_model.model.blocks.14.attn.proj.weight | 1048576    | [FROZEN]
2026-06-24 21:04:32,851 | INFO | vit_model.base_model.model.blocks.14.attn.proj.bias | 1024       | [FROZEN]
2026-06-24 21:04:32,851 | INFO | vit_model.base_model.model.blocks.14.ls1.gamma | 1024       | [FROZEN]
2026-06-24 21:04:32,851 | INFO | vit_model.base_model.model.blocks.14.norm2.weight | 1024       | [FROZEN]
2026-06-24 21:04:32,851 | INFO | vit_model.base_model.model.blocks.14.norm2.bias | 1024       | [FROZEN]
2026-06-24 21:04:32,851 | INFO | vit_model.base_model.model.blocks.14.mlp.fc1.weight | 4194304    | [FROZEN]
2026-06-24 21:04:32,851 | INFO | vit_model.base_model.model.blocks.14.mlp.fc1.bias | 4096       | [FROZEN]
2026-06-24 21:04:32,851 | INFO | vit_model.base_model.model.blocks.14.mlp.fc2.weight | 4194304    | [FROZEN]
2026-06-24 21:04:32,851 | INFO | vit_model.base_model.model.blocks.14.mlp.fc2.bias | 1024       | [FROZEN]
2026-06-24 21:04:32,851 | INFO | vit_model.base_model.model.blocks.14.ls2.gamma | 1024       | [FROZEN]
2026-06-24 21:04:32,851 | INFO | vit_model.base_model.model.blocks.15.norm1.weight | 1024       | [FROZEN]
2026-06-24 21:04:32,851 | INFO | vit_model.base_model.model.blocks.15.norm1.bias | 1024       | [FROZEN]
2026-06-24 21:04:32,851 | INFO | vit_model.base_model.model.blocks.15.attn.qkv.base_layer.weight | 3145728    | [FROZEN]
2026-06-24 21:04:32,851 | INFO | vit_model.base_model.model.blocks.15.attn.qkv.base_layer.bias | 3072       | [FROZEN]
2026-06-24 21:04:32,851 | INFO | vit_model.base_model.model.blocks.15.attn.qkv.lora_A.default.weight | 8192       | [TRAINABLE]
2026-06-24 21:04:32,851 | INFO | vit_model.base_model.model.blocks.15.attn.qkv.lora_B.default.weight | 24576      | [TRAINABLE]
2026-06-24 21:04:32,851 | INFO | vit_model.base_model.model.blocks.15.attn.proj.weight | 1048576    | [FROZEN]
2026-06-24 21:04:32,851 | INFO | vit_model.base_model.model.blocks.15.attn.proj.bias | 1024       | [FROZEN]
2026-06-24 21:04:32,851 | INFO | vit_model.base_model.model.blocks.15.ls1.gamma | 1024       | [FROZEN]
2026-06-24 21:04:32,851 | INFO | vit_model.base_model.model.blocks.15.norm2.weight | 1024       | [FROZEN]
2026-06-24 21:04:32,851 | INFO | vit_model.base_model.model.blocks.15.norm2.bias | 1024       | [FROZEN]
2026-06-24 21:04:32,852 | INFO | vit_model.base_model.model.blocks.15.mlp.fc1.weight | 4194304    | [FROZEN]
2026-06-24 21:04:32,852 | INFO | vit_model.base_model.model.blocks.15.mlp.fc1.bias | 4096       | [FROZEN]
2026-06-24 21:04:32,852 | INFO | vit_model.base_model.model.blocks.15.mlp.fc2.weight | 4194304    | [FROZEN]
2026-06-24 21:04:32,852 | INFO | vit_model.base_model.model.blocks.15.mlp.fc2.bias | 1024       | [FROZEN]
2026-06-24 21:04:32,852 | INFO | vit_model.base_model.model.blocks.15.ls2.gamma | 1024       | [FROZEN]
2026-06-24 21:04:32,852 | INFO | vit_model.base_model.model.blocks.16.norm1.weight | 1024       | [FROZEN]
2026-06-24 21:04:32,852 | INFO | vit_model.base_model.model.blocks.16.norm1.bias | 1024       | [FROZEN]
2026-06-24 21:04:32,852 | INFO | vit_model.base_model.model.blocks.16.attn.qkv.base_layer.weight | 3145728    | [FROZEN]
2026-06-24 21:04:32,852 | INFO | vit_model.base_model.model.blocks.16.attn.qkv.base_layer.bias | 3072       | [FROZEN]
2026-06-24 21:04:32,852 | INFO | vit_model.base_model.model.blocks.16.attn.qkv.lora_A.default.weight | 8192       | [TRAINABLE]
2026-06-24 21:04:32,852 | INFO | vit_model.base_model.model.blocks.16.attn.qkv.lora_B.default.weight | 24576      | [TRAINABLE]
2026-06-24 21:04:32,852 | INFO | vit_model.base_model.model.blocks.16.attn.proj.weight | 1048576    | [FROZEN]
2026-06-24 21:04:32,852 | INFO | vit_model.base_model.model.blocks.16.attn.proj.bias | 1024       | [FROZEN]
2026-06-24 21:04:32,852 | INFO | vit_model.base_model.model.blocks.16.ls1.gamma | 1024       | [FROZEN]
2026-06-24 21:04:32,852 | INFO | vit_model.base_model.model.blocks.16.norm2.weight | 1024       | [FROZEN]
2026-06-24 21:04:32,852 | INFO | vit_model.base_model.model.blocks.16.norm2.bias | 1024       | [FROZEN]
2026-06-24 21:04:32,852 | INFO | vit_model.base_model.model.blocks.16.mlp.fc1.weight | 4194304    | [FROZEN]
2026-06-24 21:04:32,852 | INFO | vit_model.base_model.model.blocks.16.mlp.fc1.bias | 4096       | [FROZEN]
2026-06-24 21:04:32,852 | INFO | vit_model.base_model.model.blocks.16.mlp.fc2.weight | 4194304    | [FROZEN]
2026-06-24 21:04:32,852 | INFO | vit_model.base_model.model.blocks.16.mlp.fc2.bias | 1024       | [FROZEN]
2026-06-24 21:04:32,852 | INFO | vit_model.base_model.model.blocks.16.ls2.gamma | 1024       | [FROZEN]
2026-06-24 21:04:32,852 | INFO | vit_model.base_model.model.blocks.17.norm1.weight | 1024       | [FROZEN]
2026-06-24 21:04:32,852 | INFO | vit_model.base_model.model.blocks.17.norm1.bias | 1024       | [FROZEN]
2026-06-24 21:04:32,852 | INFO | vit_model.base_model.model.blocks.17.attn.qkv.base_layer.weight | 3145728    | [FROZEN]
2026-06-24 21:04:32,852 | INFO | vit_model.base_model.model.blocks.17.attn.qkv.base_layer.bias | 3072       | [FROZEN]
2026-06-24 21:04:32,852 | INFO | vit_model.base_model.model.blocks.17.attn.qkv.lora_A.default.weight | 8192       | [TRAINABLE]
2026-06-24 21:04:32,852 | INFO | vit_model.base_model.model.blocks.17.attn.qkv.lora_B.default.weight | 24576      | [TRAINABLE]
2026-06-24 21:04:32,852 | INFO | vit_model.base_model.model.blocks.17.attn.proj.weight | 1048576    | [FROZEN]
2026-06-24 21:04:32,852 | INFO | vit_model.base_model.model.blocks.17.attn.proj.bias | 1024       | [FROZEN]
2026-06-24 21:04:32,852 | INFO | vit_model.base_model.model.blocks.17.ls1.gamma | 1024       | [FROZEN]
2026-06-24 21:04:32,852 | INFO | vit_model.base_model.model.blocks.17.norm2.weight | 1024       | [FROZEN]
2026-06-24 21:04:32,852 | INFO | vit_model.base_model.model.blocks.17.norm2.bias | 1024       | [FROZEN]
2026-06-24 21:04:32,852 | INFO | vit_model.base_model.model.blocks.17.mlp.fc1.weight | 4194304    | [FROZEN]
2026-06-24 21:04:32,852 | INFO | vit_model.base_model.model.blocks.17.mlp.fc1.bias | 4096       | [FROZEN]
2026-06-24 21:04:32,852 | INFO | vit_model.base_model.model.blocks.17.mlp.fc2.weight | 4194304    | [FROZEN]
2026-06-24 21:04:32,852 | INFO | vit_model.base_model.model.blocks.17.mlp.fc2.bias | 1024       | [FROZEN]
2026-06-24 21:04:32,852 | INFO | vit_model.base_model.model.blocks.17.ls2.gamma | 1024       | [FROZEN]
2026-06-24 21:04:32,852 | INFO | vit_model.base_model.model.blocks.18.norm1.weight | 1024       | [FROZEN]
2026-06-24 21:04:32,852 | INFO | vit_model.base_model.model.blocks.18.norm1.bias | 1024       | [FROZEN]
2026-06-24 21:04:32,852 | INFO | vit_model.base_model.model.blocks.18.attn.qkv.base_layer.weight | 3145728    | [FROZEN]
2026-06-24 21:04:32,852 | INFO | vit_model.base_model.model.blocks.18.attn.qkv.base_layer.bias | 3072       | [FROZEN]
2026-06-24 21:04:32,852 | INFO | vit_model.base_model.model.blocks.18.attn.qkv.lora_A.default.weight | 8192       | [TRAINABLE]
2026-06-24 21:04:32,852 | INFO | vit_model.base_model.model.blocks.18.attn.qkv.lora_B.default.weight | 24576      | [TRAINABLE]
2026-06-24 21:04:32,852 | INFO | vit_model.base_model.model.blocks.18.attn.proj.weight | 1048576    | [FROZEN]
2026-06-24 21:04:32,852 | INFO | vit_model.base_model.model.blocks.18.attn.proj.bias | 1024       | [FROZEN]
2026-06-24 21:04:32,852 | INFO | vit_model.base_model.model.blocks.18.ls1.gamma | 1024       | [FROZEN]
2026-06-24 21:04:32,852 | INFO | vit_model.base_model.model.blocks.18.norm2.weight | 1024       | [FROZEN]
2026-06-24 21:04:32,852 | INFO | vit_model.base_model.model.blocks.18.norm2.bias | 1024       | [FROZEN]
2026-06-24 21:04:32,852 | INFO | vit_model.base_model.model.blocks.18.mlp.fc1.weight | 4194304    | [FROZEN]
2026-06-24 21:04:32,852 | INFO | vit_model.base_model.model.blocks.18.mlp.fc1.bias | 4096       | [FROZEN]
2026-06-24 21:04:32,852 | INFO | vit_model.base_model.model.blocks.18.mlp.fc2.weight | 4194304    | [FROZEN]
2026-06-24 21:04:32,852 | INFO | vit_model.base_model.model.blocks.18.mlp.fc2.bias | 1024       | [FROZEN]
2026-06-24 21:04:32,852 | INFO | vit_model.base_model.model.blocks.18.ls2.gamma | 1024       | [FROZEN]
2026-06-24 21:04:32,852 | INFO | vit_model.base_model.model.blocks.19.norm1.weight | 1024       | [FROZEN]
2026-06-24 21:04:32,852 | INFO | vit_model.base_model.model.blocks.19.norm1.bias | 1024       | [FROZEN]
2026-06-24 21:04:32,852 | INFO | vit_model.base_model.model.blocks.19.attn.qkv.base_layer.weight | 3145728    | [FROZEN]
2026-06-24 21:04:32,852 | INFO | vit_model.base_model.model.blocks.19.attn.qkv.base_layer.bias | 3072       | [FROZEN]
2026-06-24 21:04:32,852 | INFO | vit_model.base_model.model.blocks.19.attn.qkv.lora_A.default.weight | 8192       | [TRAINABLE]
2026-06-24 21:04:32,852 | INFO | vit_model.base_model.model.blocks.19.attn.qkv.lora_B.default.weight | 24576      | [TRAINABLE]
2026-06-24 21:04:32,852 | INFO | vit_model.base_model.model.blocks.19.attn.proj.weight | 1048576    | [FROZEN]
2026-06-24 21:04:32,852 | INFO | vit_model.base_model.model.blocks.19.attn.proj.bias | 1024       | [FROZEN]
2026-06-24 21:04:32,852 | INFO | vit_model.base_model.model.blocks.19.ls1.gamma | 1024       | [FROZEN]
2026-06-24 21:04:32,852 | INFO | vit_model.base_model.model.blocks.19.norm2.weight | 1024       | [FROZEN]
2026-06-24 21:04:32,852 | INFO | vit_model.base_model.model.blocks.19.norm2.bias | 1024       | [FROZEN]
2026-06-24 21:04:32,852 | INFO | vit_model.base_model.model.blocks.19.mlp.fc1.weight | 4194304    | [FROZEN]
2026-06-24 21:04:32,852 | INFO | vit_model.base_model.model.blocks.19.mlp.fc1.bias | 4096       | [FROZEN]
2026-06-24 21:04:32,852 | INFO | vit_model.base_model.model.blocks.19.mlp.fc2.weight | 4194304    | [FROZEN]
2026-06-24 21:04:32,852 | INFO | vit_model.base_model.model.blocks.19.mlp.fc2.bias | 1024       | [FROZEN]
2026-06-24 21:04:32,852 | INFO | vit_model.base_model.model.blocks.19.ls2.gamma | 1024       | [FROZEN]
2026-06-24 21:04:32,852 | INFO | vit_model.base_model.model.blocks.20.norm1.weight | 1024       | [FROZEN]
2026-06-24 21:04:32,852 | INFO | vit_model.base_model.model.blocks.20.norm1.bias | 1024       | [FROZEN]
2026-06-24 21:04:32,852 | INFO | vit_model.base_model.model.blocks.20.attn.qkv.base_layer.weight | 3145728    | [FROZEN]
2026-06-24 21:04:32,853 | INFO | vit_model.base_model.model.blocks.20.attn.qkv.base_layer.bias | 3072       | [FROZEN]
2026-06-24 21:04:32,853 | INFO | vit_model.base_model.model.blocks.20.attn.qkv.lora_A.default.weight | 8192       | [TRAINABLE]
2026-06-24 21:04:32,853 | INFO | vit_model.base_model.model.blocks.20.attn.qkv.lora_B.default.weight | 24576      | [TRAINABLE]
2026-06-24 21:04:32,853 | INFO | vit_model.base_model.model.blocks.20.attn.proj.weight | 1048576    | [FROZEN]
2026-06-24 21:04:32,853 | INFO | vit_model.base_model.model.blocks.20.attn.proj.bias | 1024       | [FROZEN]
2026-06-24 21:04:32,853 | INFO | vit_model.base_model.model.blocks.20.ls1.gamma | 1024       | [FROZEN]
2026-06-24 21:04:32,853 | INFO | vit_model.base_model.model.blocks.20.norm2.weight | 1024       | [FROZEN]
2026-06-24 21:04:32,853 | INFO | vit_model.base_model.model.blocks.20.norm2.bias | 1024       | [FROZEN]
2026-06-24 21:04:32,853 | INFO | vit_model.base_model.model.blocks.20.mlp.fc1.weight | 4194304    | [FROZEN]
2026-06-24 21:04:32,853 | INFO | vit_model.base_model.model.blocks.20.mlp.fc1.bias | 4096       | [FROZEN]
2026-06-24 21:04:32,853 | INFO | vit_model.base_model.model.blocks.20.mlp.fc2.weight | 4194304    | [FROZEN]
2026-06-24 21:04:32,853 | INFO | vit_model.base_model.model.blocks.20.mlp.fc2.bias | 1024       | [FROZEN]
2026-06-24 21:04:32,853 | INFO | vit_model.base_model.model.blocks.20.ls2.gamma | 1024       | [FROZEN]
2026-06-24 21:04:32,853 | INFO | vit_model.base_model.model.blocks.21.norm1.weight | 1024       | [FROZEN]
2026-06-24 21:04:32,853 | INFO | vit_model.base_model.model.blocks.21.norm1.bias | 1024       | [FROZEN]
2026-06-24 21:04:32,853 | INFO | vit_model.base_model.model.blocks.21.attn.qkv.base_layer.weight | 3145728    | [FROZEN]
2026-06-24 21:04:32,853 | INFO | vit_model.base_model.model.blocks.21.attn.qkv.base_layer.bias | 3072       | [FROZEN]
2026-06-24 21:04:32,853 | INFO | vit_model.base_model.model.blocks.21.attn.qkv.lora_A.default.weight | 8192       | [TRAINABLE]
2026-06-24 21:04:32,853 | INFO | vit_model.base_model.model.blocks.21.attn.qkv.lora_B.default.weight | 24576      | [TRAINABLE]
2026-06-24 21:04:32,853 | INFO | vit_model.base_model.model.blocks.21.attn.proj.weight | 1048576    | [FROZEN]
2026-06-24 21:04:32,853 | INFO | vit_model.base_model.model.blocks.21.attn.proj.bias | 1024       | [FROZEN]
2026-06-24 21:04:32,853 | INFO | vit_model.base_model.model.blocks.21.ls1.gamma | 1024       | [FROZEN]
2026-06-24 21:04:32,853 | INFO | vit_model.base_model.model.blocks.21.norm2.weight | 1024       | [FROZEN]
2026-06-24 21:04:32,853 | INFO | vit_model.base_model.model.blocks.21.norm2.bias | 1024       | [FROZEN]
2026-06-24 21:04:32,853 | INFO | vit_model.base_model.model.blocks.21.mlp.fc1.weight | 4194304    | [FROZEN]
2026-06-24 21:04:32,853 | INFO | vit_model.base_model.model.blocks.21.mlp.fc1.bias | 4096       | [FROZEN]
2026-06-24 21:04:32,853 | INFO | vit_model.base_model.model.blocks.21.mlp.fc2.weight | 4194304    | [FROZEN]
2026-06-24 21:04:32,853 | INFO | vit_model.base_model.model.blocks.21.mlp.fc2.bias | 1024       | [FROZEN]
2026-06-24 21:04:32,853 | INFO | vit_model.base_model.model.blocks.21.ls2.gamma | 1024       | [FROZEN]
2026-06-24 21:04:32,853 | INFO | vit_model.base_model.model.blocks.22.norm1.weight | 1024       | [FROZEN]
2026-06-24 21:04:32,853 | INFO | vit_model.base_model.model.blocks.22.norm1.bias | 1024       | [FROZEN]
2026-06-24 21:04:32,853 | INFO | vit_model.base_model.model.blocks.22.attn.qkv.base_layer.weight | 3145728    | [FROZEN]
2026-06-24 21:04:32,853 | INFO | vit_model.base_model.model.blocks.22.attn.qkv.base_layer.bias | 3072       | [FROZEN]
2026-06-24 21:04:32,853 | INFO | vit_model.base_model.model.blocks.22.attn.qkv.lora_A.default.weight | 8192       | [TRAINABLE]
2026-06-24 21:04:32,853 | INFO | vit_model.base_model.model.blocks.22.attn.qkv.lora_B.default.weight | 24576      | [TRAINABLE]
2026-06-24 21:04:32,853 | INFO | vit_model.base_model.model.blocks.22.attn.proj.weight | 1048576    | [FROZEN]
2026-06-24 21:04:32,853 | INFO | vit_model.base_model.model.blocks.22.attn.proj.bias | 1024       | [FROZEN]
2026-06-24 21:04:32,853 | INFO | vit_model.base_model.model.blocks.22.ls1.gamma | 1024       | [FROZEN]
2026-06-24 21:04:32,853 | INFO | vit_model.base_model.model.blocks.22.norm2.weight | 1024       | [FROZEN]
2026-06-24 21:04:32,853 | INFO | vit_model.base_model.model.blocks.22.norm2.bias | 1024       | [FROZEN]
2026-06-24 21:04:32,853 | INFO | vit_model.base_model.model.blocks.22.mlp.fc1.weight | 4194304    | [FROZEN]
2026-06-24 21:04:32,853 | INFO | vit_model.base_model.model.blocks.22.mlp.fc1.bias | 4096       | [FROZEN]
2026-06-24 21:04:32,853 | INFO | vit_model.base_model.model.blocks.22.mlp.fc2.weight | 4194304    | [FROZEN]
2026-06-24 21:04:32,853 | INFO | vit_model.base_model.model.blocks.22.mlp.fc2.bias | 1024       | [FROZEN]
2026-06-24 21:04:32,853 | INFO | vit_model.base_model.model.blocks.22.ls2.gamma | 1024       | [FROZEN]
2026-06-24 21:04:32,853 | INFO | vit_model.base_model.model.blocks.23.norm1.weight | 1024       | [FROZEN]
2026-06-24 21:04:32,853 | INFO | vit_model.base_model.model.blocks.23.norm1.bias | 1024       | [FROZEN]
2026-06-24 21:04:32,853 | INFO | vit_model.base_model.model.blocks.23.attn.qkv.base_layer.weight | 3145728    | [FROZEN]
2026-06-24 21:04:32,853 | INFO | vit_model.base_model.model.blocks.23.attn.qkv.base_layer.bias | 3072       | [FROZEN]
2026-06-24 21:04:32,853 | INFO | vit_model.base_model.model.blocks.23.attn.qkv.lora_A.default.weight | 8192       | [TRAINABLE]
2026-06-24 21:04:32,853 | INFO | vit_model.base_model.model.blocks.23.attn.qkv.lora_B.default.weight | 24576      | [TRAINABLE]
2026-06-24 21:04:32,853 | INFO | vit_model.base_model.model.blocks.23.attn.proj.weight | 1048576    | [FROZEN]
2026-06-24 21:04:32,853 | INFO | vit_model.base_model.model.blocks.23.attn.proj.bias | 1024       | [FROZEN]
2026-06-24 21:04:32,853 | INFO | vit_model.base_model.model.blocks.23.ls1.gamma | 1024       | [FROZEN]
2026-06-24 21:04:32,853 | INFO | vit_model.base_model.model.blocks.23.norm2.weight | 1024       | [FROZEN]
2026-06-24 21:04:32,853 | INFO | vit_model.base_model.model.blocks.23.norm2.bias | 1024       | [FROZEN]
2026-06-24 21:04:32,853 | INFO | vit_model.base_model.model.blocks.23.mlp.fc1.weight | 4194304    | [FROZEN]
2026-06-24 21:04:32,853 | INFO | vit_model.base_model.model.blocks.23.mlp.fc1.bias | 4096       | [FROZEN]
2026-06-24 21:04:32,853 | INFO | vit_model.base_model.model.blocks.23.mlp.fc2.weight | 4194304    | [FROZEN]
2026-06-24 21:04:32,853 | INFO | vit_model.base_model.model.blocks.23.mlp.fc2.bias | 1024       | [FROZEN]
2026-06-24 21:04:32,853 | INFO | vit_model.base_model.model.blocks.23.ls2.gamma | 1024       | [FROZEN]
2026-06-24 21:04:32,853 | INFO | vit_model.base_model.model.norm.weight   | 1024       | [FROZEN]
2026-06-24 21:04:32,853 | INFO | vit_model.base_model.model.norm.bias     | 1024       | [FROZEN]
2026-06-24 21:04:32,853 | INFO | mil_model.w_map.0.weight                 | 1024       | [TRAINABLE]
2026-06-24 21:04:32,853 | INFO | mil_model.v_map.0.weight                 | 1048576    | [TRAINABLE]
2026-06-24 21:04:32,853 | INFO | concept_heads.0.weight                   | 4096       | [TRAINABLE]
2026-06-24 21:04:32,853 | INFO | concept_heads.0.bias                     | 4          | [TRAINABLE]
2026-06-24 21:04:32,853 | INFO | concept_heads.1.weight                   | 3072       | [TRAINABLE]
2026-06-24 21:04:32,853 | INFO | concept_heads.1.bias                     | 3          | [TRAINABLE]
2026-06-24 21:04:32,853 | INFO | concept_heads.2.weight                   | 3072       | [TRAINABLE]
2026-06-24 21:04:32,853 | INFO | concept_heads.2.bias                     | 3          | [TRAINABLE]
2026-06-24 21:04:32,853 | INFO | task_model.weight                        | 10         | [TRAINABLE]
2026-06-24 21:04:32,854 | INFO | task_model.bias                          | 1          | [TRAINABLE]
2026-06-24 21:04:32,854 | INFO | Total parameters (incl unnamed): 305.1971M
2026-06-24 21:04:32,854 | INFO | Total named parameters: 305.1971M
2026-06-24 21:04:32,854 | INFO | Trainable parameters: 1.8463M
2026-06-24 21:04:32,854 | INFO | ======== starting epoch 1 ========
2026-06-24 21:04:32,854 | INFO | epoch 1 LR at start of epoch: vit = 0.000000
2026-06-24 21:04:32,854 | INFO | epoch 1 LR at start of epoch: head = 0.010000
2026-06-24 21:04:32,854 | INFO | [VALIDATION STEP]
2026-06-24 21:04:57,351 | INFO | [epoch 1 | val | batch 0 start] allocated=1761.4MB | reserved=13588.0MB | peak=11217.4MB
2026-06-24 21:06:42,895 | INFO | [epoch 1 | val | batch 10 start] allocated=1761.4MB | reserved=13588.0MB | peak=11217.4MB
2026-06-24 21:06:54,200 | INFO | epoch 1 val loss (mean of batches): 1.61
2026-06-24 21:06:54,200 | INFO | epoch 1 val loss history: [1.6050000190734863]
2026-06-24 21:06:54,200 | INFO | epoch 1 val c-index (total sample): 0.50
2026-06-24 21:06:54,200 | INFO | epoch 1 val c-index history: [0.499]
2026-06-24 21:06:54,203 | INFO | [TRAINING STEP]
2026-06-24 21:07:04,637 | INFO | [epoch 1 | train | batch 0 start] allocated=1173.4MB | reserved=13588.0MB | peak=11217.4MB
2026-06-24 21:07:07,365 | INFO |     task_logits from  -0.5390625 to 0.26953125
2026-06-24 21:08:03,143 | INFO | [epoch 1 | train | batch 10 start] allocated=1203.6MB | reserved=30940.0MB | peak=29206.2MB
2026-06-24 21:08:59,882 | INFO | [epoch 1 | train | batch 20 start] allocated=1203.6MB | reserved=30940.0MB | peak=29206.2MB
2026-06-24 21:09:57,278 | INFO | [epoch 1 | train | batch 30 start] allocated=1203.6MB | reserved=30940.0MB | peak=29206.2MB
2026-06-24 21:10:54,707 | INFO | [epoch 1 | train | batch 40 start] allocated=1203.6MB | reserved=30940.0MB | peak=29206.2MB
2026-06-24 21:11:28,774 | INFO | epoch 1 train total loss: 2.00
2026-06-24 21:11:28,774 | INFO | epoch 1 train concept loss: 1.73
2026-06-24 21:11:28,774 | INFO | epoch 1 train task loss: 0.27
2026-06-24 21:11:28,774 | INFO | epoch 1 train total loss history: [2.003000020980835]
2026-06-24 21:11:28,774 | INFO | epoch 1 train concept loss history: [1.7319999933242798]
2026-06-24 21:11:28,774 | INFO | epoch 1 train task loss history: [0.2709999978542328]
2026-06-24 21:11:28,774 | INFO | epoch 1 complete
2026-06-24 21:11:28,774 | INFO | ======== starting epoch 2 ========
2026-06-24 21:11:28,774 | INFO | epoch 2 LR at start of epoch: vit = 0.000000
2026-06-24 21:11:28,774 | INFO | epoch 2 LR at start of epoch: head = 0.009755
2026-06-24 21:11:28,774 | INFO | [VALIDATION STEP]
2026-06-24 21:11:43,760 | INFO | [epoch 2 | val | batch 0 start] allocated=1791.6MB | reserved=30940.0MB | peak=29206.2MB
2026-06-24 21:13:30,322 | INFO | [epoch 2 | val | batch 10 start] allocated=1791.6MB | reserved=30940.0MB | peak=29206.2MB
2026-06-24 21:13:41,665 | INFO | epoch 2 val loss (mean of batches): 1.79
2026-06-24 21:13:41,665 | INFO | epoch 2 val loss history: [1.6050000190734863, 1.7869999408721924]
2026-06-24 21:13:41,665 | INFO | epoch 2 val c-index (total sample): 0.56
2026-06-24 21:13:41,665 | INFO | epoch 2 val c-index history: [0.499, 0.558]
2026-06-24 21:13:41,667 | INFO | [TRAINING STEP]
2026-06-24 21:13:51,786 | INFO | [epoch 2 | train | batch 0 start] allocated=1203.6MB | reserved=30940.0MB | peak=29206.2MB
2026-06-24 21:13:53,511 | INFO |     task_logits from  -1.5546875 to 2.109375
2026-06-24 21:14:49,790 | INFO | [epoch 2 | train | batch 10 start] allocated=1203.6MB | reserved=30940.0MB | peak=29206.2MB
2026-06-24 21:15:46,396 | INFO | [epoch 2 | train | batch 20 start] allocated=1203.6MB | reserved=30940.0MB | peak=29206.2MB
2026-06-24 21:16:43,067 | INFO | [epoch 2 | train | batch 30 start] allocated=1203.6MB | reserved=30940.0MB | peak=29206.2MB
2026-06-24 21:17:41,042 | INFO | [epoch 2 | train | batch 40 start] allocated=1203.6MB | reserved=30940.0MB | peak=29206.2MB
2026-06-24 21:18:15,329 | INFO | epoch 2 train total loss: 1.45
2026-06-24 21:18:15,330 | INFO | epoch 2 train concept loss: 1.24
2026-06-24 21:18:15,330 | INFO | epoch 2 train task loss: 0.21
2026-06-24 21:18:15,330 | INFO | epoch 2 train total loss history: [2.003000020980835, 1.4509999752044678]
2026-06-24 21:18:15,330 | INFO | epoch 2 train concept loss history: [1.7319999933242798, 1.2380000352859497]
2026-06-24 21:18:15,330 | INFO | epoch 2 train task loss history: [0.2709999978542328, 0.21400000154972076]
2026-06-24 21:18:15,330 | INFO | epoch 2 complete
2026-06-24 21:18:15,330 | INFO | ======== starting epoch 3 ========
2026-06-24 21:18:15,330 | INFO | epoch 3 LR at start of epoch: vit = 0.000000
2026-06-24 21:18:15,330 | INFO | epoch 3 LR at start of epoch: head = 0.009045
2026-06-24 21:18:15,330 | INFO | [VALIDATION STEP]
2026-06-24 21:18:29,556 | INFO | [epoch 3 | val | batch 0 start] allocated=1791.6MB | reserved=30940.0MB | peak=29206.2MB
2026-06-24 21:20:16,374 | INFO | [epoch 3 | val | batch 10 start] allocated=1791.6MB | reserved=30940.0MB | peak=29206.2MB
2026-06-24 21:20:27,711 | INFO | epoch 3 val loss (mean of batches): 1.55
2026-06-24 21:20:27,711 | INFO | epoch 3 val loss history: [1.6050000190734863, 1.7869999408721924, 1.5540000200271606]
2026-06-24 21:20:27,711 | INFO | epoch 3 val c-index (total sample): 0.75
2026-06-24 21:20:27,711 | INFO | epoch 3 val c-index history: [0.499, 0.558, 0.746]
2026-06-24 21:20:27,713 | INFO | [TRAINING STEP]
2026-06-24 21:20:37,637 | INFO | [epoch 3 | train | batch 0 start] allocated=1203.6MB | reserved=30940.0MB | peak=29206.2MB
2026-06-24 21:20:39,364 | INFO |     task_logits from  -1.171875 to 1.1328125
2026-06-24 21:21:34,267 | INFO | [epoch 3 | train | batch 10 start] allocated=1203.6MB | reserved=30940.0MB | peak=29206.2MB
2026-06-24 21:22:30,955 | INFO | [epoch 3 | train | batch 20 start] allocated=1203.6MB | reserved=30940.0MB | peak=29206.2MB
2026-06-24 21:23:27,649 | INFO | [epoch 3 | train | batch 30 start] allocated=1203.6MB | reserved=30940.0MB | peak=29206.2MB
2026-06-24 21:24:24,443 | INFO | [epoch 3 | train | batch 40 start] allocated=1203.6MB | reserved=30940.0MB | peak=29206.2MB
2026-06-24 21:24:58,455 | INFO | epoch 3 train total loss: 1.20
2026-06-24 21:24:58,455 | INFO | epoch 3 train concept loss: 1.02
2026-06-24 21:24:58,455 | INFO | epoch 3 train task loss: 0.19
2026-06-24 21:24:58,455 | INFO | epoch 3 train total loss history: [2.003000020980835, 1.4509999752044678, 1.2039999961853027]
2026-06-24 21:24:58,455 | INFO | epoch 3 train concept loss history: [1.7319999933242798, 1.2380000352859497, 1.0169999599456787]
2026-06-24 21:24:58,455 | INFO | epoch 3 train task loss history: [0.2709999978542328, 0.21400000154972076, 0.18700000643730164]
2026-06-24 21:24:58,455 | INFO | epoch 3 complete
2026-06-24 21:24:58,456 | INFO | ======== starting epoch 4 ========
2026-06-24 21:24:58,456 | INFO | epoch 4 LR at start of epoch: vit = 0.000000
2026-06-24 21:24:58,456 | INFO | epoch 4 LR at start of epoch: head = 0.007939
2026-06-24 21:24:58,456 | INFO | [VALIDATION STEP]
2026-06-24 21:25:12,377 | INFO | [epoch 4 | val | batch 0 start] allocated=1791.6MB | reserved=30940.0MB | peak=29206.2MB
2026-06-24 21:26:58,944 | INFO | [epoch 4 | val | batch 10 start] allocated=1791.6MB | reserved=30940.0MB | peak=29206.2MB
2026-06-24 21:27:10,252 | INFO | epoch 4 val loss (mean of batches): 1.66
2026-06-24 21:27:10,252 | INFO | epoch 4 val loss history: [1.6050000190734863, 1.7869999408721924, 1.5540000200271606, 1.656999945640564]
2026-06-24 21:27:10,252 | INFO | epoch 4 val c-index (total sample): 0.75
2026-06-24 21:27:10,252 | INFO | epoch 4 val c-index history: [0.499, 0.558, 0.746, 0.749]
2026-06-24 21:27:10,254 | INFO | [TRAINING STEP]
2026-06-24 21:27:20,370 | INFO | [epoch 4 | train | batch 0 start] allocated=1203.6MB | reserved=30940.0MB | peak=29206.2MB
2026-06-24 21:27:22,098 | INFO |     task_logits from  -1.390625 to 1.5234375
2026-06-24 21:28:17,044 | INFO | [epoch 4 | train | batch 10 start] allocated=1203.6MB | reserved=30940.0MB | peak=29206.2MB
2026-06-24 21:29:13,815 | INFO | [epoch 4 | train | batch 20 start] allocated=1203.6MB | reserved=30940.0MB | peak=29206.2MB
2026-06-24 21:30:10,530 | INFO | [epoch 4 | train | batch 30 start] allocated=1203.6MB | reserved=30940.0MB | peak=29206.2MB
2026-06-24 21:31:07,298 | INFO | [epoch 4 | train | batch 40 start] allocated=1203.6MB | reserved=30940.0MB | peak=29206.2MB
2026-06-24 21:31:41,323 | INFO | epoch 4 train total loss: 1.07
2026-06-24 21:31:41,323 | INFO | epoch 4 train concept loss: 0.89
2026-06-24 21:31:41,323 | INFO | epoch 4 train task loss: 0.17
2026-06-24 21:31:41,323 | INFO | epoch 4 train total loss history: [2.003000020980835, 1.4509999752044678, 1.2039999961853027, 1.0670000314712524]
2026-06-24 21:31:41,323 | INFO | epoch 4 train concept loss history: [1.7319999933242798, 1.2380000352859497, 1.0169999599456787, 0.8930000066757202]
2026-06-24 21:31:41,323 | INFO | epoch 4 train task loss history: [0.2709999978542328, 0.21400000154972076, 0.18700000643730164, 0.17399999499320984]
2026-06-24 21:31:41,323 | INFO | epoch 4 complete
2026-06-24 21:31:41,323 | INFO | ======== starting epoch 5 ========
2026-06-24 21:31:41,323 | INFO | epoch 5 LR at start of epoch: vit = 0.000000
2026-06-24 21:31:41,323 | INFO | epoch 5 LR at start of epoch: head = 0.006545
2026-06-24 21:31:41,323 | INFO | [VALIDATION STEP]
2026-06-24 21:31:55,888 | INFO | [epoch 5 | val | batch 0 start] allocated=1791.6MB | reserved=30940.0MB | peak=29206.2MB
2026-06-24 21:33:43,122 | INFO | [epoch 5 | val | batch 10 start] allocated=1791.6MB | reserved=30940.0MB | peak=29206.2MB
2026-06-24 21:33:54,500 | INFO | epoch 5 val loss (mean of batches): 1.51
2026-06-24 21:33:54,500 | INFO | epoch 5 val loss history: [1.6050000190734863, 1.7869999408721924, 1.5540000200271606, 1.656999945640564, 1.5149999856948853]
2026-06-24 21:33:54,500 | INFO | epoch 5 val c-index (total sample): 0.70
2026-06-24 21:33:54,500 | INFO | epoch 5 val c-index history: [0.499, 0.558, 0.746, 0.749, 0.699]
2026-06-24 21:33:54,502 | INFO | [TRAINING STEP]
2026-06-24 21:34:04,712 | INFO | [epoch 5 | train | batch 0 start] allocated=1203.6MB | reserved=30940.0MB | peak=29206.2MB
2026-06-24 21:34:06,439 | INFO |     task_logits from  -1.859375 to 0.94921875
2026-06-24 21:35:01,334 | INFO | [epoch 5 | train | batch 10 start] allocated=1203.6MB | reserved=30940.0MB | peak=29206.2MB
2026-06-24 21:35:58,033 | INFO | [epoch 5 | train | batch 20 start] allocated=1203.6MB | reserved=30940.0MB | peak=29206.2MB
2026-06-24 21:36:54,791 | INFO | [epoch 5 | train | batch 30 start] allocated=1203.6MB | reserved=30940.0MB | peak=29206.2MB
2026-06-24 21:37:51,535 | INFO | [epoch 5 | train | batch 40 start] allocated=1203.6MB | reserved=30940.0MB | peak=29206.2MB
2026-06-24 21:38:25,557 | INFO | epoch 5 train total loss: 0.91
2026-06-24 21:38:25,557 | INFO | epoch 5 train concept loss: 0.73
2026-06-24 21:38:25,557 | INFO | epoch 5 train task loss: 0.18
2026-06-24 21:38:25,557 | INFO | epoch 5 train total loss history: [2.003000020980835, 1.4509999752044678, 1.2039999961853027, 1.0670000314712524, 0.9139999747276306]
2026-06-24 21:38:25,557 | INFO | epoch 5 train concept loss history: [1.7319999933242798, 1.2380000352859497, 1.0169999599456787, 0.8930000066757202, 0.734000027179718]
2026-06-24 21:38:25,557 | INFO | epoch 5 train task loss history: [0.2709999978542328, 0.21400000154972076, 0.18700000643730164, 0.17399999499320984, 0.18000000715255737]
2026-06-24 21:38:25,557 | INFO | epoch 5 complete
2026-06-24 21:38:25,557 | INFO | ======== starting epoch 6 ========
2026-06-24 21:38:25,557 | INFO | epoch 6 LR at start of epoch: vit = 0.000000
2026-06-24 21:38:25,557 | INFO | epoch 6 LR at start of epoch: head = 0.005000
2026-06-24 21:38:25,557 | INFO | [VALIDATION STEP]
2026-06-24 21:38:40,721 | INFO | [epoch 6 | val | batch 0 start] allocated=1791.6MB | reserved=30940.0MB | peak=29206.2MB
2026-06-24 21:40:27,012 | INFO | [epoch 6 | val | batch 10 start] allocated=1791.6MB | reserved=30940.0MB | peak=29206.2MB
2026-06-24 21:40:38,292 | INFO | epoch 6 val loss (mean of batches): 1.45
2026-06-24 21:40:38,292 | INFO | epoch 6 val loss history: [1.6050000190734863, 1.7869999408721924, 1.5540000200271606, 1.656999945640564, 1.5149999856948853, 1.4539999961853027]
2026-06-24 21:40:38,292 | INFO | epoch 6 val c-index (total sample): 0.77
2026-06-24 21:40:38,292 | INFO | epoch 6 val c-index history: [0.499, 0.558, 0.746, 0.749, 0.699, 0.766]
2026-06-24 21:40:38,294 | INFO | [TRAINING STEP]
2026-06-24 21:40:50,599 | INFO | [epoch 6 | train | batch 0 start] allocated=1203.6MB | reserved=30940.0MB | peak=29206.2MB
2026-06-24 21:40:52,324 | INFO |     task_logits from  -2.015625 to 1.5859375
2026-06-24 21:41:47,271 | INFO | [epoch 6 | train | batch 10 start] allocated=1203.6MB | reserved=30940.0MB | peak=29206.2MB
2026-06-24 21:42:44,051 | INFO | [epoch 6 | train | batch 20 start] allocated=1203.6MB | reserved=30940.0MB | peak=29206.2MB
2026-06-24 21:43:40,839 | INFO | [epoch 6 | train | batch 30 start] allocated=1203.6MB | reserved=30940.0MB | peak=29206.2MB
2026-06-24 21:44:37,574 | INFO | [epoch 6 | train | batch 40 start] allocated=1203.6MB | reserved=30940.0MB | peak=29206.2MB
2026-06-24 21:45:11,569 | INFO | epoch 6 train total loss: 0.76
2026-06-24 21:45:11,569 | INFO | epoch 6 train concept loss: 0.62
2026-06-24 21:45:11,569 | INFO | epoch 6 train task loss: 0.15
2026-06-24 21:45:11,569 | INFO | epoch 6 train total loss history: [2.003000020980835, 1.4509999752044678, 1.2039999961853027, 1.0670000314712524, 0.9139999747276306, 0.7649999856948853]
2026-06-24 21:45:11,569 | INFO | epoch 6 train concept loss history: [1.7319999933242798, 1.2380000352859497, 1.0169999599456787, 0.8930000066757202, 0.734000027179718, 0.6159999966621399]
2026-06-24 21:45:11,569 | INFO | epoch 6 train task loss history: [0.2709999978542328, 0.21400000154972076, 0.18700000643730164, 0.17399999499320984, 0.18000000715255737, 0.14900000393390656]
2026-06-24 21:45:11,570 | INFO | epoch 6 complete
2026-06-24 21:45:11,570 | INFO | ======== starting epoch 7 ========
2026-06-24 21:45:11,570 | INFO | epoch 7 LR at start of epoch: vit = 0.000000
2026-06-24 21:45:11,570 | INFO | epoch 7 LR at start of epoch: head = 0.003455
2026-06-24 21:45:11,570 | INFO | [VALIDATION STEP]
2026-06-24 21:45:27,094 | INFO | [epoch 7 | val | batch 0 start] allocated=1791.6MB | reserved=30940.0MB | peak=29206.2MB
2026-06-24 21:47:13,342 | INFO | [epoch 7 | val | batch 10 start] allocated=1791.6MB | reserved=30940.0MB | peak=29206.2MB
2026-06-24 21:47:24,619 | INFO | epoch 7 val loss (mean of batches): 1.56
2026-06-24 21:47:24,619 | INFO | epoch 7 val loss history: [1.6050000190734863, 1.7869999408721924, 1.5540000200271606, 1.656999945640564, 1.5149999856948853, 1.4539999961853027, 1.555999994277954]
2026-06-24 21:47:24,619 | INFO | epoch 7 val c-index (total sample): 0.70
2026-06-24 21:47:24,619 | INFO | epoch 7 val c-index history: [0.499, 0.558, 0.746, 0.749, 0.699, 0.766, 0.703]
2026-06-24 21:47:24,621 | INFO | [TRAINING STEP]
2026-06-24 21:47:35,930 | INFO | [epoch 7 | train | batch 0 start] allocated=1203.6MB | reserved=30940.0MB | peak=29206.2MB
2026-06-24 21:47:37,659 | INFO |     task_logits from  -2.171875 to 3.9375
2026-06-24 21:48:32,592 | INFO | [epoch 7 | train | batch 10 start] allocated=1203.6MB | reserved=30940.0MB | peak=29206.2MB
2026-06-24 21:49:29,295 | INFO | [epoch 7 | train | batch 20 start] allocated=1203.6MB | reserved=30940.0MB | peak=29206.2MB
2026-06-24 21:50:26,039 | INFO | [epoch 7 | train | batch 30 start] allocated=1203.6MB | reserved=30940.0MB | peak=29206.2MB
2026-06-24 21:51:22,792 | INFO | [epoch 7 | train | batch 40 start] allocated=1203.6MB | reserved=30940.0MB | peak=29206.2MB
2026-06-24 21:51:56,790 | INFO | epoch 7 train total loss: 0.65
2026-06-24 21:51:56,790 | INFO | epoch 7 train concept loss: 0.52
2026-06-24 21:51:56,790 | INFO | epoch 7 train task loss: 0.13
2026-06-24 21:51:56,790 | INFO | epoch 7 train total loss history: [2.003000020980835, 1.4509999752044678, 1.2039999961853027, 1.0670000314712524, 0.9139999747276306, 0.7649999856948853, 0.6489999890327454]
2026-06-24 21:51:56,790 | INFO | epoch 7 train concept loss history: [1.7319999933242798, 1.2380000352859497, 1.0169999599456787, 0.8930000066757202, 0.734000027179718, 0.6159999966621399, 0.5230000019073486]
2026-06-24 21:51:56,790 | INFO | epoch 7 train task loss history: [0.2709999978542328, 0.21400000154972076, 0.18700000643730164, 0.17399999499320984, 0.18000000715255737, 0.14900000393390656, 0.12600000202655792]
2026-06-24 21:51:56,790 | INFO | epoch 7 complete
2026-06-24 21:51:56,790 | INFO | ======== starting epoch 8 ========
2026-06-24 21:51:56,790 | INFO | epoch 8 LR at start of epoch: vit = 0.000000
2026-06-24 21:51:56,790 | INFO | epoch 8 LR at start of epoch: head = 0.002061
2026-06-24 21:51:56,790 | INFO | [VALIDATION STEP]
2026-06-24 21:52:12,021 | INFO | [epoch 8 | val | batch 0 start] allocated=1791.6MB | reserved=30940.0MB | peak=29206.2MB
2026-06-24 21:53:58,538 | INFO | [epoch 8 | val | batch 10 start] allocated=1791.6MB | reserved=30940.0MB | peak=29206.2MB
2026-06-24 21:54:09,803 | INFO | epoch 8 val loss (mean of batches): 1.45
2026-06-24 21:54:09,803 | INFO | epoch 8 val loss history: [1.6050000190734863, 1.7869999408721924, 1.5540000200271606, 1.656999945640564, 1.5149999856948853, 1.4539999961853027, 1.555999994277954, 1.4459999799728394]
2026-06-24 21:54:09,803 | INFO | epoch 8 val c-index (total sample): 0.71
2026-06-24 21:54:09,803 | INFO | epoch 8 val c-index history: [0.499, 0.558, 0.746, 0.749, 0.699, 0.766, 0.703, 0.712]
2026-06-24 21:54:09,806 | INFO | [TRAINING STEP]
2026-06-24 21:54:20,798 | INFO | [epoch 8 | train | batch 0 start] allocated=1203.6MB | reserved=30940.0MB | peak=29206.2MB
2026-06-24 21:54:22,520 | INFO |     task_logits from  -3.03125 to 1.3828125
2026-06-24 21:55:28,905 | INFO | [epoch 8 | train | batch 10 start] allocated=1203.6MB | reserved=30940.0MB | peak=29206.2MB
2026-06-24 21:56:25,571 | INFO | [epoch 8 | train | batch 20 start] allocated=1203.6MB | reserved=30940.0MB | peak=29206.2MB
2026-06-24 21:57:22,446 | INFO | [epoch 8 | train | batch 30 start] allocated=1203.6MB | reserved=30940.0MB | peak=29206.2MB
2026-06-24 21:58:19,142 | INFO | [epoch 8 | train | batch 40 start] allocated=1203.6MB | reserved=30940.0MB | peak=29206.2MB
2026-06-24 21:58:53,123 | INFO | epoch 8 train total loss: 0.58
2026-06-24 21:58:53,124 | INFO | epoch 8 train concept loss: 0.44
2026-06-24 21:58:53,124 | INFO | epoch 8 train task loss: 0.14
2026-06-24 21:58:53,124 | INFO | epoch 8 train total loss history: [2.003000020980835, 1.4509999752044678, 1.2039999961853027, 1.0670000314712524, 0.9139999747276306, 0.7649999856948853, 0.6489999890327454, 0.5799999833106995]
2026-06-24 21:58:53,124 | INFO | epoch 8 train concept loss history: [1.7319999933242798, 1.2380000352859497, 1.0169999599456787, 0.8930000066757202, 0.734000027179718, 0.6159999966621399, 0.5230000019073486, 0.44200000166893005]
2026-06-24 21:58:53,124 | INFO | epoch 8 train task loss history: [0.2709999978542328, 0.21400000154972076, 0.18700000643730164, 0.17399999499320984, 0.18000000715255737, 0.14900000393390656, 0.12600000202655792, 0.1379999965429306]
2026-06-24 21:58:53,124 | INFO | epoch 8 complete
2026-06-24 21:58:53,124 | INFO | ======== starting epoch 9 ========
2026-06-24 21:58:53,124 | INFO | epoch 9 LR at start of epoch: vit = 0.000000
2026-06-24 21:58:53,124 | INFO | epoch 9 LR at start of epoch: head = 0.000955
2026-06-24 21:58:53,124 | INFO | [VALIDATION STEP]
2026-06-24 21:59:07,596 | INFO | [epoch 9 | val | batch 0 start] allocated=1791.6MB | reserved=30940.0MB | peak=29206.2MB
2026-06-24 22:00:53,906 | INFO | [epoch 9 | val | batch 10 start] allocated=1791.6MB | reserved=30940.0MB | peak=29206.2MB
2026-06-24 22:01:05,223 | INFO | epoch 9 val loss (mean of batches): 1.38
2026-06-24 22:01:05,223 | INFO | epoch 9 val loss history: [1.6050000190734863, 1.7869999408721924, 1.5540000200271606, 1.656999945640564, 1.5149999856948853, 1.4539999961853027, 1.555999994277954, 1.4459999799728394, 1.3849999904632568]
2026-06-24 22:01:05,224 | INFO | epoch 9 val c-index (total sample): 0.75
2026-06-24 22:01:05,224 | INFO | epoch 9 val c-index history: [0.499, 0.558, 0.746, 0.749, 0.699, 0.766, 0.703, 0.712, 0.754]
2026-06-24 22:01:05,226 | INFO | [TRAINING STEP]
2026-06-24 22:01:15,759 | INFO | [epoch 9 | train | batch 0 start] allocated=1203.6MB | reserved=30940.0MB | peak=29206.2MB
2026-06-24 22:01:17,480 | INFO |     task_logits from  -2.671875 to 3.375
2026-06-24 22:02:13,666 | INFO | [epoch 9 | train | batch 10 start] allocated=1203.6MB | reserved=30940.0MB | peak=29206.2MB
2026-06-24 22:03:10,359 | INFO | [epoch 9 | train | batch 20 start] allocated=1203.6MB | reserved=30940.0MB | peak=29206.2MB
2026-06-24 22:04:10,445 | INFO | [epoch 9 | train | batch 30 start] allocated=1203.6MB | reserved=30940.0MB | peak=29206.2MB
2026-06-24 22:05:08,284 | INFO | [epoch 9 | train | batch 40 start] allocated=1203.6MB | reserved=30940.0MB | peak=29206.2MB
2026-06-24 22:05:42,295 | INFO | epoch 9 train total loss: 0.51
2026-06-24 22:05:42,295 | INFO | epoch 9 train concept loss: 0.40
2026-06-24 22:05:42,295 | INFO | epoch 9 train task loss: 0.12
2026-06-24 22:05:42,295 | INFO | epoch 9 train total loss history: [2.003000020980835, 1.4509999752044678, 1.2039999961853027, 1.0670000314712524, 0.9139999747276306, 0.7649999856948853, 0.6489999890327454, 0.5799999833106995, 0.5139999985694885]
2026-06-24 22:05:42,295 | INFO | epoch 9 train concept loss history: [1.7319999933242798, 1.2380000352859497, 1.0169999599456787, 0.8930000066757202, 0.734000027179718, 0.6159999966621399, 0.5230000019073486, 0.44200000166893005, 0.39899998903274536]
2026-06-24 22:05:42,295 | INFO | epoch 9 train task loss history: [0.2709999978542328, 0.21400000154972076, 0.18700000643730164, 0.17399999499320984, 0.18000000715255737, 0.14900000393390656, 0.12600000202655792, 0.1379999965429306, 0.11500000208616257]
2026-06-24 22:05:42,295 | INFO | epoch 9 complete
2026-06-24 22:05:42,295 | INFO | ======== starting epoch 10 ========
2026-06-24 22:05:42,295 | INFO | epoch 10 LR at start of epoch: vit = 0.000000
2026-06-24 22:05:42,296 | INFO | epoch 10 LR at start of epoch: head = 0.000245
2026-06-24 22:05:42,296 | INFO | [VALIDATION STEP]
2026-06-24 22:05:57,330 | INFO | [epoch 10 | val | batch 0 start] allocated=1791.6MB | reserved=30940.0MB | peak=29206.2MB
2026-06-24 22:07:43,806 | INFO | [epoch 10 | val | batch 10 start] allocated=1791.6MB | reserved=30940.0MB | peak=29206.2MB
2026-06-24 22:07:55,127 | INFO | epoch 10 val loss (mean of batches): 1.38
2026-06-24 22:07:55,128 | INFO | epoch 10 val loss history: [1.6050000190734863, 1.7869999408721924, 1.5540000200271606, 1.656999945640564, 1.5149999856948853, 1.4539999961853027, 1.555999994277954, 1.4459999799728394, 1.3849999904632568, 1.3839999437332153]
2026-06-24 22:07:55,128 | INFO | epoch 10 val c-index (total sample): 0.75
2026-06-24 22:07:55,128 | INFO | epoch 10 val c-index history: [0.499, 0.558, 0.746, 0.749, 0.699, 0.766, 0.703, 0.712, 0.754, 0.749]
2026-06-24 22:07:55,130 | INFO | [TRAINING STEP]
2026-06-24 22:08:07,958 | INFO | [epoch 10 | train | batch 0 start] allocated=1203.6MB | reserved=30940.0MB | peak=29206.2MB
2026-06-24 22:08:09,680 | INFO |     task_logits from  -3.328125 to 5.75
2026-06-24 22:09:09,136 | INFO | [epoch 10 | train | batch 10 start] allocated=1203.6MB | reserved=30940.0MB | peak=29206.2MB
2026-06-24 22:10:06,173 | INFO | [epoch 10 | train | batch 20 start] allocated=1203.6MB | reserved=30940.0MB | peak=29206.2MB
2026-06-24 22:11:04,338 | INFO | [epoch 10 | train | batch 30 start] allocated=1203.6MB | reserved=30940.0MB | peak=29206.2MB
2026-06-24 22:12:01,057 | INFO | [epoch 10 | train | batch 40 start] allocated=1203.6MB | reserved=30940.0MB | peak=29206.2MB
2026-06-24 22:12:35,067 | INFO | epoch 10 train total loss: 0.47
2026-06-24 22:12:35,067 | INFO | epoch 10 train concept loss: 0.36
2026-06-24 22:12:35,067 | INFO | epoch 10 train task loss: 0.11
2026-06-24 22:12:35,067 | INFO | epoch 10 train total loss history: [2.003000020980835, 1.4509999752044678, 1.2039999961853027, 1.0670000314712524, 0.9139999747276306, 0.7649999856948853, 0.6489999890327454, 0.5799999833106995, 0.5139999985694885, 0.4729999899864197]
2026-06-24 22:12:35,067 | INFO | epoch 10 train concept loss history: [1.7319999933242798, 1.2380000352859497, 1.0169999599456787, 0.8930000066757202, 0.734000027179718, 0.6159999966621399, 0.5230000019073486, 0.44200000166893005, 0.39899998903274536, 0.3630000054836273]
2026-06-24 22:12:35,067 | INFO | epoch 10 train task loss history: [0.2709999978542328, 0.21400000154972076, 0.18700000643730164, 0.17399999499320984, 0.18000000715255737, 0.14900000393390656, 0.12600000202655792, 0.1379999965429306, 0.11500000208616257, 0.10999999940395355]
2026-06-24 22:12:35,067 | INFO | epoch 10 complete
2026-06-24 22:12:35,067 | INFO | training complete
2026-06-24 22:12:35,067 | INFO | predicting on the validation set
2026-06-24 22:13:37,619 | INFO |   starting batch 1 of validation
2026-06-24 22:13:42,745 | INFO |   starting batch 2 of validation
2026-06-24 22:13:47,911 | INFO |   starting batch 3 of validation
2026-06-24 22:13:53,113 | INFO |   starting batch 4 of validation
2026-06-24 22:13:58,349 | INFO |   starting batch 5 of validation
2026-06-24 22:14:03,612 | INFO |   starting batch 6 of validation
2026-06-24 22:14:09,053 | INFO |   starting batch 7 of validation
2026-06-24 22:14:14,372 | INFO |   starting batch 8 of validation
2026-06-24 22:14:19,674 | INFO |   starting batch 9 of validation
2026-06-24 22:14:24,990 | INFO |   starting batch 10 of validation
2026-06-24 22:14:30,524 | INFO |   starting batch 11 of validation
2026-06-24 22:14:35,847 | INFO |   starting batch 12 of validation
2026-06-24 22:14:38,812 | INFO | measuring performance
2026-06-24 22:14:38,812 | INFO | y_test: (185, 2)
2026-06-24 22:14:38,812 | INFO | y_probs: (185, 1)
2026-06-24 22:14:38,812 | INFO | c_test: (185, 3)
2026-06-24 22:14:38,812 | INFO | c_probs: (185, 10)
2026-06-24 22:14:40,377 | INFO | c_test_concept: (185,)
2026-06-24 22:14:40,377 | INFO | c_pred_concept: (185,)
2026-06-24 22:14:40,387 | INFO | c_test_concept: (185,)
2026-06-24 22:14:40,387 | INFO | c_pred_concept: (185,)
2026-06-24 22:14:40,392 | INFO | c_test_concept: (185,)
2026-06-24 22:14:40,392 | INFO | c_pred_concept: (185,)
2026-06-24 22:14:40,396 | INFO | results: {'task': {'c_index': 0.7219979818365287}, 'concepts': {'concept_0': {'0': {'precision': 0.3333333333333333, 'recall': 0.3225806451612903, 'f1-score': 0.32786885245901637, 'support': 31.0}, '1': {'precision': 0.5283018867924528, 'recall': 0.5283018867924528, 'f1-score': 0.5283018867924528, 'support': 106.0}, '2': {'precision': 0.25, 'recall': 0.26666666666666666, 'f1-score': 0.25806451612903225, 'support': 45.0}, '3': {'precision': 0.0, 'recall': 0.0, 'f1-score': 0.0, 'support': 3.0}, 'accuracy': 0.42162162162162165, 'macro avg': {'precision': 0.27790880503144655, 'recall': 0.27938729965510245, 'f1-score': 0.2785588138451254, 'support': 185.0}, 'weighted avg': {'precision': 0.41936936936936936, 'recall': 0.42162162162162165, 'f1-score': 0.4204153386596538, 'support': 185.0}, 'auc': {'ovo': 0.5929329816730912}, 'confusion': {'true_0': {'pred_0': 10, 'pred_1': 16, 'pred_2': 4, 'pred_3': 1}, 'true_1': {'pred_0': 18, 'pred_1': 56, 'pred_2': 32, 'pred_3': 0}, 'true_2': {'pred_0': 2, 'pred_1': 31, 'pred_2': 12, 'pred_3': 0}, 'true_3': {'pred_0': 0, 'pred_1': 3, 'pred_2': 0, 'pred_3': 0}}}, 'concept_1': {'0': {'precision': 0.625, 'recall': 0.6111111111111112, 'f1-score': 0.6179775280898876, 'support': 90.0}, '1': {'precision': 0.4166666666666667, 'recall': 0.423728813559322, 'f1-score': 0.42016806722689076, 'support': 59.0}, '2': {'precision': 0.35135135135135137, 'recall': 0.3611111111111111, 'f1-score': 0.3561643835616438, 'support': 36.0}, 'accuracy': 0.5027027027027027, 'macro avg': {'precision': 0.46433933933933935, 'recall': 0.46531701192718145, 'f1-score': 0.464769992959474, 'support': 185.0}, 'weighted avg': {'precision': 0.5053080107134161, 'recall': 0.5027027027027027, 'f1-score': 0.5039449259605169, 'support': 185.0}, 'auc': {'ovo': 0.6264795633675107}, 'confusion': {'true_0': {'pred_0': 55, 'pred_1': 24, 'pred_2': 11}, 'true_1': {'pred_0': 21, 'pred_1': 25, 'pred_2': 13}, 'true_2': {'pred_0': 12, 'pred_1': 11, 'pred_2': 13}}}, 'concept_2': {'0': {'precision': 0.86875, 'recall': 0.9455782312925171, 'f1-score': 0.9055374592833876, 'support': 147.0}, '1': {'precision': 0.56, 'recall': 0.4117647058823529, 'f1-score': 0.4745762711864407, 'support': 34.0}, '2': {'precision': nan, 'recall': 0.0, 'f1-score': 0.0, 'support': 4.0}, 'accuracy': 0.827027027027027, 'macro avg': {'precision': 0.714375, 'recall': 0.45244764572495666, 'f1-score': 0.46003791015660944, 'support': 185.0}, 'weighted avg': {'precision': 0.8107527624309393, 'recall': 0.827027027027027, 'f1-score': 0.8067545931621457, 'support': 185.0}, 'auc': {'ovo': 0.7233976924102974}, 'confusion': {'true_0': {'pred_0': 139, 'pred_1': 8, 'pred_2': 0}, 'true_1': {'pred_0': 20, 'pred_1': 14, 'pred_2': 0}, 'true_2': {'pred_0': 1, 'pred_1': 3, 'pred_2': 0}}}}}
2026-06-24 22:14:40,398 | INFO | training fold 1
2026-06-24 22:14:40,399 | INFO | train set size: 739
2026-06-24 22:14:40,399 | INFO | val set size: 185
2026-06-24 22:14:40,440 | INFO | cpu_count: 30
2026-06-24 22:14:40,440 | INFO | num_workers: 2
2026-06-24 22:14:40,494 | INFO | completed building dataloaders
2026-06-24 22:14:40,494 | INFO | training starts
2026-06-24 22:14:54,232 | INFO | model initialized
2026-06-24 22:14:54,324 | INFO | LR scheduler: <torch.optim.lr_scheduler.CosineAnnealingLR object at 0x706619459a50>
2026-06-24 22:14:54,324 | INFO | Parameters by layer:
2026-06-24 22:14:54,324 | INFO | vit_model.base_model.model.cls_token     | 1024       | [FROZEN]
2026-06-24 22:14:54,324 | INFO | vit_model.base_model.model.pos_embed     | 201728     | [FROZEN]
2026-06-24 22:14:54,324 | INFO | vit_model.base_model.model.patch_embed.proj.weight | 786432     | [FROZEN]
2026-06-24 22:14:54,324 | INFO | vit_model.base_model.model.patch_embed.proj.bias | 1024       | [FROZEN]
2026-06-24 22:14:54,324 | INFO | vit_model.base_model.model.blocks.0.norm1.weight | 1024       | [FROZEN]
2026-06-24 22:14:54,324 | INFO | vit_model.base_model.model.blocks.0.norm1.bias | 1024       | [FROZEN]
2026-06-24 22:14:54,324 | INFO | vit_model.base_model.model.blocks.0.attn.qkv.base_layer.weight | 3145728    | [FROZEN]
2026-06-24 22:14:54,324 | INFO | vit_model.base_model.model.blocks.0.attn.qkv.base_layer.bias | 3072       | [FROZEN]
2026-06-24 22:14:54,324 | INFO | vit_model.base_model.model.blocks.0.attn.qkv.lora_A.default.weight | 8192       | [TRAINABLE]
2026-06-24 22:14:54,324 | INFO | vit_model.base_model.model.blocks.0.attn.qkv.lora_B.default.weight | 24576      | [TRAINABLE]
2026-06-24 22:14:54,324 | INFO | vit_model.base_model.model.blocks.0.attn.proj.weight | 1048576    | [FROZEN]
2026-06-24 22:14:54,324 | INFO | vit_model.base_model.model.blocks.0.attn.proj.bias | 1024       | [FROZEN]
2026-06-24 22:14:54,324 | INFO | vit_model.base_model.model.blocks.0.ls1.gamma | 1024       | [FROZEN]
2026-06-24 22:14:54,324 | INFO | vit_model.base_model.model.blocks.0.norm2.weight | 1024       | [FROZEN]
2026-06-24 22:14:54,324 | INFO | vit_model.base_model.model.blocks.0.norm2.bias | 1024       | [FROZEN]
2026-06-24 22:14:54,324 | INFO | vit_model.base_model.model.blocks.0.mlp.fc1.weight | 4194304    | [FROZEN]
2026-06-24 22:14:54,324 | INFO | vit_model.base_model.model.blocks.0.mlp.fc1.bias | 4096       | [FROZEN]
2026-06-24 22:14:54,324 | INFO | vit_model.base_model.model.blocks.0.mlp.fc2.weight | 4194304    | [FROZEN]
2026-06-24 22:14:54,324 | INFO | vit_model.base_model.model.blocks.0.mlp.fc2.bias | 1024       | [FROZEN]
2026-06-24 22:14:54,324 | INFO | vit_model.base_model.model.blocks.0.ls2.gamma | 1024       | [FROZEN]
2026-06-24 22:14:54,324 | INFO | vit_model.base_model.model.blocks.1.norm1.weight | 1024       | [FROZEN]
2026-06-24 22:14:54,324 | INFO | vit_model.base_model.model.blocks.1.norm1.bias | 1024       | [FROZEN]
2026-06-24 22:14:54,324 | INFO | vit_model.base_model.model.blocks.1.attn.qkv.base_layer.weight | 3145728    | [FROZEN]
2026-06-24 22:14:54,324 | INFO | vit_model.base_model.model.blocks.1.attn.qkv.base_layer.bias | 3072       | [FROZEN]
2026-06-24 22:14:54,325 | INFO | vit_model.base_model.model.blocks.1.attn.qkv.lora_A.default.weight | 8192       | [TRAINABLE]
2026-06-24 22:14:54,325 | INFO | vit_model.base_model.model.blocks.1.attn.qkv.lora_B.default.weight | 24576      | [TRAINABLE]
2026-06-24 22:14:54,325 | INFO | vit_model.base_model.model.blocks.1.attn.proj.weight | 1048576    | [FROZEN]
2026-06-24 22:14:54,325 | INFO | vit_model.base_model.model.blocks.1.attn.proj.bias | 1024       | [FROZEN]
2026-06-24 22:14:54,325 | INFO | vit_model.base_model.model.blocks.1.ls1.gamma | 1024       | [FROZEN]
2026-06-24 22:14:54,325 | INFO | vit_model.base_model.model.blocks.1.norm2.weight | 1024       | [FROZEN]
2026-06-24 22:14:54,325 | INFO | vit_model.base_model.model.blocks.1.norm2.bias | 1024       | [FROZEN]
2026-06-24 22:14:54,325 | INFO | vit_model.base_model.model.blocks.1.mlp.fc1.weight | 4194304    | [FROZEN]
2026-06-24 22:14:54,325 | INFO | vit_model.base_model.model.blocks.1.mlp.fc1.bias | 4096       | [FROZEN]
2026-06-24 22:14:54,325 | INFO | vit_model.base_model.model.blocks.1.mlp.fc2.weight | 4194304    | [FROZEN]
2026-06-24 22:14:54,325 | INFO | vit_model.base_model.model.blocks.1.mlp.fc2.bias | 1024       | [FROZEN]
2026-06-24 22:14:54,325 | INFO | vit_model.base_model.model.blocks.1.ls2.gamma | 1024       | [FROZEN]
2026-06-24 22:14:54,325 | INFO | vit_model.base_model.model.blocks.2.norm1.weight | 1024       | [FROZEN]
2026-06-24 22:14:54,325 | INFO | vit_model.base_model.model.blocks.2.norm1.bias | 1024       | [FROZEN]
2026-06-24 22:14:54,325 | INFO | vit_model.base_model.model.blocks.2.attn.qkv.base_layer.weight | 3145728    | [FROZEN]
2026-06-24 22:14:54,325 | INFO | vit_model.base_model.model.blocks.2.attn.qkv.base_layer.bias | 3072       | [FROZEN]
2026-06-24 22:14:54,325 | INFO | vit_model.base_model.model.blocks.2.attn.qkv.lora_A.default.weight | 8192       | [TRAINABLE]
2026-06-24 22:14:54,325 | INFO | vit_model.base_model.model.blocks.2.attn.qkv.lora_B.default.weight | 24576      | [TRAINABLE]
2026-06-24 22:14:54,325 | INFO | vit_model.base_model.model.blocks.2.attn.proj.weight | 1048576    | [FROZEN]
2026-06-24 22:14:54,325 | INFO | vit_model.base_model.model.blocks.2.attn.proj.bias | 1024       | [FROZEN]
2026-06-24 22:14:54,325 | INFO | vit_model.base_model.model.blocks.2.ls1.gamma | 1024       | [FROZEN]
2026-06-24 22:14:54,325 | INFO | vit_model.base_model.model.blocks.2.norm2.weight | 1024       | [FROZEN]
2026-06-24 22:14:54,325 | INFO | vit_model.base_model.model.blocks.2.norm2.bias | 1024       | [FROZEN]
2026-06-24 22:14:54,325 | INFO | vit_model.base_model.model.blocks.2.mlp.fc1.weight | 4194304    | [FROZEN]
2026-06-24 22:14:54,325 | INFO | vit_model.base_model.model.blocks.2.mlp.fc1.bias | 4096       | [FROZEN]
2026-06-24 22:14:54,325 | INFO | vit_model.base_model.model.blocks.2.mlp.fc2.weight | 4194304    | [FROZEN]
2026-06-24 22:14:54,325 | INFO | vit_model.base_model.model.blocks.2.mlp.fc2.bias | 1024       | [FROZEN]
2026-06-24 22:14:54,325 | INFO | vit_model.base_model.model.blocks.2.ls2.gamma | 1024       | [FROZEN]
2026-06-24 22:14:54,325 | INFO | vit_model.base_model.model.blocks.3.norm1.weight | 1024       | [FROZEN]
2026-06-24 22:14:54,325 | INFO | vit_model.base_model.model.blocks.3.norm1.bias | 1024       | [FROZEN]
2026-06-24 22:14:54,325 | INFO | vit_model.base_model.model.blocks.3.attn.qkv.base_layer.weight | 3145728    | [FROZEN]
2026-06-24 22:14:54,325 | INFO | vit_model.base_model.model.blocks.3.attn.qkv.base_layer.bias | 3072       | [FROZEN]
2026-06-24 22:14:54,325 | INFO | vit_model.base_model.model.blocks.3.attn.qkv.lora_A.default.weight | 8192       | [TRAINABLE]
2026-06-24 22:14:54,325 | INFO | vit_model.base_model.model.blocks.3.attn.qkv.lora_B.default.weight | 24576      | [TRAINABLE]
2026-06-24 22:14:54,325 | INFO | vit_model.base_model.model.blocks.3.attn.proj.weight | 1048576    | [FROZEN]
2026-06-24 22:14:54,325 | INFO | vit_model.base_model.model.blocks.3.attn.proj.bias | 1024       | [FROZEN]
2026-06-24 22:14:54,325 | INFO | vit_model.base_model.model.blocks.3.ls1.gamma | 1024       | [FROZEN]
2026-06-24 22:14:54,325 | INFO | vit_model.base_model.model.blocks.3.norm2.weight | 1024       | [FROZEN]
2026-06-24 22:14:54,325 | INFO | vit_model.base_model.model.blocks.3.norm2.bias | 1024       | [FROZEN]
2026-06-24 22:14:54,325 | INFO | vit_model.base_model.model.blocks.3.mlp.fc1.weight | 4194304    | [FROZEN]
2026-06-24 22:14:54,325 | INFO | vit_model.base_model.model.blocks.3.mlp.fc1.bias | 4096       | [FROZEN]
2026-06-24 22:14:54,325 | INFO | vit_model.base_model.model.blocks.3.mlp.fc2.weight | 4194304    | [FROZEN]
2026-06-24 22:14:54,325 | INFO | vit_model.base_model.model.blocks.3.mlp.fc2.bias | 1024       | [FROZEN]
2026-06-24 22:14:54,325 | INFO | vit_model.base_model.model.blocks.3.ls2.gamma | 1024       | [FROZEN]
2026-06-24 22:14:54,325 | INFO | vit_model.base_model.model.blocks.4.norm1.weight | 1024       | [FROZEN]
2026-06-24 22:14:54,325 | INFO | vit_model.base_model.model.blocks.4.norm1.bias | 1024       | [FROZEN]
2026-06-24 22:14:54,325 | INFO | vit_model.base_model.model.blocks.4.attn.qkv.base_layer.weight | 3145728    | [FROZEN]
2026-06-24 22:14:54,325 | INFO | vit_model.base_model.model.blocks.4.attn.qkv.base_layer.bias | 3072       | [FROZEN]
2026-06-24 22:14:54,325 | INFO | vit_model.base_model.model.blocks.4.attn.qkv.lora_A.default.weight | 8192       | [TRAINABLE]
2026-06-24 22:14:54,325 | INFO | vit_model.base_model.model.blocks.4.attn.qkv.lora_B.default.weight | 24576      | [TRAINABLE]
2026-06-24 22:14:54,325 | INFO | vit_model.base_model.model.blocks.4.attn.proj.weight | 1048576    | [FROZEN]
2026-06-24 22:14:54,325 | INFO | vit_model.base_model.model.blocks.4.attn.proj.bias | 1024       | [FROZEN]
2026-06-24 22:14:54,325 | INFO | vit_model.base_model.model.blocks.4.ls1.gamma | 1024       | [FROZEN]
2026-06-24 22:14:54,325 | INFO | vit_model.base_model.model.blocks.4.norm2.weight | 1024       | [FROZEN]
2026-06-24 22:14:54,325 | INFO | vit_model.base_model.model.blocks.4.norm2.bias | 1024       | [FROZEN]
2026-06-24 22:14:54,325 | INFO | vit_model.base_model.model.blocks.4.mlp.fc1.weight | 4194304    | [FROZEN]
2026-06-24 22:14:54,325 | INFO | vit_model.base_model.model.blocks.4.mlp.fc1.bias | 4096       | [FROZEN]
2026-06-24 22:14:54,325 | INFO | vit_model.base_model.model.blocks.4.mlp.fc2.weight | 4194304    | [FROZEN]
2026-06-24 22:14:54,325 | INFO | vit_model.base_model.model.blocks.4.mlp.fc2.bias | 1024       | [FROZEN]
2026-06-24 22:14:54,325 | INFO | vit_model.base_model.model.blocks.4.ls2.gamma | 1024       | [FROZEN]
2026-06-24 22:14:54,325 | INFO | vit_model.base_model.model.blocks.5.norm1.weight | 1024       | [FROZEN]
2026-06-24 22:14:54,325 | INFO | vit_model.base_model.model.blocks.5.norm1.bias | 1024       | [FROZEN]
2026-06-24 22:14:54,325 | INFO | vit_model.base_model.model.blocks.5.attn.qkv.base_layer.weight | 3145728    | [FROZEN]
2026-06-24 22:14:54,325 | INFO | vit_model.base_model.model.blocks.5.attn.qkv.base_layer.bias | 3072       | [FROZEN]
2026-06-24 22:14:54,325 | INFO | vit_model.base_model.model.blocks.5.attn.qkv.lora_A.default.weight | 8192       | [TRAINABLE]
2026-06-24 22:14:54,325 | INFO | vit_model.base_model.model.blocks.5.attn.qkv.lora_B.default.weight | 24576      | [TRAINABLE]
2026-06-24 22:14:54,325 | INFO | vit_model.base_model.model.blocks.5.attn.proj.weight | 1048576    | [FROZEN]
2026-06-24 22:14:54,325 | INFO | vit_model.base_model.model.blocks.5.attn.proj.bias | 1024       | [FROZEN]
2026-06-24 22:14:54,325 | INFO | vit_model.base_model.model.blocks.5.ls1.gamma | 1024       | [FROZEN]
2026-06-24 22:14:54,325 | INFO | vit_model.base_model.model.blocks.5.norm2.weight | 1024       | [FROZEN]
2026-06-24 22:14:54,326 | INFO | vit_model.base_model.model.blocks.5.norm2.bias | 1024       | [FROZEN]
2026-06-24 22:14:54,326 | INFO | vit_model.base_model.model.blocks.5.mlp.fc1.weight | 4194304    | [FROZEN]
2026-06-24 22:14:54,326 | INFO | vit_model.base_model.model.blocks.5.mlp.fc1.bias | 4096       | [FROZEN]
2026-06-24 22:14:54,326 | INFO | vit_model.base_model.model.blocks.5.mlp.fc2.weight | 4194304    | [FROZEN]
2026-06-24 22:14:54,326 | INFO | vit_model.base_model.model.blocks.5.mlp.fc2.bias | 1024       | [FROZEN]
2026-06-24 22:14:54,326 | INFO | vit_model.base_model.model.blocks.5.ls2.gamma | 1024       | [FROZEN]
2026-06-24 22:14:54,326 | INFO | vit_model.base_model.model.blocks.6.norm1.weight | 1024       | [FROZEN]
2026-06-24 22:14:54,326 | INFO | vit_model.base_model.model.blocks.6.norm1.bias | 1024       | [FROZEN]
2026-06-24 22:14:54,326 | INFO | vit_model.base_model.model.blocks.6.attn.qkv.base_layer.weight | 3145728    | [FROZEN]
2026-06-24 22:14:54,326 | INFO | vit_model.base_model.model.blocks.6.attn.qkv.base_layer.bias | 3072       | [FROZEN]
2026-06-24 22:14:54,326 | INFO | vit_model.base_model.model.blocks.6.attn.qkv.lora_A.default.weight | 8192       | [TRAINABLE]
2026-06-24 22:14:54,326 | INFO | vit_model.base_model.model.blocks.6.attn.qkv.lora_B.default.weight | 24576      | [TRAINABLE]
2026-06-24 22:14:54,326 | INFO | vit_model.base_model.model.blocks.6.attn.proj.weight | 1048576    | [FROZEN]
2026-06-24 22:14:54,326 | INFO | vit_model.base_model.model.blocks.6.attn.proj.bias | 1024       | [FROZEN]
2026-06-24 22:14:54,326 | INFO | vit_model.base_model.model.blocks.6.ls1.gamma | 1024       | [FROZEN]
2026-06-24 22:14:54,326 | INFO | vit_model.base_model.model.blocks.6.norm2.weight | 1024       | [FROZEN]
2026-06-24 22:14:54,326 | INFO | vit_model.base_model.model.blocks.6.norm2.bias | 1024       | [FROZEN]
2026-06-24 22:14:54,326 | INFO | vit_model.base_model.model.blocks.6.mlp.fc1.weight | 4194304    | [FROZEN]
2026-06-24 22:14:54,326 | INFO | vit_model.base_model.model.blocks.6.mlp.fc1.bias | 4096       | [FROZEN]
2026-06-24 22:14:54,326 | INFO | vit_model.base_model.model.blocks.6.mlp.fc2.weight | 4194304    | [FROZEN]
2026-06-24 22:14:54,326 | INFO | vit_model.base_model.model.blocks.6.mlp.fc2.bias | 1024       | [FROZEN]
2026-06-24 22:14:54,326 | INFO | vit_model.base_model.model.blocks.6.ls2.gamma | 1024       | [FROZEN]
2026-06-24 22:14:54,326 | INFO | vit_model.base_model.model.blocks.7.norm1.weight | 1024       | [FROZEN]
2026-06-24 22:14:54,326 | INFO | vit_model.base_model.model.blocks.7.norm1.bias | 1024       | [FROZEN]
2026-06-24 22:14:54,326 | INFO | vit_model.base_model.model.blocks.7.attn.qkv.base_layer.weight | 3145728    | [FROZEN]
2026-06-24 22:14:54,326 | INFO | vit_model.base_model.model.blocks.7.attn.qkv.base_layer.bias | 3072       | [FROZEN]
2026-06-24 22:14:54,326 | INFO | vit_model.base_model.model.blocks.7.attn.qkv.lora_A.default.weight | 8192       | [TRAINABLE]
2026-06-24 22:14:54,326 | INFO | vit_model.base_model.model.blocks.7.attn.qkv.lora_B.default.weight | 24576      | [TRAINABLE]
2026-06-24 22:14:54,326 | INFO | vit_model.base_model.model.blocks.7.attn.proj.weight | 1048576    | [FROZEN]
2026-06-24 22:14:54,326 | INFO | vit_model.base_model.model.blocks.7.attn.proj.bias | 1024       | [FROZEN]
2026-06-24 22:14:54,326 | INFO | vit_model.base_model.model.blocks.7.ls1.gamma | 1024       | [FROZEN]
2026-06-24 22:14:54,326 | INFO | vit_model.base_model.model.blocks.7.norm2.weight | 1024       | [FROZEN]
2026-06-24 22:14:54,326 | INFO | vit_model.base_model.model.blocks.7.norm2.bias | 1024       | [FROZEN]
2026-06-24 22:14:54,326 | INFO | vit_model.base_model.model.blocks.7.mlp.fc1.weight | 4194304    | [FROZEN]
2026-06-24 22:14:54,326 | INFO | vit_model.base_model.model.blocks.7.mlp.fc1.bias | 4096       | [FROZEN]
2026-06-24 22:14:54,326 | INFO | vit_model.base_model.model.blocks.7.mlp.fc2.weight | 4194304    | [FROZEN]
2026-06-24 22:14:54,326 | INFO | vit_model.base_model.model.blocks.7.mlp.fc2.bias | 1024       | [FROZEN]
2026-06-24 22:14:54,326 | INFO | vit_model.base_model.model.blocks.7.ls2.gamma | 1024       | [FROZEN]
2026-06-24 22:14:54,326 | INFO | vit_model.base_model.model.blocks.8.norm1.weight | 1024       | [FROZEN]
2026-06-24 22:14:54,326 | INFO | vit_model.base_model.model.blocks.8.norm1.bias | 1024       | [FROZEN]
2026-06-24 22:14:54,326 | INFO | vit_model.base_model.model.blocks.8.attn.qkv.base_layer.weight | 3145728    | [FROZEN]
2026-06-24 22:14:54,326 | INFO | vit_model.base_model.model.blocks.8.attn.qkv.base_layer.bias | 3072       | [FROZEN]
2026-06-24 22:14:54,326 | INFO | vit_model.base_model.model.blocks.8.attn.qkv.lora_A.default.weight | 8192       | [TRAINABLE]
2026-06-24 22:14:54,326 | INFO | vit_model.base_model.model.blocks.8.attn.qkv.lora_B.default.weight | 24576      | [TRAINABLE]
2026-06-24 22:14:54,326 | INFO | vit_model.base_model.model.blocks.8.attn.proj.weight | 1048576    | [FROZEN]
2026-06-24 22:14:54,326 | INFO | vit_model.base_model.model.blocks.8.attn.proj.bias | 1024       | [FROZEN]
2026-06-24 22:14:54,326 | INFO | vit_model.base_model.model.blocks.8.ls1.gamma | 1024       | [FROZEN]
2026-06-24 22:14:54,326 | INFO | vit_model.base_model.model.blocks.8.norm2.weight | 1024       | [FROZEN]
2026-06-24 22:14:54,326 | INFO | vit_model.base_model.model.blocks.8.norm2.bias | 1024       | [FROZEN]
2026-06-24 22:14:54,326 | INFO | vit_model.base_model.model.blocks.8.mlp.fc1.weight | 4194304    | [FROZEN]
2026-06-24 22:14:54,326 | INFO | vit_model.base_model.model.blocks.8.mlp.fc1.bias | 4096       | [FROZEN]
2026-06-24 22:14:54,326 | INFO | vit_model.base_model.model.blocks.8.mlp.fc2.weight | 4194304    | [FROZEN]
2026-06-24 22:14:54,326 | INFO | vit_model.base_model.model.blocks.8.mlp.fc2.bias | 1024       | [FROZEN]
2026-06-24 22:14:54,326 | INFO | vit_model.base_model.model.blocks.8.ls2.gamma | 1024       | [FROZEN]
2026-06-24 22:14:54,326 | INFO | vit_model.base_model.model.blocks.9.norm1.weight | 1024       | [FROZEN]
2026-06-24 22:14:54,326 | INFO | vit_model.base_model.model.blocks.9.norm1.bias | 1024       | [FROZEN]
2026-06-24 22:14:54,326 | INFO | vit_model.base_model.model.blocks.9.attn.qkv.base_layer.weight | 3145728    | [FROZEN]
2026-06-24 22:14:54,326 | INFO | vit_model.base_model.model.blocks.9.attn.qkv.base_layer.bias | 3072       | [FROZEN]
2026-06-24 22:14:54,326 | INFO | vit_model.base_model.model.blocks.9.attn.qkv.lora_A.default.weight | 8192       | [TRAINABLE]
2026-06-24 22:14:54,326 | INFO | vit_model.base_model.model.blocks.9.attn.qkv.lora_B.default.weight | 24576      | [TRAINABLE]
2026-06-24 22:14:54,326 | INFO | vit_model.base_model.model.blocks.9.attn.proj.weight | 1048576    | [FROZEN]
2026-06-24 22:14:54,326 | INFO | vit_model.base_model.model.blocks.9.attn.proj.bias | 1024       | [FROZEN]
2026-06-24 22:14:54,326 | INFO | vit_model.base_model.model.blocks.9.ls1.gamma | 1024       | [FROZEN]
2026-06-24 22:14:54,326 | INFO | vit_model.base_model.model.blocks.9.norm2.weight | 1024       | [FROZEN]
2026-06-24 22:14:54,326 | INFO | vit_model.base_model.model.blocks.9.norm2.bias | 1024       | [FROZEN]
2026-06-24 22:14:54,326 | INFO | vit_model.base_model.model.blocks.9.mlp.fc1.weight | 4194304    | [FROZEN]
2026-06-24 22:14:54,326 | INFO | vit_model.base_model.model.blocks.9.mlp.fc1.bias | 4096       | [FROZEN]
2026-06-24 22:14:54,326 | INFO | vit_model.base_model.model.blocks.9.mlp.fc2.weight | 4194304    | [FROZEN]
2026-06-24 22:14:54,326 | INFO | vit_model.base_model.model.blocks.9.mlp.fc2.bias | 1024       | [FROZEN]
2026-06-24 22:14:54,326 | INFO | vit_model.base_model.model.blocks.9.ls2.gamma | 1024       | [FROZEN]
2026-06-24 22:14:54,326 | INFO | vit_model.base_model.model.blocks.10.norm1.weight | 1024       | [FROZEN]
2026-06-24 22:14:54,327 | INFO | vit_model.base_model.model.blocks.10.norm1.bias | 1024       | [FROZEN]
2026-06-24 22:14:54,327 | INFO | vit_model.base_model.model.blocks.10.attn.qkv.base_layer.weight | 3145728    | [FROZEN]
2026-06-24 22:14:54,327 | INFO | vit_model.base_model.model.blocks.10.attn.qkv.base_layer.bias | 3072       | [FROZEN]
2026-06-24 22:14:54,327 | INFO | vit_model.base_model.model.blocks.10.attn.qkv.lora_A.default.weight | 8192       | [TRAINABLE]
2026-06-24 22:14:54,327 | INFO | vit_model.base_model.model.blocks.10.attn.qkv.lora_B.default.weight | 24576      | [TRAINABLE]
2026-06-24 22:14:54,327 | INFO | vit_model.base_model.model.blocks.10.attn.proj.weight | 1048576    | [FROZEN]
2026-06-24 22:14:54,327 | INFO | vit_model.base_model.model.blocks.10.attn.proj.bias | 1024       | [FROZEN]
2026-06-24 22:14:54,327 | INFO | vit_model.base_model.model.blocks.10.ls1.gamma | 1024       | [FROZEN]
2026-06-24 22:14:54,327 | INFO | vit_model.base_model.model.blocks.10.norm2.weight | 1024       | [FROZEN]
2026-06-24 22:14:54,327 | INFO | vit_model.base_model.model.blocks.10.norm2.bias | 1024       | [FROZEN]
2026-06-24 22:14:54,327 | INFO | vit_model.base_model.model.blocks.10.mlp.fc1.weight | 4194304    | [FROZEN]
2026-06-24 22:14:54,327 | INFO | vit_model.base_model.model.blocks.10.mlp.fc1.bias | 4096       | [FROZEN]
2026-06-24 22:14:54,327 | INFO | vit_model.base_model.model.blocks.10.mlp.fc2.weight | 4194304    | [FROZEN]
2026-06-24 22:14:54,327 | INFO | vit_model.base_model.model.blocks.10.mlp.fc2.bias | 1024       | [FROZEN]
2026-06-24 22:14:54,327 | INFO | vit_model.base_model.model.blocks.10.ls2.gamma | 1024       | [FROZEN]
2026-06-24 22:14:54,327 | INFO | vit_model.base_model.model.blocks.11.norm1.weight | 1024       | [FROZEN]
2026-06-24 22:14:54,327 | INFO | vit_model.base_model.model.blocks.11.norm1.bias | 1024       | [FROZEN]
2026-06-24 22:14:54,327 | INFO | vit_model.base_model.model.blocks.11.attn.qkv.base_layer.weight | 3145728    | [FROZEN]
2026-06-24 22:14:54,327 | INFO | vit_model.base_model.model.blocks.11.attn.qkv.base_layer.bias | 3072       | [FROZEN]
2026-06-24 22:14:54,327 | INFO | vit_model.base_model.model.blocks.11.attn.qkv.lora_A.default.weight | 8192       | [TRAINABLE]
2026-06-24 22:14:54,327 | INFO | vit_model.base_model.model.blocks.11.attn.qkv.lora_B.default.weight | 24576      | [TRAINABLE]
2026-06-24 22:14:54,327 | INFO | vit_model.base_model.model.blocks.11.attn.proj.weight | 1048576    | [FROZEN]
2026-06-24 22:14:54,327 | INFO | vit_model.base_model.model.blocks.11.attn.proj.bias | 1024       | [FROZEN]
2026-06-24 22:14:54,327 | INFO | vit_model.base_model.model.blocks.11.ls1.gamma | 1024       | [FROZEN]
2026-06-24 22:14:54,327 | INFO | vit_model.base_model.model.blocks.11.norm2.weight | 1024       | [FROZEN]
2026-06-24 22:14:54,327 | INFO | vit_model.base_model.model.blocks.11.norm2.bias | 1024       | [FROZEN]
2026-06-24 22:14:54,327 | INFO | vit_model.base_model.model.blocks.11.mlp.fc1.weight | 4194304    | [FROZEN]
2026-06-24 22:14:54,327 | INFO | vit_model.base_model.model.blocks.11.mlp.fc1.bias | 4096       | [FROZEN]
2026-06-24 22:14:54,327 | INFO | vit_model.base_model.model.blocks.11.mlp.fc2.weight | 4194304    | [FROZEN]
2026-06-24 22:14:54,327 | INFO | vit_model.base_model.model.blocks.11.mlp.fc2.bias | 1024       | [FROZEN]
2026-06-24 22:14:54,327 | INFO | vit_model.base_model.model.blocks.11.ls2.gamma | 1024       | [FROZEN]
2026-06-24 22:14:54,327 | INFO | vit_model.base_model.model.blocks.12.norm1.weight | 1024       | [FROZEN]
2026-06-24 22:14:54,327 | INFO | vit_model.base_model.model.blocks.12.norm1.bias | 1024       | [FROZEN]
2026-06-24 22:14:54,327 | INFO | vit_model.base_model.model.blocks.12.attn.qkv.base_layer.weight | 3145728    | [FROZEN]
2026-06-24 22:14:54,327 | INFO | vit_model.base_model.model.blocks.12.attn.qkv.base_layer.bias | 3072       | [FROZEN]
2026-06-24 22:14:54,327 | INFO | vit_model.base_model.model.blocks.12.attn.qkv.lora_A.default.weight | 8192       | [TRAINABLE]
2026-06-24 22:14:54,327 | INFO | vit_model.base_model.model.blocks.12.attn.qkv.lora_B.default.weight | 24576      | [TRAINABLE]
2026-06-24 22:14:54,327 | INFO | vit_model.base_model.model.blocks.12.attn.proj.weight | 1048576    | [FROZEN]
2026-06-24 22:14:54,327 | INFO | vit_model.base_model.model.blocks.12.attn.proj.bias | 1024       | [FROZEN]
2026-06-24 22:14:54,327 | INFO | vit_model.base_model.model.blocks.12.ls1.gamma | 1024       | [FROZEN]
2026-06-24 22:14:54,327 | INFO | vit_model.base_model.model.blocks.12.norm2.weight | 1024       | [FROZEN]
2026-06-24 22:14:54,327 | INFO | vit_model.base_model.model.blocks.12.norm2.bias | 1024       | [FROZEN]
2026-06-24 22:14:54,327 | INFO | vit_model.base_model.model.blocks.12.mlp.fc1.weight | 4194304    | [FROZEN]
2026-06-24 22:14:54,327 | INFO | vit_model.base_model.model.blocks.12.mlp.fc1.bias | 4096       | [FROZEN]
2026-06-24 22:14:54,327 | INFO | vit_model.base_model.model.blocks.12.mlp.fc2.weight | 4194304    | [FROZEN]
2026-06-24 22:14:54,327 | INFO | vit_model.base_model.model.blocks.12.mlp.fc2.bias | 1024       | [FROZEN]
2026-06-24 22:14:54,327 | INFO | vit_model.base_model.model.blocks.12.ls2.gamma | 1024       | [FROZEN]
2026-06-24 22:14:54,327 | INFO | vit_model.base_model.model.blocks.13.norm1.weight | 1024       | [FROZEN]
2026-06-24 22:14:54,327 | INFO | vit_model.base_model.model.blocks.13.norm1.bias | 1024       | [FROZEN]
2026-06-24 22:14:54,327 | INFO | vit_model.base_model.model.blocks.13.attn.qkv.base_layer.weight | 3145728    | [FROZEN]
2026-06-24 22:14:54,327 | INFO | vit_model.base_model.model.blocks.13.attn.qkv.base_layer.bias | 3072       | [FROZEN]
2026-06-24 22:14:54,327 | INFO | vit_model.base_model.model.blocks.13.attn.qkv.lora_A.default.weight | 8192       | [TRAINABLE]
2026-06-24 22:14:54,327 | INFO | vit_model.base_model.model.blocks.13.attn.qkv.lora_B.default.weight | 24576      | [TRAINABLE]
2026-06-24 22:14:54,327 | INFO | vit_model.base_model.model.blocks.13.attn.proj.weight | 1048576    | [FROZEN]
2026-06-24 22:14:54,327 | INFO | vit_model.base_model.model.blocks.13.attn.proj.bias | 1024       | [FROZEN]
2026-06-24 22:14:54,327 | INFO | vit_model.base_model.model.blocks.13.ls1.gamma | 1024       | [FROZEN]
2026-06-24 22:14:54,327 | INFO | vit_model.base_model.model.blocks.13.norm2.weight | 1024       | [FROZEN]
2026-06-24 22:14:54,327 | INFO | vit_model.base_model.model.blocks.13.norm2.bias | 1024       | [FROZEN]
2026-06-24 22:14:54,327 | INFO | vit_model.base_model.model.blocks.13.mlp.fc1.weight | 4194304    | [FROZEN]
2026-06-24 22:14:54,327 | INFO | vit_model.base_model.model.blocks.13.mlp.fc1.bias | 4096       | [FROZEN]
2026-06-24 22:14:54,327 | INFO | vit_model.base_model.model.blocks.13.mlp.fc2.weight | 4194304    | [FROZEN]
2026-06-24 22:14:54,327 | INFO | vit_model.base_model.model.blocks.13.mlp.fc2.bias | 1024       | [FROZEN]
2026-06-24 22:14:54,327 | INFO | vit_model.base_model.model.blocks.13.ls2.gamma | 1024       | [FROZEN]
2026-06-24 22:14:54,327 | INFO | vit_model.base_model.model.blocks.14.norm1.weight | 1024       | [FROZEN]
2026-06-24 22:14:54,327 | INFO | vit_model.base_model.model.blocks.14.norm1.bias | 1024       | [FROZEN]
2026-06-24 22:14:54,327 | INFO | vit_model.base_model.model.blocks.14.attn.qkv.base_layer.weight | 3145728    | [FROZEN]
2026-06-24 22:14:54,327 | INFO | vit_model.base_model.model.blocks.14.attn.qkv.base_layer.bias | 3072       | [FROZEN]
2026-06-24 22:14:54,327 | INFO | vit_model.base_model.model.blocks.14.attn.qkv.lora_A.default.weight | 8192       | [TRAINABLE]
2026-06-24 22:14:54,327 | INFO | vit_model.base_model.model.blocks.14.attn.qkv.lora_B.default.weight | 24576      | [TRAINABLE]
2026-06-24 22:14:54,327 | INFO | vit_model.base_model.model.blocks.14.attn.proj.weight | 1048576    | [FROZEN]
2026-06-24 22:14:54,327 | INFO | vit_model.base_model.model.blocks.14.attn.proj.bias | 1024       | [FROZEN]
2026-06-24 22:14:54,328 | INFO | vit_model.base_model.model.blocks.14.ls1.gamma | 1024       | [FROZEN]
2026-06-24 22:14:54,328 | INFO | vit_model.base_model.model.blocks.14.norm2.weight | 1024       | [FROZEN]
2026-06-24 22:14:54,328 | INFO | vit_model.base_model.model.blocks.14.norm2.bias | 1024       | [FROZEN]
2026-06-24 22:14:54,328 | INFO | vit_model.base_model.model.blocks.14.mlp.fc1.weight | 4194304    | [FROZEN]
2026-06-24 22:14:54,328 | INFO | vit_model.base_model.model.blocks.14.mlp.fc1.bias | 4096       | [FROZEN]
2026-06-24 22:14:54,328 | INFO | vit_model.base_model.model.blocks.14.mlp.fc2.weight | 4194304    | [FROZEN]
2026-06-24 22:14:54,328 | INFO | vit_model.base_model.model.blocks.14.mlp.fc2.bias | 1024       | [FROZEN]
2026-06-24 22:14:54,328 | INFO | vit_model.base_model.model.blocks.14.ls2.gamma | 1024       | [FROZEN]
2026-06-24 22:14:54,328 | INFO | vit_model.base_model.model.blocks.15.norm1.weight | 1024       | [FROZEN]
2026-06-24 22:14:54,328 | INFO | vit_model.base_model.model.blocks.15.norm1.bias | 1024       | [FROZEN]
2026-06-24 22:14:54,328 | INFO | vit_model.base_model.model.blocks.15.attn.qkv.base_layer.weight | 3145728    | [FROZEN]
2026-06-24 22:14:54,328 | INFO | vit_model.base_model.model.blocks.15.attn.qkv.base_layer.bias | 3072       | [FROZEN]
2026-06-24 22:14:54,328 | INFO | vit_model.base_model.model.blocks.15.attn.qkv.lora_A.default.weight | 8192       | [TRAINABLE]
2026-06-24 22:14:54,328 | INFO | vit_model.base_model.model.blocks.15.attn.qkv.lora_B.default.weight | 24576      | [TRAINABLE]
2026-06-24 22:14:54,328 | INFO | vit_model.base_model.model.blocks.15.attn.proj.weight | 1048576    | [FROZEN]
2026-06-24 22:14:54,328 | INFO | vit_model.base_model.model.blocks.15.attn.proj.bias | 1024       | [FROZEN]
2026-06-24 22:14:54,328 | INFO | vit_model.base_model.model.blocks.15.ls1.gamma | 1024       | [FROZEN]
2026-06-24 22:14:54,328 | INFO | vit_model.base_model.model.blocks.15.norm2.weight | 1024       | [FROZEN]
2026-06-24 22:14:54,328 | INFO | vit_model.base_model.model.blocks.15.norm2.bias | 1024       | [FROZEN]
2026-06-24 22:14:54,328 | INFO | vit_model.base_model.model.blocks.15.mlp.fc1.weight | 4194304    | [FROZEN]
2026-06-24 22:14:54,328 | INFO | vit_model.base_model.model.blocks.15.mlp.fc1.bias | 4096       | [FROZEN]
2026-06-24 22:14:54,328 | INFO | vit_model.base_model.model.blocks.15.mlp.fc2.weight | 4194304    | [FROZEN]
2026-06-24 22:14:54,328 | INFO | vit_model.base_model.model.blocks.15.mlp.fc2.bias | 1024       | [FROZEN]
2026-06-24 22:14:54,328 | INFO | vit_model.base_model.model.blocks.15.ls2.gamma | 1024       | [FROZEN]
2026-06-24 22:14:54,328 | INFO | vit_model.base_model.model.blocks.16.norm1.weight | 1024       | [FROZEN]
2026-06-24 22:14:54,328 | INFO | vit_model.base_model.model.blocks.16.norm1.bias | 1024       | [FROZEN]
2026-06-24 22:14:54,328 | INFO | vit_model.base_model.model.blocks.16.attn.qkv.base_layer.weight | 3145728    | [FROZEN]
2026-06-24 22:14:54,328 | INFO | vit_model.base_model.model.blocks.16.attn.qkv.base_layer.bias | 3072       | [FROZEN]
2026-06-24 22:14:54,328 | INFO | vit_model.base_model.model.blocks.16.attn.qkv.lora_A.default.weight | 8192       | [TRAINABLE]
2026-06-24 22:14:54,328 | INFO | vit_model.base_model.model.blocks.16.attn.qkv.lora_B.default.weight | 24576      | [TRAINABLE]
2026-06-24 22:14:54,328 | INFO | vit_model.base_model.model.blocks.16.attn.proj.weight | 1048576    | [FROZEN]
2026-06-24 22:14:54,328 | INFO | vit_model.base_model.model.blocks.16.attn.proj.bias | 1024       | [FROZEN]
2026-06-24 22:14:54,328 | INFO | vit_model.base_model.model.blocks.16.ls1.gamma | 1024       | [FROZEN]
2026-06-24 22:14:54,328 | INFO | vit_model.base_model.model.blocks.16.norm2.weight | 1024       | [FROZEN]
2026-06-24 22:14:54,328 | INFO | vit_model.base_model.model.blocks.16.norm2.bias | 1024       | [FROZEN]
2026-06-24 22:14:54,328 | INFO | vit_model.base_model.model.blocks.16.mlp.fc1.weight | 4194304    | [FROZEN]
2026-06-24 22:14:54,328 | INFO | vit_model.base_model.model.blocks.16.mlp.fc1.bias | 4096       | [FROZEN]
2026-06-24 22:14:54,328 | INFO | vit_model.base_model.model.blocks.16.mlp.fc2.weight | 4194304    | [FROZEN]
2026-06-24 22:14:54,328 | INFO | vit_model.base_model.model.blocks.16.mlp.fc2.bias | 1024       | [FROZEN]
2026-06-24 22:14:54,328 | INFO | vit_model.base_model.model.blocks.16.ls2.gamma | 1024       | [FROZEN]
2026-06-24 22:14:54,328 | INFO | vit_model.base_model.model.blocks.17.norm1.weight | 1024       | [FROZEN]
2026-06-24 22:14:54,328 | INFO | vit_model.base_model.model.blocks.17.norm1.bias | 1024       | [FROZEN]
2026-06-24 22:14:54,328 | INFO | vit_model.base_model.model.blocks.17.attn.qkv.base_layer.weight | 3145728    | [FROZEN]
2026-06-24 22:14:54,328 | INFO | vit_model.base_model.model.blocks.17.attn.qkv.base_layer.bias | 3072       | [FROZEN]
2026-06-24 22:14:54,328 | INFO | vit_model.base_model.model.blocks.17.attn.qkv.lora_A.default.weight | 8192       | [TRAINABLE]
2026-06-24 22:14:54,328 | INFO | vit_model.base_model.model.blocks.17.attn.qkv.lora_B.default.weight | 24576      | [TRAINABLE]
2026-06-24 22:14:54,328 | INFO | vit_model.base_model.model.blocks.17.attn.proj.weight | 1048576    | [FROZEN]
2026-06-24 22:14:54,328 | INFO | vit_model.base_model.model.blocks.17.attn.proj.bias | 1024       | [FROZEN]
2026-06-24 22:14:54,328 | INFO | vit_model.base_model.model.blocks.17.ls1.gamma | 1024       | [FROZEN]
2026-06-24 22:14:54,328 | INFO | vit_model.base_model.model.blocks.17.norm2.weight | 1024       | [FROZEN]
2026-06-24 22:14:54,328 | INFO | vit_model.base_model.model.blocks.17.norm2.bias | 1024       | [FROZEN]
2026-06-24 22:14:54,328 | INFO | vit_model.base_model.model.blocks.17.mlp.fc1.weight | 4194304    | [FROZEN]
2026-06-24 22:14:54,328 | INFO | vit_model.base_model.model.blocks.17.mlp.fc1.bias | 4096       | [FROZEN]
2026-06-24 22:14:54,328 | INFO | vit_model.base_model.model.blocks.17.mlp.fc2.weight | 4194304    | [FROZEN]
2026-06-24 22:14:54,328 | INFO | vit_model.base_model.model.blocks.17.mlp.fc2.bias | 1024       | [FROZEN]
2026-06-24 22:14:54,328 | INFO | vit_model.base_model.model.blocks.17.ls2.gamma | 1024       | [FROZEN]
2026-06-24 22:14:54,328 | INFO | vit_model.base_model.model.blocks.18.norm1.weight | 1024       | [FROZEN]
2026-06-24 22:14:54,328 | INFO | vit_model.base_model.model.blocks.18.norm1.bias | 1024       | [FROZEN]
2026-06-24 22:14:54,328 | INFO | vit_model.base_model.model.blocks.18.attn.qkv.base_layer.weight | 3145728    | [FROZEN]
2026-06-24 22:14:54,328 | INFO | vit_model.base_model.model.blocks.18.attn.qkv.base_layer.bias | 3072       | [FROZEN]
2026-06-24 22:14:54,328 | INFO | vit_model.base_model.model.blocks.18.attn.qkv.lora_A.default.weight | 8192       | [TRAINABLE]
2026-06-24 22:14:54,328 | INFO | vit_model.base_model.model.blocks.18.attn.qkv.lora_B.default.weight | 24576      | [TRAINABLE]
2026-06-24 22:14:54,328 | INFO | vit_model.base_model.model.blocks.18.attn.proj.weight | 1048576    | [FROZEN]
2026-06-24 22:14:54,328 | INFO | vit_model.base_model.model.blocks.18.attn.proj.bias | 1024       | [FROZEN]
2026-06-24 22:14:54,328 | INFO | vit_model.base_model.model.blocks.18.ls1.gamma | 1024       | [FROZEN]
2026-06-24 22:14:54,328 | INFO | vit_model.base_model.model.blocks.18.norm2.weight | 1024       | [FROZEN]
2026-06-24 22:14:54,328 | INFO | vit_model.base_model.model.blocks.18.norm2.bias | 1024       | [FROZEN]
2026-06-24 22:14:54,328 | INFO | vit_model.base_model.model.blocks.18.mlp.fc1.weight | 4194304    | [FROZEN]
2026-06-24 22:14:54,328 | INFO | vit_model.base_model.model.blocks.18.mlp.fc1.bias | 4096       | [FROZEN]
2026-06-24 22:14:54,328 | INFO | vit_model.base_model.model.blocks.18.mlp.fc2.weight | 4194304    | [FROZEN]
2026-06-24 22:14:54,328 | INFO | vit_model.base_model.model.blocks.18.mlp.fc2.bias | 1024       | [FROZEN]
2026-06-24 22:14:54,329 | INFO | vit_model.base_model.model.blocks.18.ls2.gamma | 1024       | [FROZEN]
2026-06-24 22:14:54,329 | INFO | vit_model.base_model.model.blocks.19.norm1.weight | 1024       | [FROZEN]
2026-06-24 22:14:54,329 | INFO | vit_model.base_model.model.blocks.19.norm1.bias | 1024       | [FROZEN]
2026-06-24 22:14:54,329 | INFO | vit_model.base_model.model.blocks.19.attn.qkv.base_layer.weight | 3145728    | [FROZEN]
2026-06-24 22:14:54,329 | INFO | vit_model.base_model.model.blocks.19.attn.qkv.base_layer.bias | 3072       | [FROZEN]
2026-06-24 22:14:54,329 | INFO | vit_model.base_model.model.blocks.19.attn.qkv.lora_A.default.weight | 8192       | [TRAINABLE]
2026-06-24 22:14:54,329 | INFO | vit_model.base_model.model.blocks.19.attn.qkv.lora_B.default.weight | 24576      | [TRAINABLE]
2026-06-24 22:14:54,329 | INFO | vit_model.base_model.model.blocks.19.attn.proj.weight | 1048576    | [FROZEN]
2026-06-24 22:14:54,329 | INFO | vit_model.base_model.model.blocks.19.attn.proj.bias | 1024       | [FROZEN]
2026-06-24 22:14:54,329 | INFO | vit_model.base_model.model.blocks.19.ls1.gamma | 1024       | [FROZEN]
2026-06-24 22:14:54,329 | INFO | vit_model.base_model.model.blocks.19.norm2.weight | 1024       | [FROZEN]
2026-06-24 22:14:54,329 | INFO | vit_model.base_model.model.blocks.19.norm2.bias | 1024       | [FROZEN]
2026-06-24 22:14:54,329 | INFO | vit_model.base_model.model.blocks.19.mlp.fc1.weight | 4194304    | [FROZEN]
2026-06-24 22:14:54,329 | INFO | vit_model.base_model.model.blocks.19.mlp.fc1.bias | 4096       | [FROZEN]
2026-06-24 22:14:54,329 | INFO | vit_model.base_model.model.blocks.19.mlp.fc2.weight | 4194304    | [FROZEN]
2026-06-24 22:14:54,329 | INFO | vit_model.base_model.model.blocks.19.mlp.fc2.bias | 1024       | [FROZEN]
2026-06-24 22:14:54,329 | INFO | vit_model.base_model.model.blocks.19.ls2.gamma | 1024       | [FROZEN]
2026-06-24 22:14:54,329 | INFO | vit_model.base_model.model.blocks.20.norm1.weight | 1024       | [FROZEN]
2026-06-24 22:14:54,329 | INFO | vit_model.base_model.model.blocks.20.norm1.bias | 1024       | [FROZEN]
2026-06-24 22:14:54,329 | INFO | vit_model.base_model.model.blocks.20.attn.qkv.base_layer.weight | 3145728    | [FROZEN]
2026-06-24 22:14:54,329 | INFO | vit_model.base_model.model.blocks.20.attn.qkv.base_layer.bias | 3072       | [FROZEN]
2026-06-24 22:14:54,329 | INFO | vit_model.base_model.model.blocks.20.attn.qkv.lora_A.default.weight | 8192       | [TRAINABLE]
2026-06-24 22:14:54,329 | INFO | vit_model.base_model.model.blocks.20.attn.qkv.lora_B.default.weight | 24576      | [TRAINABLE]
2026-06-24 22:14:54,329 | INFO | vit_model.base_model.model.blocks.20.attn.proj.weight | 1048576    | [FROZEN]
2026-06-24 22:14:54,329 | INFO | vit_model.base_model.model.blocks.20.attn.proj.bias | 1024       | [FROZEN]
2026-06-24 22:14:54,329 | INFO | vit_model.base_model.model.blocks.20.ls1.gamma | 1024       | [FROZEN]
2026-06-24 22:14:54,329 | INFO | vit_model.base_model.model.blocks.20.norm2.weight | 1024       | [FROZEN]
2026-06-24 22:14:54,329 | INFO | vit_model.base_model.model.blocks.20.norm2.bias | 1024       | [FROZEN]
2026-06-24 22:14:54,329 | INFO | vit_model.base_model.model.blocks.20.mlp.fc1.weight | 4194304    | [FROZEN]
2026-06-24 22:14:54,329 | INFO | vit_model.base_model.model.blocks.20.mlp.fc1.bias | 4096       | [FROZEN]
2026-06-24 22:14:54,329 | INFO | vit_model.base_model.model.blocks.20.mlp.fc2.weight | 4194304    | [FROZEN]
2026-06-24 22:14:54,329 | INFO | vit_model.base_model.model.blocks.20.mlp.fc2.bias | 1024       | [FROZEN]
2026-06-24 22:14:54,329 | INFO | vit_model.base_model.model.blocks.20.ls2.gamma | 1024       | [FROZEN]
2026-06-24 22:14:54,329 | INFO | vit_model.base_model.model.blocks.21.norm1.weight | 1024       | [FROZEN]
2026-06-24 22:14:54,329 | INFO | vit_model.base_model.model.blocks.21.norm1.bias | 1024       | [FROZEN]
2026-06-24 22:14:54,329 | INFO | vit_model.base_model.model.blocks.21.attn.qkv.base_layer.weight | 3145728    | [FROZEN]
2026-06-24 22:14:54,329 | INFO | vit_model.base_model.model.blocks.21.attn.qkv.base_layer.bias | 3072       | [FROZEN]
2026-06-24 22:14:54,329 | INFO | vit_model.base_model.model.blocks.21.attn.qkv.lora_A.default.weight | 8192       | [TRAINABLE]
2026-06-24 22:14:54,329 | INFO | vit_model.base_model.model.blocks.21.attn.qkv.lora_B.default.weight | 24576      | [TRAINABLE]
2026-06-24 22:14:54,329 | INFO | vit_model.base_model.model.blocks.21.attn.proj.weight | 1048576    | [FROZEN]
2026-06-24 22:14:54,329 | INFO | vit_model.base_model.model.blocks.21.attn.proj.bias | 1024       | [FROZEN]
2026-06-24 22:14:54,329 | INFO | vit_model.base_model.model.blocks.21.ls1.gamma | 1024       | [FROZEN]
2026-06-24 22:14:54,329 | INFO | vit_model.base_model.model.blocks.21.norm2.weight | 1024       | [FROZEN]
2026-06-24 22:14:54,329 | INFO | vit_model.base_model.model.blocks.21.norm2.bias | 1024       | [FROZEN]
2026-06-24 22:14:54,329 | INFO | vit_model.base_model.model.blocks.21.mlp.fc1.weight | 4194304    | [FROZEN]
2026-06-24 22:14:54,329 | INFO | vit_model.base_model.model.blocks.21.mlp.fc1.bias | 4096       | [FROZEN]
2026-06-24 22:14:54,329 | INFO | vit_model.base_model.model.blocks.21.mlp.fc2.weight | 4194304    | [FROZEN]
2026-06-24 22:14:54,329 | INFO | vit_model.base_model.model.blocks.21.mlp.fc2.bias | 1024       | [FROZEN]
2026-06-24 22:14:54,329 | INFO | vit_model.base_model.model.blocks.21.ls2.gamma | 1024       | [FROZEN]
2026-06-24 22:14:54,329 | INFO | vit_model.base_model.model.blocks.22.norm1.weight | 1024       | [FROZEN]
2026-06-24 22:14:54,329 | INFO | vit_model.base_model.model.blocks.22.norm1.bias | 1024       | [FROZEN]
2026-06-24 22:14:54,329 | INFO | vit_model.base_model.model.blocks.22.attn.qkv.base_layer.weight | 3145728    | [FROZEN]
2026-06-24 22:14:54,329 | INFO | vit_model.base_model.model.blocks.22.attn.qkv.base_layer.bias | 3072       | [FROZEN]
2026-06-24 22:14:54,329 | INFO | vit_model.base_model.model.blocks.22.attn.qkv.lora_A.default.weight | 8192       | [TRAINABLE]
2026-06-24 22:14:54,329 | INFO | vit_model.base_model.model.blocks.22.attn.qkv.lora_B.default.weight | 24576      | [TRAINABLE]
2026-06-24 22:14:54,329 | INFO | vit_model.base_model.model.blocks.22.attn.proj.weight | 1048576    | [FROZEN]
2026-06-24 22:14:54,329 | INFO | vit_model.base_model.model.blocks.22.attn.proj.bias | 1024       | [FROZEN]
2026-06-24 22:14:54,329 | INFO | vit_model.base_model.model.blocks.22.ls1.gamma | 1024       | [FROZEN]
2026-06-24 22:14:54,329 | INFO | vit_model.base_model.model.blocks.22.norm2.weight | 1024       | [FROZEN]
2026-06-24 22:14:54,329 | INFO | vit_model.base_model.model.blocks.22.norm2.bias | 1024       | [FROZEN]
2026-06-24 22:14:54,329 | INFO | vit_model.base_model.model.blocks.22.mlp.fc1.weight | 4194304    | [FROZEN]
2026-06-24 22:14:54,329 | INFO | vit_model.base_model.model.blocks.22.mlp.fc1.bias | 4096       | [FROZEN]
2026-06-24 22:14:54,329 | INFO | vit_model.base_model.model.blocks.22.mlp.fc2.weight | 4194304    | [FROZEN]
2026-06-24 22:14:54,329 | INFO | vit_model.base_model.model.blocks.22.mlp.fc2.bias | 1024       | [FROZEN]
2026-06-24 22:14:54,329 | INFO | vit_model.base_model.model.blocks.22.ls2.gamma | 1024       | [FROZEN]
2026-06-24 22:14:54,329 | INFO | vit_model.base_model.model.blocks.23.norm1.weight | 1024       | [FROZEN]
2026-06-24 22:14:54,329 | INFO | vit_model.base_model.model.blocks.23.norm1.bias | 1024       | [FROZEN]
2026-06-24 22:14:54,329 | INFO | vit_model.base_model.model.blocks.23.attn.qkv.base_layer.weight | 3145728    | [FROZEN]
2026-06-24 22:14:54,329 | INFO | vit_model.base_model.model.blocks.23.attn.qkv.base_layer.bias | 3072       | [FROZEN]
2026-06-24 22:14:54,329 | INFO | vit_model.base_model.model.blocks.23.attn.qkv.lora_A.default.weight | 8192       | [TRAINABLE]
2026-06-24 22:14:54,330 | INFO | vit_model.base_model.model.blocks.23.attn.qkv.lora_B.default.weight | 24576      | [TRAINABLE]
2026-06-24 22:14:54,330 | INFO | vit_model.base_model.model.blocks.23.attn.proj.weight | 1048576    | [FROZEN]
2026-06-24 22:14:54,330 | INFO | vit_model.base_model.model.blocks.23.attn.proj.bias | 1024       | [FROZEN]
2026-06-24 22:14:54,330 | INFO | vit_model.base_model.model.blocks.23.ls1.gamma | 1024       | [FROZEN]
2026-06-24 22:14:54,330 | INFO | vit_model.base_model.model.blocks.23.norm2.weight | 1024       | [FROZEN]
2026-06-24 22:14:54,330 | INFO | vit_model.base_model.model.blocks.23.norm2.bias | 1024       | [FROZEN]
2026-06-24 22:14:54,330 | INFO | vit_model.base_model.model.blocks.23.mlp.fc1.weight | 4194304    | [FROZEN]
2026-06-24 22:14:54,330 | INFO | vit_model.base_model.model.blocks.23.mlp.fc1.bias | 4096       | [FROZEN]
2026-06-24 22:14:54,330 | INFO | vit_model.base_model.model.blocks.23.mlp.fc2.weight | 4194304    | [FROZEN]
2026-06-24 22:14:54,330 | INFO | vit_model.base_model.model.blocks.23.mlp.fc2.bias | 1024       | [FROZEN]
2026-06-24 22:14:54,330 | INFO | vit_model.base_model.model.blocks.23.ls2.gamma | 1024       | [FROZEN]
2026-06-24 22:14:54,330 | INFO | vit_model.base_model.model.norm.weight   | 1024       | [FROZEN]
2026-06-24 22:14:54,330 | INFO | vit_model.base_model.model.norm.bias     | 1024       | [FROZEN]
2026-06-24 22:14:54,330 | INFO | mil_model.w_map.0.weight                 | 1024       | [TRAINABLE]
2026-06-24 22:14:54,330 | INFO | mil_model.v_map.0.weight                 | 1048576    | [TRAINABLE]
2026-06-24 22:14:54,330 | INFO | concept_heads.0.weight                   | 4096       | [TRAINABLE]
2026-06-24 22:14:54,330 | INFO | concept_heads.0.bias                     | 4          | [TRAINABLE]
2026-06-24 22:14:54,330 | INFO | concept_heads.1.weight                   | 3072       | [TRAINABLE]
2026-06-24 22:14:54,330 | INFO | concept_heads.1.bias                     | 3          | [TRAINABLE]
2026-06-24 22:14:54,330 | INFO | concept_heads.2.weight                   | 3072       | [TRAINABLE]
2026-06-24 22:14:54,330 | INFO | concept_heads.2.bias                     | 3          | [TRAINABLE]
2026-06-24 22:14:54,330 | INFO | task_model.weight                        | 10         | [TRAINABLE]
2026-06-24 22:14:54,330 | INFO | task_model.bias                          | 1          | [TRAINABLE]
2026-06-24 22:14:54,330 | INFO | Total parameters (incl unnamed): 305.1971M
2026-06-24 22:14:54,330 | INFO | Total named parameters: 305.1971M
2026-06-24 22:14:54,330 | INFO | Trainable parameters: 1.8463M
2026-06-24 22:14:54,330 | INFO | ======== starting epoch 1 ========
2026-06-24 22:14:54,331 | INFO | epoch 1 LR at start of epoch: vit = 0.000000
2026-06-24 22:14:54,331 | INFO | epoch 1 LR at start of epoch: head = 0.010000
2026-06-24 22:14:54,331 | INFO | [VALIDATION STEP]
2026-06-24 22:15:07,841 | INFO | [epoch 1 | val | batch 0 start] allocated=2955.9MB | reserved=30944.0MB | peak=12411.9MB
2026-06-24 22:16:53,846 | INFO | [epoch 1 | val | batch 10 start] allocated=2955.9MB | reserved=30944.0MB | peak=12411.9MB
2026-06-24 22:17:05,042 | INFO | epoch 1 val loss (mean of batches): 1.57
2026-06-24 22:17:05,042 | INFO | epoch 1 val loss history: [1.5720000267028809]
2026-06-24 22:17:05,042 | INFO | epoch 1 val c-index (total sample): 0.55
2026-06-24 22:17:05,042 | INFO | epoch 1 val c-index history: [0.545]
2026-06-24 22:17:05,044 | INFO | [TRAINING STEP]
2026-06-24 22:17:16,762 | INFO | [epoch 1 | train | batch 0 start] allocated=2367.9MB | reserved=30944.0MB | peak=12411.9MB
2026-06-24 22:17:18,487 | INFO |     task_logits from  -0.03271484375 to 0.412109375
2026-06-24 22:18:13,368 | INFO | [epoch 1 | train | batch 10 start] allocated=2389.0MB | reserved=31856.0MB | peak=30391.5MB
2026-06-24 22:19:10,073 | INFO | [epoch 1 | train | batch 20 start] allocated=2389.0MB | reserved=31856.0MB | peak=30391.5MB
2026-06-24 22:20:06,735 | INFO | [epoch 1 | train | batch 30 start] allocated=2389.0MB | reserved=31856.0MB | peak=30391.5MB
2026-06-24 22:21:03,438 | INFO | [epoch 1 | train | batch 40 start] allocated=2389.0MB | reserved=31856.0MB | peak=30391.5MB
2026-06-24 22:21:37,441 | INFO | epoch 1 train total loss: 1.73
2026-06-24 22:21:37,441 | INFO | epoch 1 train concept loss: 1.49
2026-06-24 22:21:37,441 | INFO | epoch 1 train task loss: 0.23
2026-06-24 22:21:37,441 | INFO | epoch 1 train total loss history: [1.7259999513626099]
2026-06-24 22:21:37,441 | INFO | epoch 1 train concept loss history: [1.49399995803833]
2026-06-24 22:21:37,441 | INFO | epoch 1 train task loss history: [0.23199999332427979]
2026-06-24 22:21:37,442 | INFO | epoch 1 complete
2026-06-24 22:21:37,442 | INFO | ======== starting epoch 2 ========
2026-06-24 22:21:37,442 | INFO | epoch 2 LR at start of epoch: vit = 0.000000
2026-06-24 22:21:37,442 | INFO | epoch 2 LR at start of epoch: head = 0.009755
2026-06-24 22:21:37,442 | INFO | [VALIDATION STEP]
2026-06-24 22:21:51,054 | INFO | [epoch 2 | val | batch 0 start] allocated=2977.0MB | reserved=31856.0MB | peak=30391.5MB
2026-06-24 22:23:38,125 | INFO | [epoch 2 | val | batch 10 start] allocated=2977.0MB | reserved=31856.0MB | peak=30391.5MB
2026-06-24 22:23:49,564 | INFO | epoch 2 val loss (mean of batches): 1.70
2026-06-24 22:23:49,564 | INFO | epoch 2 val loss history: [1.5720000267028809, 1.7039999961853027]
2026-06-24 22:23:49,564 | INFO | epoch 2 val c-index (total sample): 0.56
2026-06-24 22:23:49,564 | INFO | epoch 2 val c-index history: [0.545, 0.564]
2026-06-24 22:23:49,567 | INFO | [TRAINING STEP]
2026-06-24 22:23:58,220 | INFO | [epoch 2 | train | batch 0 start] allocated=2389.0MB | reserved=31856.0MB | peak=30391.5MB
2026-06-24 22:23:59,949 | INFO |     task_logits from  -0.53125 to 0.97265625
2026-06-24 22:24:54,840 | INFO | [epoch 2 | train | batch 10 start] allocated=2389.0MB | reserved=31856.0MB | peak=30391.5MB
2026-06-24 22:25:51,456 | INFO | [epoch 2 | train | batch 20 start] allocated=2389.0MB | reserved=31856.0MB | peak=30391.5MB
2026-06-24 22:26:48,184 | INFO | [epoch 2 | train | batch 30 start] allocated=2389.0MB | reserved=31856.0MB | peak=30391.5MB
2026-06-24 22:27:44,913 | INFO | [epoch 2 | train | batch 40 start] allocated=2389.0MB | reserved=31856.0MB | peak=30391.5MB
2026-06-24 22:28:18,913 | INFO | epoch 2 train total loss: 1.36
2026-06-24 22:28:18,914 | INFO | epoch 2 train concept loss: 1.15
2026-06-24 22:28:18,914 | INFO | epoch 2 train task loss: 0.21
2026-06-24 22:28:18,914 | INFO | epoch 2 train total loss history: [1.7259999513626099, 1.3569999933242798]
2026-06-24 22:28:18,914 | INFO | epoch 2 train concept loss history: [1.49399995803833, 1.1480000019073486]
2026-06-24 22:28:18,914 | INFO | epoch 2 train task loss history: [0.23199999332427979, 0.20900000631809235]
2026-06-24 22:28:18,914 | INFO | epoch 2 complete
2026-06-24 22:28:18,914 | INFO | ======== starting epoch 3 ========
2026-06-24 22:28:18,914 | INFO | epoch 3 LR at start of epoch: vit = 0.000000
2026-06-24 22:28:18,914 | INFO | epoch 3 LR at start of epoch: head = 0.009045
2026-06-24 22:28:18,914 | INFO | [VALIDATION STEP]
2026-06-24 22:28:32,267 | INFO | [epoch 3 | val | batch 0 start] allocated=2977.0MB | reserved=31856.0MB | peak=30391.5MB
2026-06-24 22:30:18,481 | INFO | [epoch 3 | val | batch 10 start] allocated=2977.0MB | reserved=31856.0MB | peak=30391.5MB
2026-06-24 22:30:29,762 | INFO | epoch 3 val loss (mean of batches): 1.57
2026-06-24 22:30:29,762 | INFO | epoch 3 val loss history: [1.5720000267028809, 1.7039999961853027, 1.565000057220459]
2026-06-24 22:30:29,762 | INFO | epoch 3 val c-index (total sample): 0.65
2026-06-24 22:30:29,762 | INFO | epoch 3 val c-index history: [0.545, 0.564, 0.654]
2026-06-24 22:30:29,764 | INFO | [TRAINING STEP]
2026-06-24 22:30:39,830 | INFO | [epoch 3 | train | batch 0 start] allocated=2389.0MB | reserved=31856.0MB | peak=30391.5MB
2026-06-24 22:30:41,555 | INFO |     task_logits from  -1.2890625 to 1.59375
2026-06-24 22:31:36,422 | INFO | [epoch 3 | train | batch 10 start] allocated=2389.0MB | reserved=31856.0MB | peak=30391.5MB
2026-06-24 22:32:33,131 | INFO | [epoch 3 | train | batch 20 start] allocated=2389.0MB | reserved=31856.0MB | peak=30391.5MB
2026-06-24 22:33:29,907 | INFO | [epoch 3 | train | batch 30 start] allocated=2389.0MB | reserved=31856.0MB | peak=30391.5MB
2026-06-24 22:34:26,645 | INFO | [epoch 3 | train | batch 40 start] allocated=2389.0MB | reserved=31856.0MB | peak=30391.5MB
2026-06-24 22:35:00,654 | INFO | epoch 3 train total loss: 1.18
2026-06-24 22:35:00,654 | INFO | epoch 3 train concept loss: 1.00
2026-06-24 22:35:00,654 | INFO | epoch 3 train task loss: 0.19
2026-06-24 22:35:00,654 | INFO | epoch 3 train total loss history: [1.7259999513626099, 1.3569999933242798, 1.184999942779541]
2026-06-24 22:35:00,654 | INFO | epoch 3 train concept loss history: [1.49399995803833, 1.1480000019073486, 0.9959999918937683]
2026-06-24 22:35:00,654 | INFO | epoch 3 train task loss history: [0.23199999332427979, 0.20900000631809235, 0.1889999955892563]
2026-06-24 22:35:00,655 | INFO | epoch 3 complete
2026-06-24 22:35:00,655 | INFO | ======== starting epoch 4 ========
2026-06-24 22:35:00,655 | INFO | epoch 4 LR at start of epoch: vit = 0.000000
2026-06-24 22:35:00,655 | INFO | epoch 4 LR at start of epoch: head = 0.007939
2026-06-24 22:35:00,655 | INFO | [VALIDATION STEP]
2026-06-24 22:35:13,651 | INFO | [epoch 4 | val | batch 0 start] allocated=2977.0MB | reserved=31856.0MB | peak=30391.5MB
2026-06-24 22:37:00,944 | INFO | [epoch 4 | val | batch 10 start] allocated=2977.0MB | reserved=31856.0MB | peak=30391.5MB
2026-06-24 22:37:12,364 | INFO | epoch 4 val loss (mean of batches): 1.71
2026-06-24 22:37:12,364 | INFO | epoch 4 val loss history: [1.5720000267028809, 1.7039999961853027, 1.565000057220459, 1.7050000429153442]
2026-06-24 22:37:12,364 | INFO | epoch 4 val c-index (total sample): 0.67
2026-06-24 22:37:12,364 | INFO | epoch 4 val c-index history: [0.545, 0.564, 0.654, 0.671]
2026-06-24 22:37:12,367 | INFO | [TRAINING STEP]
2026-06-24 22:37:22,261 | INFO | [epoch 4 | train | batch 0 start] allocated=2389.0MB | reserved=31856.0MB | peak=30391.5MB
2026-06-24 22:37:23,989 | INFO |     task_logits from  -1.3828125 to 1.171875
2026-06-24 22:38:19,410 | INFO | [epoch 4 | train | batch 10 start] allocated=2389.0MB | reserved=31856.0MB | peak=30391.5MB
2026-06-24 22:39:16,162 | INFO | [epoch 4 | train | batch 20 start] allocated=2389.0MB | reserved=31856.0MB | peak=30391.5MB
2026-06-24 22:40:12,908 | INFO | [epoch 4 | train | batch 30 start] allocated=2389.0MB | reserved=31856.0MB | peak=30391.5MB
2026-06-24 22:41:09,641 | INFO | [epoch 4 | train | batch 40 start] allocated=2389.0MB | reserved=31856.0MB | peak=30391.5MB
2026-06-24 22:41:43,648 | INFO | epoch 4 train total loss: 1.11
2026-06-24 22:41:43,648 | INFO | epoch 4 train concept loss: 0.94
2026-06-24 22:41:43,648 | INFO | epoch 4 train task loss: 0.17
2026-06-24 22:41:43,648 | INFO | epoch 4 train total loss history: [1.7259999513626099, 1.3569999933242798, 1.184999942779541, 1.1050000190734863]
2026-06-24 22:41:43,648 | INFO | epoch 4 train concept loss history: [1.49399995803833, 1.1480000019073486, 0.9959999918937683, 0.9359999895095825]
2026-06-24 22:41:43,648 | INFO | epoch 4 train task loss history: [0.23199999332427979, 0.20900000631809235, 0.1889999955892563, 0.16899999976158142]
2026-06-24 22:41:43,648 | INFO | epoch 4 complete
2026-06-24 22:41:43,648 | INFO | ======== starting epoch 5 ========
2026-06-24 22:41:43,648 | INFO | epoch 5 LR at start of epoch: vit = 0.000000
2026-06-24 22:41:43,648 | INFO | epoch 5 LR at start of epoch: head = 0.006545
2026-06-24 22:41:43,648 | INFO | [VALIDATION STEP]
2026-06-24 22:41:57,379 | INFO | [epoch 5 | val | batch 0 start] allocated=2977.0MB | reserved=31856.0MB | peak=30391.5MB
2026-06-24 22:43:44,070 | INFO | [epoch 5 | val | batch 10 start] allocated=2977.0MB | reserved=31856.0MB | peak=30391.5MB
2026-06-24 22:43:55,415 | INFO | epoch 5 val loss (mean of batches): 1.90
2026-06-24 22:43:55,415 | INFO | epoch 5 val loss history: [1.5720000267028809, 1.7039999961853027, 1.565000057220459, 1.7050000429153442, 1.9040000438690186]
2026-06-24 22:43:55,415 | INFO | epoch 5 val c-index (total sample): 0.67
2026-06-24 22:43:55,415 | INFO | epoch 5 val c-index history: [0.545, 0.564, 0.654, 0.671, 0.673]
2026-06-24 22:43:55,418 | INFO | [TRAINING STEP]
2026-06-24 22:44:05,666 | INFO | [epoch 5 | train | batch 0 start] allocated=2389.0MB | reserved=31856.0MB | peak=30391.5MB
2026-06-24 22:44:07,394 | INFO |     task_logits from  -2.6875 to 2.25
2026-06-24 22:45:02,280 | INFO | [epoch 5 | train | batch 10 start] allocated=2389.0MB | reserved=31856.0MB | peak=30391.5MB
2026-06-24 22:45:58,984 | INFO | [epoch 5 | train | batch 20 start] allocated=2389.0MB | reserved=31856.0MB | peak=30391.5MB
2026-06-24 22:46:55,720 | INFO | [epoch 5 | train | batch 30 start] allocated=2389.0MB | reserved=31856.0MB | peak=30391.5MB
2026-06-24 22:47:52,440 | INFO | [epoch 5 | train | batch 40 start] allocated=2389.0MB | reserved=31856.0MB | peak=30391.5MB
2026-06-24 22:48:26,470 | INFO | epoch 5 train total loss: 0.93
2026-06-24 22:48:26,470 | INFO | epoch 5 train concept loss: 0.77
2026-06-24 22:48:26,470 | INFO | epoch 5 train task loss: 0.16
2026-06-24 22:48:26,470 | INFO | epoch 5 train total loss history: [1.7259999513626099, 1.3569999933242798, 1.184999942779541, 1.1050000190734863, 0.9330000281333923]
2026-06-24 22:48:26,470 | INFO | epoch 5 train concept loss history: [1.49399995803833, 1.1480000019073486, 0.9959999918937683, 0.9359999895095825, 0.7739999890327454]
2026-06-24 22:48:26,470 | INFO | epoch 5 train task loss history: [0.23199999332427979, 0.20900000631809235, 0.1889999955892563, 0.16899999976158142, 0.15800000727176666]
2026-06-24 22:48:26,471 | INFO | epoch 5 complete
2026-06-24 22:48:26,471 | INFO | ======== starting epoch 6 ========
2026-06-24 22:48:26,471 | INFO | epoch 6 LR at start of epoch: vit = 0.000000
2026-06-24 22:48:26,471 | INFO | epoch 6 LR at start of epoch: head = 0.005000
2026-06-24 22:48:26,471 | INFO | [VALIDATION STEP]
2026-06-24 22:48:39,811 | INFO | [epoch 6 | val | batch 0 start] allocated=2977.0MB | reserved=31856.0MB | peak=30391.5MB
2026-06-24 22:50:25,985 | INFO | [epoch 6 | val | batch 10 start] allocated=2977.0MB | reserved=31856.0MB | peak=30391.5MB
2026-06-24 22:50:37,233 | INFO | epoch 6 val loss (mean of batches): 1.71
2026-06-24 22:50:37,233 | INFO | epoch 6 val loss history: [1.5720000267028809, 1.7039999961853027, 1.565000057220459, 1.7050000429153442, 1.9040000438690186, 1.7089999914169312]
2026-06-24 22:50:37,233 | INFO | epoch 6 val c-index (total sample): 0.72
2026-06-24 22:50:37,233 | INFO | epoch 6 val c-index history: [0.545, 0.564, 0.654, 0.671, 0.673, 0.718]
2026-06-24 22:50:37,235 | INFO | [TRAINING STEP]
2026-06-24 22:50:47,769 | INFO | [epoch 6 | train | batch 0 start] allocated=2389.0MB | reserved=31856.0MB | peak=30391.5MB
2026-06-24 22:50:49,496 | INFO |     task_logits from  -2.640625 to 1.7265625
2026-06-24 22:51:44,370 | INFO | [epoch 6 | train | batch 10 start] allocated=2389.0MB | reserved=31856.0MB | peak=30391.5MB
2026-06-24 22:52:41,125 | INFO | [epoch 6 | train | batch 20 start] allocated=2389.0MB | reserved=31856.0MB | peak=30391.5MB
2026-06-24 22:53:37,935 | INFO | [epoch 6 | train | batch 30 start] allocated=2389.0MB | reserved=31856.0MB | peak=30391.5MB
2026-06-24 22:54:34,664 | INFO | [epoch 6 | train | batch 40 start] allocated=2389.0MB | reserved=31856.0MB | peak=30391.5MB
2026-06-24 22:55:09,591 | INFO | epoch 6 train total loss: 0.74
2026-06-24 22:55:09,591 | INFO | epoch 6 train concept loss: 0.60
2026-06-24 22:55:09,591 | INFO | epoch 6 train task loss: 0.14
2026-06-24 22:55:09,591 | INFO | epoch 6 train total loss history: [1.7259999513626099, 1.3569999933242798, 1.184999942779541, 1.1050000190734863, 0.9330000281333923, 0.7390000224113464]
2026-06-24 22:55:09,591 | INFO | epoch 6 train concept loss history: [1.49399995803833, 1.1480000019073486, 0.9959999918937683, 0.9359999895095825, 0.7739999890327454, 0.5950000286102295]
2026-06-24 22:55:09,591 | INFO | epoch 6 train task loss history: [0.23199999332427979, 0.20900000631809235, 0.1889999955892563, 0.16899999976158142, 0.15800000727176666, 0.14399999380111694]
2026-06-24 22:55:09,592 | INFO | epoch 6 complete
2026-06-24 22:55:09,592 | INFO | ======== starting epoch 7 ========
2026-06-24 22:55:09,592 | INFO | epoch 7 LR at start of epoch: vit = 0.000000
2026-06-24 22:55:09,592 | INFO | epoch 7 LR at start of epoch: head = 0.003455
2026-06-24 22:55:09,592 | INFO | [VALIDATION STEP]
2026-06-24 22:55:22,950 | INFO | [epoch 7 | val | batch 0 start] allocated=2977.0MB | reserved=31856.0MB | peak=30391.5MB
2026-06-24 22:57:09,139 | INFO | [epoch 7 | val | batch 10 start] allocated=2977.0MB | reserved=31856.0MB | peak=30391.5MB
2026-06-24 22:57:20,411 | INFO | epoch 7 val loss (mean of batches): 1.58
2026-06-24 22:57:20,411 | INFO | epoch 7 val loss history: [1.5720000267028809, 1.7039999961853027, 1.565000057220459, 1.7050000429153442, 1.9040000438690186, 1.7089999914169312, 1.5820000171661377]
2026-06-24 22:57:20,411 | INFO | epoch 7 val c-index (total sample): 0.70
2026-06-24 22:57:20,411 | INFO | epoch 7 val c-index history: [0.545, 0.564, 0.654, 0.671, 0.673, 0.718, 0.705]
2026-06-24 22:57:20,414 | INFO | [TRAINING STEP]
2026-06-24 22:57:28,898 | INFO | [epoch 7 | train | batch 0 start] allocated=2389.0MB | reserved=31856.0MB | peak=30391.5MB
2026-06-24 22:57:30,623 | INFO |     task_logits from  -3.984375 to 1.96875
2026-06-24 22:58:25,567 | INFO | [epoch 7 | train | batch 10 start] allocated=2389.0MB | reserved=31856.0MB | peak=30391.5MB
2026-06-24 22:59:22,332 | INFO | [epoch 7 | train | batch 20 start] allocated=2389.0MB | reserved=31856.0MB | peak=30391.5MB
2026-06-24 23:00:19,042 | INFO | [epoch 7 | train | batch 30 start] allocated=2389.0MB | reserved=31856.0MB | peak=30391.5MB
2026-06-24 23:01:15,703 | INFO | [epoch 7 | train | batch 40 start] allocated=2389.0MB | reserved=31856.0MB | peak=30391.5MB
2026-06-24 23:01:49,694 | INFO | epoch 7 train total loss: 0.64
2026-06-24 23:01:49,694 | INFO | epoch 7 train concept loss: 0.51
2026-06-24 23:01:49,694 | INFO | epoch 7 train task loss: 0.13
2026-06-24 23:01:49,694 | INFO | epoch 7 train total loss history: [1.7259999513626099, 1.3569999933242798, 1.184999942779541, 1.1050000190734863, 0.9330000281333923, 0.7390000224113464, 0.6380000114440918]
2026-06-24 23:01:49,694 | INFO | epoch 7 train concept loss history: [1.49399995803833, 1.1480000019073486, 0.9959999918937683, 0.9359999895095825, 0.7739999890327454, 0.5950000286102295, 0.5080000162124634]
2026-06-24 23:01:49,694 | INFO | epoch 7 train task loss history: [0.23199999332427979, 0.20900000631809235, 0.1889999955892563, 0.16899999976158142, 0.15800000727176666, 0.14399999380111694, 0.13099999725818634]
2026-06-24 23:01:49,694 | INFO | epoch 7 complete
2026-06-24 23:01:49,694 | INFO | ======== starting epoch 8 ========
2026-06-24 23:01:49,694 | INFO | epoch 8 LR at start of epoch: vit = 0.000000
2026-06-24 23:01:49,694 | INFO | epoch 8 LR at start of epoch: head = 0.002061
2026-06-24 23:01:49,694 | INFO | [VALIDATION STEP]
2026-06-24 23:02:02,844 | INFO | [epoch 8 | val | batch 0 start] allocated=2977.0MB | reserved=31856.0MB | peak=30391.5MB
2026-06-24 23:03:49,114 | INFO | [epoch 8 | val | batch 10 start] allocated=2977.0MB | reserved=31856.0MB | peak=30391.5MB
2026-06-24 23:04:00,361 | INFO | epoch 8 val loss (mean of batches): 1.57
2026-06-24 23:04:00,361 | INFO | epoch 8 val loss history: [1.5720000267028809, 1.7039999961853027, 1.565000057220459, 1.7050000429153442, 1.9040000438690186, 1.7089999914169312, 1.5820000171661377, 1.5700000524520874]
2026-06-24 23:04:00,361 | INFO | epoch 8 val c-index (total sample): 0.69
2026-06-24 23:04:00,362 | INFO | epoch 8 val c-index history: [0.545, 0.564, 0.654, 0.671, 0.673, 0.718, 0.705, 0.694]
2026-06-24 23:04:00,364 | INFO | [TRAINING STEP]
2026-06-24 23:04:11,055 | INFO | [epoch 8 | train | batch 0 start] allocated=2389.0MB | reserved=31856.0MB | peak=30391.5MB
2026-06-24 23:04:12,778 | INFO |     task_logits from  -4.15625 to 1.40625
2026-06-24 23:05:07,716 | INFO | [epoch 8 | train | batch 10 start] allocated=2389.0MB | reserved=31856.0MB | peak=30391.5MB
2026-06-24 23:06:04,459 | INFO | [epoch 8 | train | batch 20 start] allocated=2389.0MB | reserved=31856.0MB | peak=30391.5MB
2026-06-24 23:07:01,201 | INFO | [epoch 8 | train | batch 30 start] allocated=2389.0MB | reserved=31856.0MB | peak=30391.5MB
2026-06-24 23:07:57,996 | INFO | [epoch 8 | train | batch 40 start] allocated=2389.0MB | reserved=31856.0MB | peak=30391.5MB
2026-06-24 23:08:31,991 | INFO | epoch 8 train total loss: 0.53
2026-06-24 23:08:31,991 | INFO | epoch 8 train concept loss: 0.41
2026-06-24 23:08:31,991 | INFO | epoch 8 train task loss: 0.11
2026-06-24 23:08:31,991 | INFO | epoch 8 train total loss history: [1.7259999513626099, 1.3569999933242798, 1.184999942779541, 1.1050000190734863, 0.9330000281333923, 0.7390000224113464, 0.6380000114440918, 0.5270000100135803]
2026-06-24 23:08:31,991 | INFO | epoch 8 train concept loss history: [1.49399995803833, 1.1480000019073486, 0.9959999918937683, 0.9359999895095825, 0.7739999890327454, 0.5950000286102295, 0.5080000162124634, 0.41499999165534973]
2026-06-24 23:08:31,991 | INFO | epoch 8 train task loss history: [0.23199999332427979, 0.20900000631809235, 0.1889999955892563, 0.16899999976158142, 0.15800000727176666, 0.14399999380111694, 0.13099999725818634, 0.1120000034570694]
2026-06-24 23:08:31,992 | INFO | epoch 8 complete
2026-06-24 23:08:31,992 | INFO | ======== starting epoch 9 ========
2026-06-24 23:08:31,992 | INFO | epoch 9 LR at start of epoch: vit = 0.000000
2026-06-24 23:08:31,992 | INFO | epoch 9 LR at start of epoch: head = 0.000955
2026-06-24 23:08:31,992 | INFO | [VALIDATION STEP]
2026-06-24 23:08:45,196 | INFO | [epoch 9 | val | batch 0 start] allocated=2977.0MB | reserved=31856.0MB | peak=30391.5MB
2026-06-24 23:10:31,526 | INFO | [epoch 9 | val | batch 10 start] allocated=2977.0MB | reserved=31856.0MB | peak=30391.5MB
2026-06-24 23:10:42,814 | INFO | epoch 9 val loss (mean of batches): 1.54
2026-06-24 23:10:42,815 | INFO | epoch 9 val loss history: [1.5720000267028809, 1.7039999961853027, 1.565000057220459, 1.7050000429153442, 1.9040000438690186, 1.7089999914169312, 1.5820000171661377, 1.5700000524520874, 1.5390000343322754]
2026-06-24 23:10:42,815 | INFO | epoch 9 val c-index (total sample): 0.72
2026-06-24 23:10:42,815 | INFO | epoch 9 val c-index history: [0.545, 0.564, 0.654, 0.671, 0.673, 0.718, 0.705, 0.694, 0.717]
2026-06-24 23:10:42,817 | INFO | [TRAINING STEP]
2026-06-24 23:10:52,016 | INFO | [epoch 9 | train | batch 0 start] allocated=2389.0MB | reserved=31856.0MB | peak=30391.5MB
2026-06-24 23:10:53,747 | INFO |     task_logits from  -2.921875 to 3.578125
2026-06-24 23:11:48,818 | INFO | [epoch 9 | train | batch 10 start] allocated=2389.0MB | reserved=31856.0MB | peak=30391.5MB
2026-06-24 23:12:45,607 | INFO | [epoch 9 | train | batch 20 start] allocated=2389.0MB | reserved=31856.0MB | peak=30391.5MB
2026-06-24 23:13:42,326 | INFO | [epoch 9 | train | batch 30 start] allocated=2389.0MB | reserved=31856.0MB | peak=30391.5MB
2026-06-24 23:14:39,033 | INFO | [epoch 9 | train | batch 40 start] allocated=2389.0MB | reserved=31856.0MB | peak=30391.5MB
2026-06-24 23:15:13,026 | INFO | epoch 9 train total loss: 0.50
2026-06-24 23:15:13,026 | INFO | epoch 9 train concept loss: 0.38
2026-06-24 23:15:13,026 | INFO | epoch 9 train task loss: 0.12
2026-06-24 23:15:13,026 | INFO | epoch 9 train total loss history: [1.7259999513626099, 1.3569999933242798, 1.184999942779541, 1.1050000190734863, 0.9330000281333923, 0.7390000224113464, 0.6380000114440918, 0.5270000100135803, 0.49900001287460327]
2026-06-24 23:15:13,026 | INFO | epoch 9 train concept loss history: [1.49399995803833, 1.1480000019073486, 0.9959999918937683, 0.9359999895095825, 0.7739999890327454, 0.5950000286102295, 0.5080000162124634, 0.41499999165534973, 0.3779999911785126]
2026-06-24 23:15:13,026 | INFO | epoch 9 train task loss history: [0.23199999332427979, 0.20900000631809235, 0.1889999955892563, 0.16899999976158142, 0.15800000727176666, 0.14399999380111694, 0.13099999725818634, 0.1120000034570694, 0.12099999934434891]
2026-06-24 23:15:13,026 | INFO | epoch 9 complete
2026-06-24 23:15:13,026 | INFO | ======== starting epoch 10 ========
2026-06-24 23:15:13,026 | INFO | epoch 10 LR at start of epoch: vit = 0.000000
2026-06-24 23:15:13,026 | INFO | epoch 10 LR at start of epoch: head = 0.000245
2026-06-24 23:15:13,026 | INFO | [VALIDATION STEP]
2026-06-24 23:15:26,674 | INFO | [epoch 10 | val | batch 0 start] allocated=2977.0MB | reserved=31856.0MB | peak=30391.5MB
2026-06-24 23:17:12,924 | INFO | [epoch 10 | val | batch 10 start] allocated=2977.0MB | reserved=31856.0MB | peak=30391.5MB
2026-06-24 23:17:24,334 | INFO | epoch 10 val loss (mean of batches): 1.51
2026-06-24 23:17:24,334 | INFO | epoch 10 val loss history: [1.5720000267028809, 1.7039999961853027, 1.565000057220459, 1.7050000429153442, 1.9040000438690186, 1.7089999914169312, 1.5820000171661377, 1.5700000524520874, 1.5390000343322754, 1.5149999856948853]
2026-06-24 23:17:24,334 | INFO | epoch 10 val c-index (total sample): 0.71
2026-06-24 23:17:24,334 | INFO | epoch 10 val c-index history: [0.545, 0.564, 0.654, 0.671, 0.673, 0.718, 0.705, 0.694, 0.717, 0.708]
2026-06-24 23:17:24,336 | INFO | [TRAINING STEP]
2026-06-24 23:17:34,666 | INFO | [epoch 10 | train | batch 0 start] allocated=2389.0MB | reserved=31856.0MB | peak=30391.5MB
2026-06-24 23:17:36,398 | INFO |     task_logits from  -2.953125 to 1.609375
2026-06-24 23:18:31,346 | INFO | [epoch 10 | train | batch 10 start] allocated=2389.0MB | reserved=31856.0MB | peak=30391.5MB
2026-06-24 23:19:28,152 | INFO | [epoch 10 | train | batch 20 start] allocated=2389.0MB | reserved=31856.0MB | peak=30391.5MB
2026-06-24 23:20:24,883 | INFO | [epoch 10 | train | batch 30 start] allocated=2389.0MB | reserved=31856.0MB | peak=30391.5MB
2026-06-24 23:21:21,696 | INFO | [epoch 10 | train | batch 40 start] allocated=2389.0MB | reserved=31856.0MB | peak=30391.5MB
2026-06-24 23:21:55,709 | INFO | epoch 10 train total loss: 0.47
2026-06-24 23:21:55,709 | INFO | epoch 10 train concept loss: 0.35
2026-06-24 23:21:55,709 | INFO | epoch 10 train task loss: 0.12
2026-06-24 23:21:55,709 | INFO | epoch 10 train total loss history: [1.7259999513626099, 1.3569999933242798, 1.184999942779541, 1.1050000190734863, 0.9330000281333923, 0.7390000224113464, 0.6380000114440918, 0.5270000100135803, 0.49900001287460327, 0.4659999907016754]
2026-06-24 23:21:55,709 | INFO | epoch 10 train concept loss history: [1.49399995803833, 1.1480000019073486, 0.9959999918937683, 0.9359999895095825, 0.7739999890327454, 0.5950000286102295, 0.5080000162124634, 0.41499999165534973, 0.3779999911785126, 0.3479999899864197]
2026-06-24 23:21:55,709 | INFO | epoch 10 train task loss history: [0.23199999332427979, 0.20900000631809235, 0.1889999955892563, 0.16899999976158142, 0.15800000727176666, 0.14399999380111694, 0.13099999725818634, 0.1120000034570694, 0.12099999934434891, 0.11699999868869781]
2026-06-24 23:21:55,709 | INFO | epoch 10 complete
2026-06-24 23:21:55,712 | INFO | training complete
2026-06-24 23:21:55,712 | INFO | predicting on the validation set
2026-06-24 23:22:56,396 | INFO |   starting batch 1 of validation
2026-06-24 23:23:01,559 | INFO |   starting batch 2 of validation
2026-06-24 23:23:06,754 | INFO |   starting batch 3 of validation
2026-06-24 23:23:11,971 | INFO |   starting batch 4 of validation
2026-06-24 23:23:17,225 | INFO |   starting batch 5 of validation
2026-06-24 23:23:22,495 | INFO |   starting batch 6 of validation
2026-06-24 23:23:27,787 | INFO |   starting batch 7 of validation
2026-06-24 23:23:33,078 | INFO |   starting batch 8 of validation
2026-06-24 23:23:38,450 | INFO |   starting batch 9 of validation
2026-06-24 23:23:43,755 | INFO |   starting batch 10 of validation
2026-06-24 23:23:49,075 | INFO |   starting batch 11 of validation
2026-06-24 23:23:54,400 | INFO |   starting batch 12 of validation
2026-06-24 23:23:57,373 | INFO | measuring performance
2026-06-24 23:23:57,373 | INFO | y_test: (185, 2)
2026-06-24 23:23:57,373 | INFO | y_probs: (185, 1)
2026-06-24 23:23:57,373 | INFO | c_test: (185, 3)
2026-06-24 23:23:57,373 | INFO | c_probs: (185, 10)
2026-06-24 23:23:57,374 | INFO | c_test_concept: (185,)
2026-06-24 23:23:57,374 | INFO | c_pred_concept: (185,)
2026-06-24 23:23:57,380 | INFO | c_test_concept: (185,)
2026-06-24 23:23:57,380 | INFO | c_pred_concept: (185,)
2026-06-24 23:23:57,384 | INFO | c_test_concept: (185,)
2026-06-24 23:23:57,384 | INFO | c_pred_concept: (185,)
2026-06-24 23:23:57,388 | INFO | results: {'task': {'c_index': 0.7082191780821918}, 'concepts': {'concept_0': {'0': {'precision': 0.38461538461538464, 'recall': 0.2702702702702703, 'f1-score': 0.31746031746031744, 'support': 37.0}, '1': {'precision': 0.544, 'recall': 0.7010309278350515, 'f1-score': 0.6126126126126126, 'support': 97.0}, '2': {'precision': 0.34375, 'recall': 0.24444444444444444, 'f1-score': 0.2857142857142857, 'support': 45.0}, '3': {'precision': 0.0, 'recall': 0.0, 'f1-score': 0.0, 'support': 6.0}, 'accuracy': 0.4810810810810811, 'macro avg': {'precision': 0.31809134615384616, 'recall': 0.30393641063744153, 'f1-score': 0.30394680394680396, 'support': 185.0}, 'weighted avg': {'precision': 0.4457703742203742, 'recall': 0.4810810810810811, 'f1-score': 0.45419782717080015, 'support': 185.0}, 'auc': {'ovo': 0.6034208607232663}, 'confusion': {'true_0': {'pred_0': 10, 'pred_1': 23, 'pred_2': 4, 'pred_3': 0}, 'true_1': {'pred_0': 13, 'pred_1': 68, 'pred_2': 15, 'pred_3': 1}, 'true_2': {'pred_0': 2, 'pred_1': 31, 'pred_2': 11, 'pred_3': 1}, 'true_3': {'pred_0': 1, 'pred_1': 3, 'pred_2': 2, 'pred_3': 0}}}, 'concept_1': {'0': {'precision': 0.6190476190476191, 'recall': 0.5777777777777777, 'f1-score': 0.5977011494252874, 'support': 90.0}, '1': {'precision': 0.4444444444444444, 'recall': 0.5490196078431373, 'f1-score': 0.49122807017543857, 'support': 51.0}, '2': {'precision': 0.42105263157894735, 'recall': 0.36363636363636365, 'f1-score': 0.3902439024390244, 'support': 44.0}, 'accuracy': 0.518918918918919, 'macro avg': {'precision': 0.4948482316903369, 'recall': 0.49681124975242624, 'f1-score': 0.4930577073465834, 'support': 185.0}, 'weighted avg': {'precision': 0.5238230711914923, 'recall': 0.518918918918919, 'f1-score': 0.5190079282948125, 'support': 185.0}, 'auc': {'ovo': 0.6698331352743118}, 'confusion': {'true_0': {'pred_0': 52, 'pred_1': 27, 'pred_2': 11}, 'true_1': {'pred_0': 12, 'pred_1': 28, 'pred_2': 11}, 'true_2': {'pred_0': 20, 'pred_1': 8, 'pred_2': 16}}}, 'concept_2': {'0': {'precision': 0.8079470198675497, 'recall': 0.8905109489051095, 'f1-score': 0.8472222222222222, 'support': 137.0}, '1': {'precision': 0.4411764705882353, 'recall': 0.35714285714285715, 'f1-score': 0.39473684210526316, 'support': 42.0}, '2': {'precision': nan, 'recall': 0.0, 'f1-score': 0.0, 'support': 6.0}, 'accuracy': 0.7405405405405405, 'macro avg': {'precision': 0.6245617452278924, 'recall': 0.4158846020159889, 'f1-score': 0.41398635477582846, 'support': 185.0}, 'weighted avg': {'precision': 0.7218891256232414, 'recall': 0.7405405405405405, 'f1-score': 0.7170183341235973, 'support': 185.0}, 'auc': {'ovo': 0.6895203336809176}, 'confusion': {'true_0': {'pred_0': 122, 'pred_1': 15, 'pred_2': 0}, 'true_1': {'pred_0': 27, 'pred_1': 15, 'pred_2': 0}, 'true_2': {'pred_0': 2, 'pred_1': 4, 'pred_2': 0}}}}}
2026-06-24 23:23:57,393 | INFO | training fold 2
2026-06-24 23:23:57,395 | INFO | train set size: 739
2026-06-24 23:23:57,395 | INFO | val set size: 185
2026-06-24 23:23:57,397 | INFO | cpu_count: 30
2026-06-24 23:23:57,397 | INFO | num_workers: 2
2026-06-24 23:23:57,540 | INFO | completed building dataloaders
2026-06-24 23:23:57,540 | INFO | training starts
2026-06-24 23:24:10,742 | INFO | model initialized
2026-06-24 23:24:10,803 | INFO | LR scheduler: <torch.optim.lr_scheduler.CosineAnnealingLR object at 0x706619412320>
2026-06-24 23:24:10,803 | INFO | Parameters by layer:
2026-06-24 23:24:10,803 | INFO | vit_model.base_model.model.cls_token     | 1024       | [FROZEN]
2026-06-24 23:24:10,803 | INFO | vit_model.base_model.model.pos_embed     | 201728     | [FROZEN]
2026-06-24 23:24:10,803 | INFO | vit_model.base_model.model.patch_embed.proj.weight | 786432     | [FROZEN]
2026-06-24 23:24:10,803 | INFO | vit_model.base_model.model.patch_embed.proj.bias | 1024       | [FROZEN]
2026-06-24 23:24:10,803 | INFO | vit_model.base_model.model.blocks.0.norm1.weight | 1024       | [FROZEN]
2026-06-24 23:24:10,803 | INFO | vit_model.base_model.model.blocks.0.norm1.bias | 1024       | [FROZEN]
2026-06-24 23:24:10,803 | INFO | vit_model.base_model.model.blocks.0.attn.qkv.base_layer.weight | 3145728    | [FROZEN]
2026-06-24 23:24:10,803 | INFO | vit_model.base_model.model.blocks.0.attn.qkv.base_layer.bias | 3072       | [FROZEN]
2026-06-24 23:24:10,803 | INFO | vit_model.base_model.model.blocks.0.attn.qkv.lora_A.default.weight | 8192       | [TRAINABLE]
2026-06-24 23:24:10,803 | INFO | vit_model.base_model.model.blocks.0.attn.qkv.lora_B.default.weight | 24576      | [TRAINABLE]
2026-06-24 23:24:10,803 | INFO | vit_model.base_model.model.blocks.0.attn.proj.weight | 1048576    | [FROZEN]
2026-06-24 23:24:10,803 | INFO | vit_model.base_model.model.blocks.0.attn.proj.bias | 1024       | [FROZEN]
2026-06-24 23:24:10,803 | INFO | vit_model.base_model.model.blocks.0.ls1.gamma | 1024       | [FROZEN]
2026-06-24 23:24:10,803 | INFO | vit_model.base_model.model.blocks.0.norm2.weight | 1024       | [FROZEN]
2026-06-24 23:24:10,803 | INFO | vit_model.base_model.model.blocks.0.norm2.bias | 1024       | [FROZEN]
2026-06-24 23:24:10,803 | INFO | vit_model.base_model.model.blocks.0.mlp.fc1.weight | 4194304    | [FROZEN]
2026-06-24 23:24:10,803 | INFO | vit_model.base_model.model.blocks.0.mlp.fc1.bias | 4096       | [FROZEN]
2026-06-24 23:24:10,803 | INFO | vit_model.base_model.model.blocks.0.mlp.fc2.weight | 4194304    | [FROZEN]
2026-06-24 23:24:10,803 | INFO | vit_model.base_model.model.blocks.0.mlp.fc2.bias | 1024       | [FROZEN]
2026-06-24 23:24:10,803 | INFO | vit_model.base_model.model.blocks.0.ls2.gamma | 1024       | [FROZEN]
2026-06-24 23:24:10,803 | INFO | vit_model.base_model.model.blocks.1.norm1.weight | 1024       | [FROZEN]
2026-06-24 23:24:10,803 | INFO | vit_model.base_model.model.blocks.1.norm1.bias | 1024       | [FROZEN]
2026-06-24 23:24:10,803 | INFO | vit_model.base_model.model.blocks.1.attn.qkv.base_layer.weight | 3145728    | [FROZEN]
2026-06-24 23:24:10,803 | INFO | vit_model.base_model.model.blocks.1.attn.qkv.base_layer.bias | 3072       | [FROZEN]
2026-06-24 23:24:10,803 | INFO | vit_model.base_model.model.blocks.1.attn.qkv.lora_A.default.weight | 8192       | [TRAINABLE]
2026-06-24 23:24:10,803 | INFO | vit_model.base_model.model.blocks.1.attn.qkv.lora_B.default.weight | 24576      | [TRAINABLE]
2026-06-24 23:24:10,803 | INFO | vit_model.base_model.model.blocks.1.attn.proj.weight | 1048576    | [FROZEN]
2026-06-24 23:24:10,803 | INFO | vit_model.base_model.model.blocks.1.attn.proj.bias | 1024       | [FROZEN]
2026-06-24 23:24:10,803 | INFO | vit_model.base_model.model.blocks.1.ls1.gamma | 1024       | [FROZEN]
2026-06-24 23:24:10,803 | INFO | vit_model.base_model.model.blocks.1.norm2.weight | 1024       | [FROZEN]
2026-06-24 23:24:10,803 | INFO | vit_model.base_model.model.blocks.1.norm2.bias | 1024       | [FROZEN]
2026-06-24 23:24:10,803 | INFO | vit_model.base_model.model.blocks.1.mlp.fc1.weight | 4194304    | [FROZEN]
2026-06-24 23:24:10,803 | INFO | vit_model.base_model.model.blocks.1.mlp.fc1.bias | 4096       | [FROZEN]
2026-06-24 23:24:10,803 | INFO | vit_model.base_model.model.blocks.1.mlp.fc2.weight | 4194304    | [FROZEN]
2026-06-24 23:24:10,803 | INFO | vit_model.base_model.model.blocks.1.mlp.fc2.bias | 1024       | [FROZEN]
2026-06-24 23:24:10,803 | INFO | vit_model.base_model.model.blocks.1.ls2.gamma | 1024       | [FROZEN]
2026-06-24 23:24:10,803 | INFO | vit_model.base_model.model.blocks.2.norm1.weight | 1024       | [FROZEN]
2026-06-24 23:24:10,803 | INFO | vit_model.base_model.model.blocks.2.norm1.bias | 1024       | [FROZEN]
2026-06-24 23:24:10,803 | INFO | vit_model.base_model.model.blocks.2.attn.qkv.base_layer.weight | 3145728    | [FROZEN]
2026-06-24 23:24:10,803 | INFO | vit_model.base_model.model.blocks.2.attn.qkv.base_layer.bias | 3072       | [FROZEN]
2026-06-24 23:24:10,803 | INFO | vit_model.base_model.model.blocks.2.attn.qkv.lora_A.default.weight | 8192       | [TRAINABLE]
2026-06-24 23:24:10,803 | INFO | vit_model.base_model.model.blocks.2.attn.qkv.lora_B.default.weight | 24576      | [TRAINABLE]
2026-06-24 23:24:10,803 | INFO | vit_model.base_model.model.blocks.2.attn.proj.weight | 1048576    | [FROZEN]
2026-06-24 23:24:10,803 | INFO | vit_model.base_model.model.blocks.2.attn.proj.bias | 1024       | [FROZEN]
2026-06-24 23:24:10,803 | INFO | vit_model.base_model.model.blocks.2.ls1.gamma | 1024       | [FROZEN]
2026-06-24 23:24:10,803 | INFO | vit_model.base_model.model.blocks.2.norm2.weight | 1024       | [FROZEN]
2026-06-24 23:24:10,803 | INFO | vit_model.base_model.model.blocks.2.norm2.bias | 1024       | [FROZEN]
2026-06-24 23:24:10,803 | INFO | vit_model.base_model.model.blocks.2.mlp.fc1.weight | 4194304    | [FROZEN]
2026-06-24 23:24:10,803 | INFO | vit_model.base_model.model.blocks.2.mlp.fc1.bias | 4096       | [FROZEN]
2026-06-24 23:24:10,803 | INFO | vit_model.base_model.model.blocks.2.mlp.fc2.weight | 4194304    | [FROZEN]
2026-06-24 23:24:10,803 | INFO | vit_model.base_model.model.blocks.2.mlp.fc2.bias | 1024       | [FROZEN]
2026-06-24 23:24:10,803 | INFO | vit_model.base_model.model.blocks.2.ls2.gamma | 1024       | [FROZEN]
2026-06-24 23:24:10,803 | INFO | vit_model.base_model.model.blocks.3.norm1.weight | 1024       | [FROZEN]
2026-06-24 23:24:10,803 | INFO | vit_model.base_model.model.blocks.3.norm1.bias | 1024       | [FROZEN]
2026-06-24 23:24:10,803 | INFO | vit_model.base_model.model.blocks.3.attn.qkv.base_layer.weight | 3145728    | [FROZEN]
2026-06-24 23:24:10,803 | INFO | vit_model.base_model.model.blocks.3.attn.qkv.base_layer.bias | 3072       | [FROZEN]
2026-06-24 23:24:10,804 | INFO | vit_model.base_model.model.blocks.3.attn.qkv.lora_A.default.weight | 8192       | [TRAINABLE]
2026-06-24 23:24:10,804 | INFO | vit_model.base_model.model.blocks.3.attn.qkv.lora_B.default.weight | 24576      | [TRAINABLE]
2026-06-24 23:24:10,804 | INFO | vit_model.base_model.model.blocks.3.attn.proj.weight | 1048576    | [FROZEN]
2026-06-24 23:24:10,804 | INFO | vit_model.base_model.model.blocks.3.attn.proj.bias | 1024       | [FROZEN]
2026-06-24 23:24:10,804 | INFO | vit_model.base_model.model.blocks.3.ls1.gamma | 1024       | [FROZEN]
2026-06-24 23:24:10,804 | INFO | vit_model.base_model.model.blocks.3.norm2.weight | 1024       | [FROZEN]
2026-06-24 23:24:10,804 | INFO | vit_model.base_model.model.blocks.3.norm2.bias | 1024       | [FROZEN]
2026-06-24 23:24:10,804 | INFO | vit_model.base_model.model.blocks.3.mlp.fc1.weight | 4194304    | [FROZEN]
2026-06-24 23:24:10,804 | INFO | vit_model.base_model.model.blocks.3.mlp.fc1.bias | 4096       | [FROZEN]
2026-06-24 23:24:10,804 | INFO | vit_model.base_model.model.blocks.3.mlp.fc2.weight | 4194304    | [FROZEN]
2026-06-24 23:24:10,804 | INFO | vit_model.base_model.model.blocks.3.mlp.fc2.bias | 1024       | [FROZEN]
2026-06-24 23:24:10,804 | INFO | vit_model.base_model.model.blocks.3.ls2.gamma | 1024       | [FROZEN]
2026-06-24 23:24:10,804 | INFO | vit_model.base_model.model.blocks.4.norm1.weight | 1024       | [FROZEN]
2026-06-24 23:24:10,804 | INFO | vit_model.base_model.model.blocks.4.norm1.bias | 1024       | [FROZEN]
2026-06-24 23:24:10,804 | INFO | vit_model.base_model.model.blocks.4.attn.qkv.base_layer.weight | 3145728    | [FROZEN]
2026-06-24 23:24:10,804 | INFO | vit_model.base_model.model.blocks.4.attn.qkv.base_layer.bias | 3072       | [FROZEN]
2026-06-24 23:24:10,804 | INFO | vit_model.base_model.model.blocks.4.attn.qkv.lora_A.default.weight | 8192       | [TRAINABLE]
2026-06-24 23:24:10,804 | INFO | vit_model.base_model.model.blocks.4.attn.qkv.lora_B.default.weight | 24576      | [TRAINABLE]
2026-06-24 23:24:10,804 | INFO | vit_model.base_model.model.blocks.4.attn.proj.weight | 1048576    | [FROZEN]
2026-06-24 23:24:10,804 | INFO | vit_model.base_model.model.blocks.4.attn.proj.bias | 1024       | [FROZEN]
2026-06-24 23:24:10,804 | INFO | vit_model.base_model.model.blocks.4.ls1.gamma | 1024       | [FROZEN]
2026-06-24 23:24:10,804 | INFO | vit_model.base_model.model.blocks.4.norm2.weight | 1024       | [FROZEN]
2026-06-24 23:24:10,804 | INFO | vit_model.base_model.model.blocks.4.norm2.bias | 1024       | [FROZEN]
2026-06-24 23:24:10,804 | INFO | vit_model.base_model.model.blocks.4.mlp.fc1.weight | 4194304    | [FROZEN]
2026-06-24 23:24:10,804 | INFO | vit_model.base_model.model.blocks.4.mlp.fc1.bias | 4096       | [FROZEN]
2026-06-24 23:24:10,804 | INFO | vit_model.base_model.model.blocks.4.mlp.fc2.weight | 4194304    | [FROZEN]
2026-06-24 23:24:10,804 | INFO | vit_model.base_model.model.blocks.4.mlp.fc2.bias | 1024       | [FROZEN]
2026-06-24 23:24:10,804 | INFO | vit_model.base_model.model.blocks.4.ls2.gamma | 1024       | [FROZEN]
2026-06-24 23:24:10,804 | INFO | vit_model.base_model.model.blocks.5.norm1.weight | 1024       | [FROZEN]
2026-06-24 23:24:10,804 | INFO | vit_model.base_model.model.blocks.5.norm1.bias | 1024       | [FROZEN]
2026-06-24 23:24:10,804 | INFO | vit_model.base_model.model.blocks.5.attn.qkv.base_layer.weight | 3145728    | [FROZEN]
2026-06-24 23:24:10,804 | INFO | vit_model.base_model.model.blocks.5.attn.qkv.base_layer.bias | 3072       | [FROZEN]
2026-06-24 23:24:10,804 | INFO | vit_model.base_model.model.blocks.5.attn.qkv.lora_A.default.weight | 8192       | [TRAINABLE]
2026-06-24 23:24:10,804 | INFO | vit_model.base_model.model.blocks.5.attn.qkv.lora_B.default.weight | 24576      | [TRAINABLE]
2026-06-24 23:24:10,804 | INFO | vit_model.base_model.model.blocks.5.attn.proj.weight | 1048576    | [FROZEN]
2026-06-24 23:24:10,804 | INFO | vit_model.base_model.model.blocks.5.attn.proj.bias | 1024       | [FROZEN]
2026-06-24 23:24:10,804 | INFO | vit_model.base_model.model.blocks.5.ls1.gamma | 1024       | [FROZEN]
2026-06-24 23:24:10,804 | INFO | vit_model.base_model.model.blocks.5.norm2.weight | 1024       | [FROZEN]
2026-06-24 23:24:10,804 | INFO | vit_model.base_model.model.blocks.5.norm2.bias | 1024       | [FROZEN]
2026-06-24 23:24:10,804 | INFO | vit_model.base_model.model.blocks.5.mlp.fc1.weight | 4194304    | [FROZEN]
2026-06-24 23:24:10,804 | INFO | vit_model.base_model.model.blocks.5.mlp.fc1.bias | 4096       | [FROZEN]
2026-06-24 23:24:10,804 | INFO | vit_model.base_model.model.blocks.5.mlp.fc2.weight | 4194304    | [FROZEN]
2026-06-24 23:24:10,804 | INFO | vit_model.base_model.model.blocks.5.mlp.fc2.bias | 1024       | [FROZEN]
2026-06-24 23:24:10,804 | INFO | vit_model.base_model.model.blocks.5.ls2.gamma | 1024       | [FROZEN]
2026-06-24 23:24:10,804 | INFO | vit_model.base_model.model.blocks.6.norm1.weight | 1024       | [FROZEN]
2026-06-24 23:24:10,804 | INFO | vit_model.base_model.model.blocks.6.norm1.bias | 1024       | [FROZEN]
2026-06-24 23:24:10,804 | INFO | vit_model.base_model.model.blocks.6.attn.qkv.base_layer.weight | 3145728    | [FROZEN]
2026-06-24 23:24:10,804 | INFO | vit_model.base_model.model.blocks.6.attn.qkv.base_layer.bias | 3072       | [FROZEN]
2026-06-24 23:24:10,804 | INFO | vit_model.base_model.model.blocks.6.attn.qkv.lora_A.default.weight | 8192       | [TRAINABLE]
2026-06-24 23:24:10,804 | INFO | vit_model.base_model.model.blocks.6.attn.qkv.lora_B.default.weight | 24576      | [TRAINABLE]
2026-06-24 23:24:10,804 | INFO | vit_model.base_model.model.blocks.6.attn.proj.weight | 1048576    | [FROZEN]
2026-06-24 23:24:10,804 | INFO | vit_model.base_model.model.blocks.6.attn.proj.bias | 1024       | [FROZEN]
2026-06-24 23:24:10,804 | INFO | vit_model.base_model.model.blocks.6.ls1.gamma | 1024       | [FROZEN]
2026-06-24 23:24:10,804 | INFO | vit_model.base_model.model.blocks.6.norm2.weight | 1024       | [FROZEN]
2026-06-24 23:24:10,804 | INFO | vit_model.base_model.model.blocks.6.norm2.bias | 1024       | [FROZEN]
2026-06-24 23:24:10,804 | INFO | vit_model.base_model.model.blocks.6.mlp.fc1.weight | 4194304    | [FROZEN]
2026-06-24 23:24:10,804 | INFO | vit_model.base_model.model.blocks.6.mlp.fc1.bias | 4096       | [FROZEN]
2026-06-24 23:24:10,804 | INFO | vit_model.base_model.model.blocks.6.mlp.fc2.weight | 4194304    | [FROZEN]
2026-06-24 23:24:10,804 | INFO | vit_model.base_model.model.blocks.6.mlp.fc2.bias | 1024       | [FROZEN]
2026-06-24 23:24:10,804 | INFO | vit_model.base_model.model.blocks.6.ls2.gamma | 1024       | [FROZEN]
2026-06-24 23:24:10,804 | INFO | vit_model.base_model.model.blocks.7.norm1.weight | 1024       | [FROZEN]
2026-06-24 23:24:10,804 | INFO | vit_model.base_model.model.blocks.7.norm1.bias | 1024       | [FROZEN]
2026-06-24 23:24:10,804 | INFO | vit_model.base_model.model.blocks.7.attn.qkv.base_layer.weight | 3145728    | [FROZEN]
2026-06-24 23:24:10,804 | INFO | vit_model.base_model.model.blocks.7.attn.qkv.base_layer.bias | 3072       | [FROZEN]
2026-06-24 23:24:10,804 | INFO | vit_model.base_model.model.blocks.7.attn.qkv.lora_A.default.weight | 8192       | [TRAINABLE]
2026-06-24 23:24:10,804 | INFO | vit_model.base_model.model.blocks.7.attn.qkv.lora_B.default.weight | 24576      | [TRAINABLE]
2026-06-24 23:24:10,804 | INFO | vit_model.base_model.model.blocks.7.attn.proj.weight | 1048576    | [FROZEN]
2026-06-24 23:24:10,804 | INFO | vit_model.base_model.model.blocks.7.attn.proj.bias | 1024       | [FROZEN]
2026-06-24 23:24:10,804 | INFO | vit_model.base_model.model.blocks.7.ls1.gamma | 1024       | [FROZEN]
2026-06-24 23:24:10,804 | INFO | vit_model.base_model.model.blocks.7.norm2.weight | 1024       | [FROZEN]
2026-06-24 23:24:10,804 | INFO | vit_model.base_model.model.blocks.7.norm2.bias | 1024       | [FROZEN]
2026-06-24 23:24:10,805 | INFO | vit_model.base_model.model.blocks.7.mlp.fc1.weight | 4194304    | [FROZEN]
2026-06-24 23:24:10,805 | INFO | vit_model.base_model.model.blocks.7.mlp.fc1.bias | 4096       | [FROZEN]
2026-06-24 23:24:10,805 | INFO | vit_model.base_model.model.blocks.7.mlp.fc2.weight | 4194304    | [FROZEN]
2026-06-24 23:24:10,805 | INFO | vit_model.base_model.model.blocks.7.mlp.fc2.bias | 1024       | [FROZEN]
2026-06-24 23:24:10,805 | INFO | vit_model.base_model.model.blocks.7.ls2.gamma | 1024       | [FROZEN]
2026-06-24 23:24:10,805 | INFO | vit_model.base_model.model.blocks.8.norm1.weight | 1024       | [FROZEN]
2026-06-24 23:24:10,805 | INFO | vit_model.base_model.model.blocks.8.norm1.bias | 1024       | [FROZEN]
2026-06-24 23:24:10,805 | INFO | vit_model.base_model.model.blocks.8.attn.qkv.base_layer.weight | 3145728    | [FROZEN]
2026-06-24 23:24:10,805 | INFO | vit_model.base_model.model.blocks.8.attn.qkv.base_layer.bias | 3072       | [FROZEN]
2026-06-24 23:24:10,805 | INFO | vit_model.base_model.model.blocks.8.attn.qkv.lora_A.default.weight | 8192       | [TRAINABLE]
2026-06-24 23:24:10,805 | INFO | vit_model.base_model.model.blocks.8.attn.qkv.lora_B.default.weight | 24576      | [TRAINABLE]
2026-06-24 23:24:10,805 | INFO | vit_model.base_model.model.blocks.8.attn.proj.weight | 1048576    | [FROZEN]
2026-06-24 23:24:10,805 | INFO | vit_model.base_model.model.blocks.8.attn.proj.bias | 1024       | [FROZEN]
2026-06-24 23:24:10,805 | INFO | vit_model.base_model.model.blocks.8.ls1.gamma | 1024       | [FROZEN]
2026-06-24 23:24:10,805 | INFO | vit_model.base_model.model.blocks.8.norm2.weight | 1024       | [FROZEN]
2026-06-24 23:24:10,805 | INFO | vit_model.base_model.model.blocks.8.norm2.bias | 1024       | [FROZEN]
2026-06-24 23:24:10,805 | INFO | vit_model.base_model.model.blocks.8.mlp.fc1.weight | 4194304    | [FROZEN]
2026-06-24 23:24:10,805 | INFO | vit_model.base_model.model.blocks.8.mlp.fc1.bias | 4096       | [FROZEN]
2026-06-24 23:24:10,805 | INFO | vit_model.base_model.model.blocks.8.mlp.fc2.weight | 4194304    | [FROZEN]
2026-06-24 23:24:10,805 | INFO | vit_model.base_model.model.blocks.8.mlp.fc2.bias | 1024       | [FROZEN]
2026-06-24 23:24:10,805 | INFO | vit_model.base_model.model.blocks.8.ls2.gamma | 1024       | [FROZEN]
2026-06-24 23:24:10,805 | INFO | vit_model.base_model.model.blocks.9.norm1.weight | 1024       | [FROZEN]
2026-06-24 23:24:10,805 | INFO | vit_model.base_model.model.blocks.9.norm1.bias | 1024       | [FROZEN]
2026-06-24 23:24:10,805 | INFO | vit_model.base_model.model.blocks.9.attn.qkv.base_layer.weight | 3145728    | [FROZEN]
2026-06-24 23:24:10,805 | INFO | vit_model.base_model.model.blocks.9.attn.qkv.base_layer.bias | 3072       | [FROZEN]
2026-06-24 23:24:10,805 | INFO | vit_model.base_model.model.blocks.9.attn.qkv.lora_A.default.weight | 8192       | [TRAINABLE]
2026-06-24 23:24:10,805 | INFO | vit_model.base_model.model.blocks.9.attn.qkv.lora_B.default.weight | 24576      | [TRAINABLE]
2026-06-24 23:24:10,805 | INFO | vit_model.base_model.model.blocks.9.attn.proj.weight | 1048576    | [FROZEN]
2026-06-24 23:24:10,805 | INFO | vit_model.base_model.model.blocks.9.attn.proj.bias | 1024       | [FROZEN]
2026-06-24 23:24:10,805 | INFO | vit_model.base_model.model.blocks.9.ls1.gamma | 1024       | [FROZEN]
2026-06-24 23:24:10,805 | INFO | vit_model.base_model.model.blocks.9.norm2.weight | 1024       | [FROZEN]
2026-06-24 23:24:10,805 | INFO | vit_model.base_model.model.blocks.9.norm2.bias | 1024       | [FROZEN]
2026-06-24 23:24:10,805 | INFO | vit_model.base_model.model.blocks.9.mlp.fc1.weight | 4194304    | [FROZEN]
2026-06-24 23:24:10,805 | INFO | vit_model.base_model.model.blocks.9.mlp.fc1.bias | 4096       | [FROZEN]
2026-06-24 23:24:10,805 | INFO | vit_model.base_model.model.blocks.9.mlp.fc2.weight | 4194304    | [FROZEN]
2026-06-24 23:24:10,805 | INFO | vit_model.base_model.model.blocks.9.mlp.fc2.bias | 1024       | [FROZEN]
2026-06-24 23:24:10,805 | INFO | vit_model.base_model.model.blocks.9.ls2.gamma | 1024       | [FROZEN]
2026-06-24 23:24:10,805 | INFO | vit_model.base_model.model.blocks.10.norm1.weight | 1024       | [FROZEN]
2026-06-24 23:24:10,805 | INFO | vit_model.base_model.model.blocks.10.norm1.bias | 1024       | [FROZEN]
2026-06-24 23:24:10,805 | INFO | vit_model.base_model.model.blocks.10.attn.qkv.base_layer.weight | 3145728    | [FROZEN]
2026-06-24 23:24:10,805 | INFO | vit_model.base_model.model.blocks.10.attn.qkv.base_layer.bias | 3072       | [FROZEN]
2026-06-24 23:24:10,805 | INFO | vit_model.base_model.model.blocks.10.attn.qkv.lora_A.default.weight | 8192       | [TRAINABLE]
2026-06-24 23:24:10,805 | INFO | vit_model.base_model.model.blocks.10.attn.qkv.lora_B.default.weight | 24576      | [TRAINABLE]
2026-06-24 23:24:10,805 | INFO | vit_model.base_model.model.blocks.10.attn.proj.weight | 1048576    | [FROZEN]
2026-06-24 23:24:10,805 | INFO | vit_model.base_model.model.blocks.10.attn.proj.bias | 1024       | [FROZEN]
2026-06-24 23:24:10,805 | INFO | vit_model.base_model.model.blocks.10.ls1.gamma | 1024       | [FROZEN]
2026-06-24 23:24:10,805 | INFO | vit_model.base_model.model.blocks.10.norm2.weight | 1024       | [FROZEN]
2026-06-24 23:24:10,805 | INFO | vit_model.base_model.model.blocks.10.norm2.bias | 1024       | [FROZEN]
2026-06-24 23:24:10,805 | INFO | vit_model.base_model.model.blocks.10.mlp.fc1.weight | 4194304    | [FROZEN]
2026-06-24 23:24:10,805 | INFO | vit_model.base_model.model.blocks.10.mlp.fc1.bias | 4096       | [FROZEN]
2026-06-24 23:24:10,805 | INFO | vit_model.base_model.model.blocks.10.mlp.fc2.weight | 4194304    | [FROZEN]
2026-06-24 23:24:10,805 | INFO | vit_model.base_model.model.blocks.10.mlp.fc2.bias | 1024       | [FROZEN]
2026-06-24 23:24:10,805 | INFO | vit_model.base_model.model.blocks.10.ls2.gamma | 1024       | [FROZEN]
2026-06-24 23:24:10,805 | INFO | vit_model.base_model.model.blocks.11.norm1.weight | 1024       | [FROZEN]
2026-06-24 23:24:10,805 | INFO | vit_model.base_model.model.blocks.11.norm1.bias | 1024       | [FROZEN]
2026-06-24 23:24:10,805 | INFO | vit_model.base_model.model.blocks.11.attn.qkv.base_layer.weight | 3145728    | [FROZEN]
2026-06-24 23:24:10,805 | INFO | vit_model.base_model.model.blocks.11.attn.qkv.base_layer.bias | 3072       | [FROZEN]
2026-06-24 23:24:10,805 | INFO | vit_model.base_model.model.blocks.11.attn.qkv.lora_A.default.weight | 8192       | [TRAINABLE]
2026-06-24 23:24:10,805 | INFO | vit_model.base_model.model.blocks.11.attn.qkv.lora_B.default.weight | 24576      | [TRAINABLE]
2026-06-24 23:24:10,805 | INFO | vit_model.base_model.model.blocks.11.attn.proj.weight | 1048576    | [FROZEN]
2026-06-24 23:24:10,805 | INFO | vit_model.base_model.model.blocks.11.attn.proj.bias | 1024       | [FROZEN]
2026-06-24 23:24:10,805 | INFO | vit_model.base_model.model.blocks.11.ls1.gamma | 1024       | [FROZEN]
2026-06-24 23:24:10,805 | INFO | vit_model.base_model.model.blocks.11.norm2.weight | 1024       | [FROZEN]
2026-06-24 23:24:10,805 | INFO | vit_model.base_model.model.blocks.11.norm2.bias | 1024       | [FROZEN]
2026-06-24 23:24:10,805 | INFO | vit_model.base_model.model.blocks.11.mlp.fc1.weight | 4194304    | [FROZEN]
2026-06-24 23:24:10,805 | INFO | vit_model.base_model.model.blocks.11.mlp.fc1.bias | 4096       | [FROZEN]
2026-06-24 23:24:10,805 | INFO | vit_model.base_model.model.blocks.11.mlp.fc2.weight | 4194304    | [FROZEN]
2026-06-24 23:24:10,805 | INFO | vit_model.base_model.model.blocks.11.mlp.fc2.bias | 1024       | [FROZEN]
2026-06-24 23:24:10,805 | INFO | vit_model.base_model.model.blocks.11.ls2.gamma | 1024       | [FROZEN]
2026-06-24 23:24:10,805 | INFO | vit_model.base_model.model.blocks.12.norm1.weight | 1024       | [FROZEN]
2026-06-24 23:24:10,805 | INFO | vit_model.base_model.model.blocks.12.norm1.bias | 1024       | [FROZEN]
2026-06-24 23:24:10,805 | INFO | vit_model.base_model.model.blocks.12.attn.qkv.base_layer.weight | 3145728    | [FROZEN]
2026-06-24 23:24:10,805 | INFO | vit_model.base_model.model.blocks.12.attn.qkv.base_layer.bias | 3072       | [FROZEN]
2026-06-24 23:24:10,806 | INFO | vit_model.base_model.model.blocks.12.attn.qkv.lora_A.default.weight | 8192       | [TRAINABLE]
2026-06-24 23:24:10,806 | INFO | vit_model.base_model.model.blocks.12.attn.qkv.lora_B.default.weight | 24576      | [TRAINABLE]
2026-06-24 23:24:10,806 | INFO | vit_model.base_model.model.blocks.12.attn.proj.weight | 1048576    | [FROZEN]
2026-06-24 23:24:10,806 | INFO | vit_model.base_model.model.blocks.12.attn.proj.bias | 1024       | [FROZEN]
2026-06-24 23:24:10,806 | INFO | vit_model.base_model.model.blocks.12.ls1.gamma | 1024       | [FROZEN]
2026-06-24 23:24:10,806 | INFO | vit_model.base_model.model.blocks.12.norm2.weight | 1024       | [FROZEN]
2026-06-24 23:24:10,806 | INFO | vit_model.base_model.model.blocks.12.norm2.bias | 1024       | [FROZEN]
2026-06-24 23:24:10,806 | INFO | vit_model.base_model.model.blocks.12.mlp.fc1.weight | 4194304    | [FROZEN]
2026-06-24 23:24:10,806 | INFO | vit_model.base_model.model.blocks.12.mlp.fc1.bias | 4096       | [FROZEN]
2026-06-24 23:24:10,806 | INFO | vit_model.base_model.model.blocks.12.mlp.fc2.weight | 4194304    | [FROZEN]
2026-06-24 23:24:10,806 | INFO | vit_model.base_model.model.blocks.12.mlp.fc2.bias | 1024       | [FROZEN]
2026-06-24 23:24:10,806 | INFO | vit_model.base_model.model.blocks.12.ls2.gamma | 1024       | [FROZEN]
2026-06-24 23:24:10,806 | INFO | vit_model.base_model.model.blocks.13.norm1.weight | 1024       | [FROZEN]
2026-06-24 23:24:10,806 | INFO | vit_model.base_model.model.blocks.13.norm1.bias | 1024       | [FROZEN]
2026-06-24 23:24:10,806 | INFO | vit_model.base_model.model.blocks.13.attn.qkv.base_layer.weight | 3145728    | [FROZEN]
2026-06-24 23:24:10,806 | INFO | vit_model.base_model.model.blocks.13.attn.qkv.base_layer.bias | 3072       | [FROZEN]
2026-06-24 23:24:10,806 | INFO | vit_model.base_model.model.blocks.13.attn.qkv.lora_A.default.weight | 8192       | [TRAINABLE]
2026-06-24 23:24:10,806 | INFO | vit_model.base_model.model.blocks.13.attn.qkv.lora_B.default.weight | 24576      | [TRAINABLE]
2026-06-24 23:24:10,806 | INFO | vit_model.base_model.model.blocks.13.attn.proj.weight | 1048576    | [FROZEN]
2026-06-24 23:24:10,806 | INFO | vit_model.base_model.model.blocks.13.attn.proj.bias | 1024       | [FROZEN]
2026-06-24 23:24:10,806 | INFO | vit_model.base_model.model.blocks.13.ls1.gamma | 1024       | [FROZEN]
2026-06-24 23:24:10,806 | INFO | vit_model.base_model.model.blocks.13.norm2.weight | 1024       | [FROZEN]
2026-06-24 23:24:10,806 | INFO | vit_model.base_model.model.blocks.13.norm2.bias | 1024       | [FROZEN]
2026-06-24 23:24:10,806 | INFO | vit_model.base_model.model.blocks.13.mlp.fc1.weight | 4194304    | [FROZEN]
2026-06-24 23:24:10,806 | INFO | vit_model.base_model.model.blocks.13.mlp.fc1.bias | 4096       | [FROZEN]
2026-06-24 23:24:10,806 | INFO | vit_model.base_model.model.blocks.13.mlp.fc2.weight | 4194304    | [FROZEN]
2026-06-24 23:24:10,806 | INFO | vit_model.base_model.model.blocks.13.mlp.fc2.bias | 1024       | [FROZEN]
2026-06-24 23:24:10,806 | INFO | vit_model.base_model.model.blocks.13.ls2.gamma | 1024       | [FROZEN]
2026-06-24 23:24:10,806 | INFO | vit_model.base_model.model.blocks.14.norm1.weight | 1024       | [FROZEN]
2026-06-24 23:24:10,806 | INFO | vit_model.base_model.model.blocks.14.norm1.bias | 1024       | [FROZEN]
2026-06-24 23:24:10,806 | INFO | vit_model.base_model.model.blocks.14.attn.qkv.base_layer.weight | 3145728    | [FROZEN]
2026-06-24 23:24:10,806 | INFO | vit_model.base_model.model.blocks.14.attn.qkv.base_layer.bias | 3072       | [FROZEN]
2026-06-24 23:24:10,806 | INFO | vit_model.base_model.model.blocks.14.attn.qkv.lora_A.default.weight | 8192       | [TRAINABLE]
2026-06-24 23:24:10,806 | INFO | vit_model.base_model.model.blocks.14.attn.qkv.lora_B.default.weight | 24576      | [TRAINABLE]
2026-06-24 23:24:10,806 | INFO | vit_model.base_model.model.blocks.14.attn.proj.weight | 1048576    | [FROZEN]
2026-06-24 23:24:10,806 | INFO | vit_model.base_model.model.blocks.14.attn.proj.bias | 1024       | [FROZEN]
2026-06-24 23:24:10,806 | INFO | vit_model.base_model.model.blocks.14.ls1.gamma | 1024       | [FROZEN]
2026-06-24 23:24:10,806 | INFO | vit_model.base_model.model.blocks.14.norm2.weight | 1024       | [FROZEN]
2026-06-24 23:24:10,806 | INFO | vit_model.base_model.model.blocks.14.norm2.bias | 1024       | [FROZEN]
2026-06-24 23:24:10,806 | INFO | vit_model.base_model.model.blocks.14.mlp.fc1.weight | 4194304    | [FROZEN]
2026-06-24 23:24:10,806 | INFO | vit_model.base_model.model.blocks.14.mlp.fc1.bias | 4096       | [FROZEN]
2026-06-24 23:24:10,806 | INFO | vit_model.base_model.model.blocks.14.mlp.fc2.weight | 4194304    | [FROZEN]
2026-06-24 23:24:10,806 | INFO | vit_model.base_model.model.blocks.14.mlp.fc2.bias | 1024       | [FROZEN]
2026-06-24 23:24:10,806 | INFO | vit_model.base_model.model.blocks.14.ls2.gamma | 1024       | [FROZEN]
2026-06-24 23:24:10,806 | INFO | vit_model.base_model.model.blocks.15.norm1.weight | 1024       | [FROZEN]
2026-06-24 23:24:10,806 | INFO | vit_model.base_model.model.blocks.15.norm1.bias | 1024       | [FROZEN]
2026-06-24 23:24:10,806 | INFO | vit_model.base_model.model.blocks.15.attn.qkv.base_layer.weight | 3145728    | [FROZEN]
2026-06-24 23:24:10,806 | INFO | vit_model.base_model.model.blocks.15.attn.qkv.base_layer.bias | 3072       | [FROZEN]
2026-06-24 23:24:10,806 | INFO | vit_model.base_model.model.blocks.15.attn.qkv.lora_A.default.weight | 8192       | [TRAINABLE]
2026-06-24 23:24:10,806 | INFO | vit_model.base_model.model.blocks.15.attn.qkv.lora_B.default.weight | 24576      | [TRAINABLE]
2026-06-24 23:24:10,806 | INFO | vit_model.base_model.model.blocks.15.attn.proj.weight | 1048576    | [FROZEN]
2026-06-24 23:24:10,806 | INFO | vit_model.base_model.model.blocks.15.attn.proj.bias | 1024       | [FROZEN]
2026-06-24 23:24:10,806 | INFO | vit_model.base_model.model.blocks.15.ls1.gamma | 1024       | [FROZEN]
2026-06-24 23:24:10,806 | INFO | vit_model.base_model.model.blocks.15.norm2.weight | 1024       | [FROZEN]
2026-06-24 23:24:10,806 | INFO | vit_model.base_model.model.blocks.15.norm2.bias | 1024       | [FROZEN]
2026-06-24 23:24:10,806 | INFO | vit_model.base_model.model.blocks.15.mlp.fc1.weight | 4194304    | [FROZEN]
2026-06-24 23:24:10,806 | INFO | vit_model.base_model.model.blocks.15.mlp.fc1.bias | 4096       | [FROZEN]
2026-06-24 23:24:10,806 | INFO | vit_model.base_model.model.blocks.15.mlp.fc2.weight | 4194304    | [FROZEN]
2026-06-24 23:24:10,806 | INFO | vit_model.base_model.model.blocks.15.mlp.fc2.bias | 1024       | [FROZEN]
2026-06-24 23:24:10,806 | INFO | vit_model.base_model.model.blocks.15.ls2.gamma | 1024       | [FROZEN]
2026-06-24 23:24:10,806 | INFO | vit_model.base_model.model.blocks.16.norm1.weight | 1024       | [FROZEN]
2026-06-24 23:24:10,806 | INFO | vit_model.base_model.model.blocks.16.norm1.bias | 1024       | [FROZEN]
2026-06-24 23:24:10,806 | INFO | vit_model.base_model.model.blocks.16.attn.qkv.base_layer.weight | 3145728    | [FROZEN]
2026-06-24 23:24:10,806 | INFO | vit_model.base_model.model.blocks.16.attn.qkv.base_layer.bias | 3072       | [FROZEN]
2026-06-24 23:24:10,806 | INFO | vit_model.base_model.model.blocks.16.attn.qkv.lora_A.default.weight | 8192       | [TRAINABLE]
2026-06-24 23:24:10,806 | INFO | vit_model.base_model.model.blocks.16.attn.qkv.lora_B.default.weight | 24576      | [TRAINABLE]
2026-06-24 23:24:10,806 | INFO | vit_model.base_model.model.blocks.16.attn.proj.weight | 1048576    | [FROZEN]
2026-06-24 23:24:10,806 | INFO | vit_model.base_model.model.blocks.16.attn.proj.bias | 1024       | [FROZEN]
2026-06-24 23:24:10,806 | INFO | vit_model.base_model.model.blocks.16.ls1.gamma | 1024       | [FROZEN]
2026-06-24 23:24:10,806 | INFO | vit_model.base_model.model.blocks.16.norm2.weight | 1024       | [FROZEN]
2026-06-24 23:24:10,806 | INFO | vit_model.base_model.model.blocks.16.norm2.bias | 1024       | [FROZEN]
2026-06-24 23:24:10,806 | INFO | vit_model.base_model.model.blocks.16.mlp.fc1.weight | 4194304    | [FROZEN]
2026-06-24 23:24:10,806 | INFO | vit_model.base_model.model.blocks.16.mlp.fc1.bias | 4096       | [FROZEN]
2026-06-24 23:24:10,807 | INFO | vit_model.base_model.model.blocks.16.mlp.fc2.weight | 4194304    | [FROZEN]
2026-06-24 23:24:10,807 | INFO | vit_model.base_model.model.blocks.16.mlp.fc2.bias | 1024       | [FROZEN]
2026-06-24 23:24:10,807 | INFO | vit_model.base_model.model.blocks.16.ls2.gamma | 1024       | [FROZEN]
2026-06-24 23:24:10,807 | INFO | vit_model.base_model.model.blocks.17.norm1.weight | 1024       | [FROZEN]
2026-06-24 23:24:10,807 | INFO | vit_model.base_model.model.blocks.17.norm1.bias | 1024       | [FROZEN]
2026-06-24 23:24:10,807 | INFO | vit_model.base_model.model.blocks.17.attn.qkv.base_layer.weight | 3145728    | [FROZEN]
2026-06-24 23:24:10,807 | INFO | vit_model.base_model.model.blocks.17.attn.qkv.base_layer.bias | 3072       | [FROZEN]
2026-06-24 23:24:10,807 | INFO | vit_model.base_model.model.blocks.17.attn.qkv.lora_A.default.weight | 8192       | [TRAINABLE]
2026-06-24 23:24:10,807 | INFO | vit_model.base_model.model.blocks.17.attn.qkv.lora_B.default.weight | 24576      | [TRAINABLE]
2026-06-24 23:24:10,807 | INFO | vit_model.base_model.model.blocks.17.attn.proj.weight | 1048576    | [FROZEN]
2026-06-24 23:24:10,807 | INFO | vit_model.base_model.model.blocks.17.attn.proj.bias | 1024       | [FROZEN]
2026-06-24 23:24:10,807 | INFO | vit_model.base_model.model.blocks.17.ls1.gamma | 1024       | [FROZEN]
2026-06-24 23:24:10,807 | INFO | vit_model.base_model.model.blocks.17.norm2.weight | 1024       | [FROZEN]
2026-06-24 23:24:10,807 | INFO | vit_model.base_model.model.blocks.17.norm2.bias | 1024       | [FROZEN]
2026-06-24 23:24:10,807 | INFO | vit_model.base_model.model.blocks.17.mlp.fc1.weight | 4194304    | [FROZEN]
2026-06-24 23:24:10,807 | INFO | vit_model.base_model.model.blocks.17.mlp.fc1.bias | 4096       | [FROZEN]
2026-06-24 23:24:10,807 | INFO | vit_model.base_model.model.blocks.17.mlp.fc2.weight | 4194304    | [FROZEN]
2026-06-24 23:24:10,807 | INFO | vit_model.base_model.model.blocks.17.mlp.fc2.bias | 1024       | [FROZEN]
2026-06-24 23:24:10,807 | INFO | vit_model.base_model.model.blocks.17.ls2.gamma | 1024       | [FROZEN]
2026-06-24 23:24:10,807 | INFO | vit_model.base_model.model.blocks.18.norm1.weight | 1024       | [FROZEN]
2026-06-24 23:24:10,807 | INFO | vit_model.base_model.model.blocks.18.norm1.bias | 1024       | [FROZEN]
2026-06-24 23:24:10,807 | INFO | vit_model.base_model.model.blocks.18.attn.qkv.base_layer.weight | 3145728    | [FROZEN]
2026-06-24 23:24:10,807 | INFO | vit_model.base_model.model.blocks.18.attn.qkv.base_layer.bias | 3072       | [FROZEN]
2026-06-24 23:24:10,807 | INFO | vit_model.base_model.model.blocks.18.attn.qkv.lora_A.default.weight | 8192       | [TRAINABLE]
2026-06-24 23:24:10,807 | INFO | vit_model.base_model.model.blocks.18.attn.qkv.lora_B.default.weight | 24576      | [TRAINABLE]
2026-06-24 23:24:10,807 | INFO | vit_model.base_model.model.blocks.18.attn.proj.weight | 1048576    | [FROZEN]
2026-06-24 23:24:10,807 | INFO | vit_model.base_model.model.blocks.18.attn.proj.bias | 1024       | [FROZEN]
2026-06-24 23:24:10,807 | INFO | vit_model.base_model.model.blocks.18.ls1.gamma | 1024       | [FROZEN]
2026-06-24 23:24:10,807 | INFO | vit_model.base_model.model.blocks.18.norm2.weight | 1024       | [FROZEN]
2026-06-24 23:24:10,807 | INFO | vit_model.base_model.model.blocks.18.norm2.bias | 1024       | [FROZEN]
2026-06-24 23:24:10,807 | INFO | vit_model.base_model.model.blocks.18.mlp.fc1.weight | 4194304    | [FROZEN]
2026-06-24 23:24:10,807 | INFO | vit_model.base_model.model.blocks.18.mlp.fc1.bias | 4096       | [FROZEN]
2026-06-24 23:24:10,807 | INFO | vit_model.base_model.model.blocks.18.mlp.fc2.weight | 4194304    | [FROZEN]
2026-06-24 23:24:10,807 | INFO | vit_model.base_model.model.blocks.18.mlp.fc2.bias | 1024       | [FROZEN]
2026-06-24 23:24:10,807 | INFO | vit_model.base_model.model.blocks.18.ls2.gamma | 1024       | [FROZEN]
2026-06-24 23:24:10,807 | INFO | vit_model.base_model.model.blocks.19.norm1.weight | 1024       | [FROZEN]
2026-06-24 23:24:10,807 | INFO | vit_model.base_model.model.blocks.19.norm1.bias | 1024       | [FROZEN]
2026-06-24 23:24:10,807 | INFO | vit_model.base_model.model.blocks.19.attn.qkv.base_layer.weight | 3145728    | [FROZEN]
2026-06-24 23:24:10,807 | INFO | vit_model.base_model.model.blocks.19.attn.qkv.base_layer.bias | 3072       | [FROZEN]
2026-06-24 23:24:10,807 | INFO | vit_model.base_model.model.blocks.19.attn.qkv.lora_A.default.weight | 8192       | [TRAINABLE]
2026-06-24 23:24:10,807 | INFO | vit_model.base_model.model.blocks.19.attn.qkv.lora_B.default.weight | 24576      | [TRAINABLE]
2026-06-24 23:24:10,807 | INFO | vit_model.base_model.model.blocks.19.attn.proj.weight | 1048576    | [FROZEN]
2026-06-24 23:24:10,807 | INFO | vit_model.base_model.model.blocks.19.attn.proj.bias | 1024       | [FROZEN]
2026-06-24 23:24:10,807 | INFO | vit_model.base_model.model.blocks.19.ls1.gamma | 1024       | [FROZEN]
2026-06-24 23:24:10,807 | INFO | vit_model.base_model.model.blocks.19.norm2.weight | 1024       | [FROZEN]
2026-06-24 23:24:10,807 | INFO | vit_model.base_model.model.blocks.19.norm2.bias | 1024       | [FROZEN]
2026-06-24 23:24:10,807 | INFO | vit_model.base_model.model.blocks.19.mlp.fc1.weight | 4194304    | [FROZEN]
2026-06-24 23:24:10,807 | INFO | vit_model.base_model.model.blocks.19.mlp.fc1.bias | 4096       | [FROZEN]
2026-06-24 23:24:10,807 | INFO | vit_model.base_model.model.blocks.19.mlp.fc2.weight | 4194304    | [FROZEN]
2026-06-24 23:24:10,807 | INFO | vit_model.base_model.model.blocks.19.mlp.fc2.bias | 1024       | [FROZEN]
2026-06-24 23:24:10,807 | INFO | vit_model.base_model.model.blocks.19.ls2.gamma | 1024       | [FROZEN]
2026-06-24 23:24:10,807 | INFO | vit_model.base_model.model.blocks.20.norm1.weight | 1024       | [FROZEN]
2026-06-24 23:24:10,807 | INFO | vit_model.base_model.model.blocks.20.norm1.bias | 1024       | [FROZEN]
2026-06-24 23:24:10,807 | INFO | vit_model.base_model.model.blocks.20.attn.qkv.base_layer.weight | 3145728    | [FROZEN]
2026-06-24 23:24:10,807 | INFO | vit_model.base_model.model.blocks.20.attn.qkv.base_layer.bias | 3072       | [FROZEN]
2026-06-24 23:24:10,807 | INFO | vit_model.base_model.model.blocks.20.attn.qkv.lora_A.default.weight | 8192       | [TRAINABLE]
2026-06-24 23:24:10,807 | INFO | vit_model.base_model.model.blocks.20.attn.qkv.lora_B.default.weight | 24576      | [TRAINABLE]
2026-06-24 23:24:10,807 | INFO | vit_model.base_model.model.blocks.20.attn.proj.weight | 1048576    | [FROZEN]
2026-06-24 23:24:10,807 | INFO | vit_model.base_model.model.blocks.20.attn.proj.bias | 1024       | [FROZEN]
2026-06-24 23:24:10,807 | INFO | vit_model.base_model.model.blocks.20.ls1.gamma | 1024       | [FROZEN]
2026-06-24 23:24:10,807 | INFO | vit_model.base_model.model.blocks.20.norm2.weight | 1024       | [FROZEN]
2026-06-24 23:24:10,807 | INFO | vit_model.base_model.model.blocks.20.norm2.bias | 1024       | [FROZEN]
2026-06-24 23:24:10,807 | INFO | vit_model.base_model.model.blocks.20.mlp.fc1.weight | 4194304    | [FROZEN]
2026-06-24 23:24:10,807 | INFO | vit_model.base_model.model.blocks.20.mlp.fc1.bias | 4096       | [FROZEN]
2026-06-24 23:24:10,807 | INFO | vit_model.base_model.model.blocks.20.mlp.fc2.weight | 4194304    | [FROZEN]
2026-06-24 23:24:10,807 | INFO | vit_model.base_model.model.blocks.20.mlp.fc2.bias | 1024       | [FROZEN]
2026-06-24 23:24:10,807 | INFO | vit_model.base_model.model.blocks.20.ls2.gamma | 1024       | [FROZEN]
2026-06-24 23:24:10,807 | INFO | vit_model.base_model.model.blocks.21.norm1.weight | 1024       | [FROZEN]
2026-06-24 23:24:10,807 | INFO | vit_model.base_model.model.blocks.21.norm1.bias | 1024       | [FROZEN]
2026-06-24 23:24:10,807 | INFO | vit_model.base_model.model.blocks.21.attn.qkv.base_layer.weight | 3145728    | [FROZEN]
2026-06-24 23:24:10,807 | INFO | vit_model.base_model.model.blocks.21.attn.qkv.base_layer.bias | 3072       | [FROZEN]
2026-06-24 23:24:10,808 | INFO | vit_model.base_model.model.blocks.21.attn.qkv.lora_A.default.weight | 8192       | [TRAINABLE]
2026-06-24 23:24:10,808 | INFO | vit_model.base_model.model.blocks.21.attn.qkv.lora_B.default.weight | 24576      | [TRAINABLE]
2026-06-24 23:24:10,808 | INFO | vit_model.base_model.model.blocks.21.attn.proj.weight | 1048576    | [FROZEN]
2026-06-24 23:24:10,808 | INFO | vit_model.base_model.model.blocks.21.attn.proj.bias | 1024       | [FROZEN]
2026-06-24 23:24:10,808 | INFO | vit_model.base_model.model.blocks.21.ls1.gamma | 1024       | [FROZEN]
2026-06-24 23:24:10,808 | INFO | vit_model.base_model.model.blocks.21.norm2.weight | 1024       | [FROZEN]
2026-06-24 23:24:10,808 | INFO | vit_model.base_model.model.blocks.21.norm2.bias | 1024       | [FROZEN]
2026-06-24 23:24:10,808 | INFO | vit_model.base_model.model.blocks.21.mlp.fc1.weight | 4194304    | [FROZEN]
2026-06-24 23:24:10,808 | INFO | vit_model.base_model.model.blocks.21.mlp.fc1.bias | 4096       | [FROZEN]
2026-06-24 23:24:10,808 | INFO | vit_model.base_model.model.blocks.21.mlp.fc2.weight | 4194304    | [FROZEN]
2026-06-24 23:24:10,808 | INFO | vit_model.base_model.model.blocks.21.mlp.fc2.bias | 1024       | [FROZEN]
2026-06-24 23:24:10,808 | INFO | vit_model.base_model.model.blocks.21.ls2.gamma | 1024       | [FROZEN]
2026-06-24 23:24:10,808 | INFO | vit_model.base_model.model.blocks.22.norm1.weight | 1024       | [FROZEN]
2026-06-24 23:24:10,808 | INFO | vit_model.base_model.model.blocks.22.norm1.bias | 1024       | [FROZEN]
2026-06-24 23:24:10,808 | INFO | vit_model.base_model.model.blocks.22.attn.qkv.base_layer.weight | 3145728    | [FROZEN]
2026-06-24 23:24:10,808 | INFO | vit_model.base_model.model.blocks.22.attn.qkv.base_layer.bias | 3072       | [FROZEN]
2026-06-24 23:24:10,808 | INFO | vit_model.base_model.model.blocks.22.attn.qkv.lora_A.default.weight | 8192       | [TRAINABLE]
2026-06-24 23:24:10,808 | INFO | vit_model.base_model.model.blocks.22.attn.qkv.lora_B.default.weight | 24576      | [TRAINABLE]
2026-06-24 23:24:10,808 | INFO | vit_model.base_model.model.blocks.22.attn.proj.weight | 1048576    | [FROZEN]
2026-06-24 23:24:10,808 | INFO | vit_model.base_model.model.blocks.22.attn.proj.bias | 1024       | [FROZEN]
2026-06-24 23:24:10,808 | INFO | vit_model.base_model.model.blocks.22.ls1.gamma | 1024       | [FROZEN]
2026-06-24 23:24:10,808 | INFO | vit_model.base_model.model.blocks.22.norm2.weight | 1024       | [FROZEN]
2026-06-24 23:24:10,808 | INFO | vit_model.base_model.model.blocks.22.norm2.bias | 1024       | [FROZEN]
2026-06-24 23:24:10,808 | INFO | vit_model.base_model.model.blocks.22.mlp.fc1.weight | 4194304    | [FROZEN]
2026-06-24 23:24:10,808 | INFO | vit_model.base_model.model.blocks.22.mlp.fc1.bias | 4096       | [FROZEN]
2026-06-24 23:24:10,808 | INFO | vit_model.base_model.model.blocks.22.mlp.fc2.weight | 4194304    | [FROZEN]
2026-06-24 23:24:10,808 | INFO | vit_model.base_model.model.blocks.22.mlp.fc2.bias | 1024       | [FROZEN]
2026-06-24 23:24:10,808 | INFO | vit_model.base_model.model.blocks.22.ls2.gamma | 1024       | [FROZEN]
2026-06-24 23:24:10,808 | INFO | vit_model.base_model.model.blocks.23.norm1.weight | 1024       | [FROZEN]
2026-06-24 23:24:10,808 | INFO | vit_model.base_model.model.blocks.23.norm1.bias | 1024       | [FROZEN]
2026-06-24 23:24:10,808 | INFO | vit_model.base_model.model.blocks.23.attn.qkv.base_layer.weight | 3145728    | [FROZEN]
2026-06-24 23:24:10,808 | INFO | vit_model.base_model.model.blocks.23.attn.qkv.base_layer.bias | 3072       | [FROZEN]
2026-06-24 23:24:10,808 | INFO | vit_model.base_model.model.blocks.23.attn.qkv.lora_A.default.weight | 8192       | [TRAINABLE]
2026-06-24 23:24:10,808 | INFO | vit_model.base_model.model.blocks.23.attn.qkv.lora_B.default.weight | 24576      | [TRAINABLE]
2026-06-24 23:24:10,808 | INFO | vit_model.base_model.model.blocks.23.attn.proj.weight | 1048576    | [FROZEN]
2026-06-24 23:24:10,808 | INFO | vit_model.base_model.model.blocks.23.attn.proj.bias | 1024       | [FROZEN]
2026-06-24 23:24:10,808 | INFO | vit_model.base_model.model.blocks.23.ls1.gamma | 1024       | [FROZEN]
2026-06-24 23:24:10,808 | INFO | vit_model.base_model.model.blocks.23.norm2.weight | 1024       | [FROZEN]
2026-06-24 23:24:10,808 | INFO | vit_model.base_model.model.blocks.23.norm2.bias | 1024       | [FROZEN]
2026-06-24 23:24:10,808 | INFO | vit_model.base_model.model.blocks.23.mlp.fc1.weight | 4194304    | [FROZEN]
2026-06-24 23:24:10,808 | INFO | vit_model.base_model.model.blocks.23.mlp.fc1.bias | 4096       | [FROZEN]
2026-06-24 23:24:10,808 | INFO | vit_model.base_model.model.blocks.23.mlp.fc2.weight | 4194304    | [FROZEN]
2026-06-24 23:24:10,808 | INFO | vit_model.base_model.model.blocks.23.mlp.fc2.bias | 1024       | [FROZEN]
2026-06-24 23:24:10,808 | INFO | vit_model.base_model.model.blocks.23.ls2.gamma | 1024       | [FROZEN]
2026-06-24 23:24:10,808 | INFO | vit_model.base_model.model.norm.weight   | 1024       | [FROZEN]
2026-06-24 23:24:10,808 | INFO | vit_model.base_model.model.norm.bias     | 1024       | [FROZEN]
2026-06-24 23:24:10,808 | INFO | mil_model.w_map.0.weight                 | 1024       | [TRAINABLE]
2026-06-24 23:24:10,808 | INFO | mil_model.v_map.0.weight                 | 1048576    | [TRAINABLE]
2026-06-24 23:24:10,808 | INFO | concept_heads.0.weight                   | 4096       | [TRAINABLE]
2026-06-24 23:24:10,808 | INFO | concept_heads.0.bias                     | 4          | [TRAINABLE]
2026-06-24 23:24:10,808 | INFO | concept_heads.1.weight                   | 3072       | [TRAINABLE]
2026-06-24 23:24:10,808 | INFO | concept_heads.1.bias                     | 3          | [TRAINABLE]
2026-06-24 23:24:10,808 | INFO | concept_heads.2.weight                   | 3072       | [TRAINABLE]
2026-06-24 23:24:10,808 | INFO | concept_heads.2.bias                     | 3          | [TRAINABLE]
2026-06-24 23:24:10,808 | INFO | task_model.weight                        | 10         | [TRAINABLE]
2026-06-24 23:24:10,808 | INFO | task_model.bias                          | 1          | [TRAINABLE]
2026-06-24 23:24:10,809 | INFO | Total parameters (incl unnamed): 305.1971M
2026-06-24 23:24:10,809 | INFO | Total named parameters: 305.1971M
2026-06-24 23:24:10,809 | INFO | Trainable parameters: 1.8463M
2026-06-24 23:24:10,809 | INFO | ======== starting epoch 1 ========
2026-06-24 23:24:10,809 | INFO | epoch 1 LR at start of epoch: vit = 0.000000
2026-06-24 23:24:10,809 | INFO | epoch 1 LR at start of epoch: head = 0.010000
2026-06-24 23:24:10,809 | INFO | [VALIDATION STEP]
2026-06-24 23:24:26,079 | INFO | [epoch 1 | val | batch 0 start] allocated=2955.9MB | reserved=31856.0MB | peak=12411.9MB
2026-06-24 23:26:11,996 | INFO | [epoch 1 | val | batch 10 start] allocated=2955.9MB | reserved=31856.0MB | peak=12411.9MB
2026-06-24 23:26:23,241 | INFO | epoch 1 val loss (mean of batches): 1.46
2026-06-24 23:26:23,241 | INFO | epoch 1 val loss history: [1.4620000123977661]
2026-06-24 23:26:23,241 | INFO | epoch 1 val c-index (total sample): 0.55
2026-06-24 23:26:23,242 | INFO | epoch 1 val c-index history: [0.55]
2026-06-24 23:26:23,244 | INFO | [TRAINING STEP]
2026-06-24 23:26:33,206 | INFO | [epoch 1 | train | batch 0 start] allocated=2367.9MB | reserved=31856.0MB | peak=12411.9MB
2026-06-24 23:26:34,938 | INFO |     task_logits from  -0.028564453125 to 0.8515625
2026-06-24 23:27:29,812 | INFO | [epoch 1 | train | batch 10 start] allocated=2389.0MB | reserved=31856.0MB | peak=30391.5MB
2026-06-24 23:28:26,537 | INFO | [epoch 1 | train | batch 20 start] allocated=2389.0MB | reserved=31856.0MB | peak=30391.5MB
2026-06-24 23:29:23,253 | INFO | [epoch 1 | train | batch 30 start] allocated=2389.0MB | reserved=31856.0MB | peak=30391.5MB
2026-06-24 23:30:19,978 | INFO | [epoch 1 | train | batch 40 start] allocated=2389.0MB | reserved=31856.0MB | peak=30391.5MB
2026-06-24 23:30:53,990 | INFO | epoch 1 train total loss: 1.80
2026-06-24 23:30:53,990 | INFO | epoch 1 train concept loss: 1.52
2026-06-24 23:30:53,990 | INFO | epoch 1 train task loss: 0.28
2026-06-24 23:30:53,990 | INFO | epoch 1 train total loss history: [1.7990000247955322]
2026-06-24 23:30:53,990 | INFO | epoch 1 train concept loss history: [1.5240000486373901]
2026-06-24 23:30:53,990 | INFO | epoch 1 train task loss history: [0.2750000059604645]
2026-06-24 23:30:53,990 | INFO | epoch 1 complete
2026-06-24 23:30:53,990 | INFO | ======== starting epoch 2 ========
2026-06-24 23:30:53,990 | INFO | epoch 2 LR at start of epoch: vit = 0.000000
2026-06-24 23:30:53,990 | INFO | epoch 2 LR at start of epoch: head = 0.009755
2026-06-24 23:30:53,990 | INFO | [VALIDATION STEP]
2026-06-24 23:31:07,640 | INFO | [epoch 2 | val | batch 0 start] allocated=2977.0MB | reserved=31856.0MB | peak=30391.5MB
2026-06-24 23:32:54,818 | INFO | [epoch 2 | val | batch 10 start] allocated=2977.0MB | reserved=31856.0MB | peak=30391.5MB
2026-06-24 23:33:06,111 | INFO | epoch 2 val loss (mean of batches): 1.59
2026-06-24 23:33:06,111 | INFO | epoch 2 val loss history: [1.4620000123977661, 1.590000033378601]
2026-06-24 23:33:06,111 | INFO | epoch 2 val c-index (total sample): 0.55
2026-06-24 23:33:06,111 | INFO | epoch 2 val c-index history: [0.55, 0.554]
2026-06-24 23:33:06,113 | INFO | [TRAINING STEP]
2026-06-24 23:33:15,178 | INFO | [epoch 2 | train | batch 0 start] allocated=2389.0MB | reserved=31856.0MB | peak=30391.5MB
2026-06-24 23:33:16,905 | INFO |     task_logits from  -0.361328125 to 3.109375
2026-06-24 23:34:11,934 | INFO | [epoch 2 | train | batch 10 start] allocated=2389.0MB | reserved=31856.0MB | peak=30391.5MB
2026-06-24 23:35:08,636 | INFO | [epoch 2 | train | batch 20 start] allocated=2389.0MB | reserved=31856.0MB | peak=30391.5MB
2026-06-24 23:36:05,414 | INFO | [epoch 2 | train | batch 30 start] allocated=2389.0MB | reserved=31856.0MB | peak=30391.5MB
2026-06-24 23:37:02,242 | INFO | [epoch 2 | train | batch 40 start] allocated=2389.0MB | reserved=31856.0MB | peak=30391.5MB
2026-06-24 23:37:36,240 | INFO | epoch 2 train total loss: 1.32
2026-06-24 23:37:36,240 | INFO | epoch 2 train concept loss: 1.12
2026-06-24 23:37:36,240 | INFO | epoch 2 train task loss: 0.20
2026-06-24 23:37:36,241 | INFO | epoch 2 train total loss history: [1.7990000247955322, 1.315000057220459]
2026-06-24 23:37:36,241 | INFO | epoch 2 train concept loss history: [1.5240000486373901, 1.1169999837875366]
2026-06-24 23:37:36,241 | INFO | epoch 2 train task loss history: [0.2750000059604645, 0.1979999989271164]
2026-06-24 23:37:36,241 | INFO | epoch 2 complete
2026-06-24 23:37:36,241 | INFO | ======== starting epoch 3 ========
2026-06-24 23:37:36,241 | INFO | epoch 3 LR at start of epoch: vit = 0.000000
2026-06-24 23:37:36,241 | INFO | epoch 3 LR at start of epoch: head = 0.009045
2026-06-24 23:37:36,241 | INFO | [VALIDATION STEP]
2026-06-24 23:37:50,172 | INFO | [epoch 3 | val | batch 0 start] allocated=2977.0MB | reserved=31856.0MB | peak=30391.5MB
2026-06-24 23:39:36,535 | INFO | [epoch 3 | val | batch 10 start] allocated=2977.0MB | reserved=31856.0MB | peak=30391.5MB
2026-06-24 23:39:47,807 | INFO | epoch 3 val loss (mean of batches): 1.51
2026-06-24 23:39:47,807 | INFO | epoch 3 val loss history: [1.4620000123977661, 1.590000033378601, 1.5130000114440918]
2026-06-24 23:39:47,807 | INFO | epoch 3 val c-index (total sample): 0.61
2026-06-24 23:39:47,807 | INFO | epoch 3 val c-index history: [0.55, 0.554, 0.606]
2026-06-24 23:39:47,809 | INFO | [TRAINING STEP]
2026-06-24 23:39:57,560 | INFO | [epoch 3 | train | batch 0 start] allocated=2389.0MB | reserved=31856.0MB | peak=30391.5MB
2026-06-24 23:39:59,289 | INFO |     task_logits from  -1.984375 to 0.62890625
2026-06-24 23:40:54,235 | INFO | [epoch 3 | train | batch 10 start] allocated=2389.0MB | reserved=31856.0MB | peak=30391.5MB
2026-06-24 23:41:50,947 | INFO | [epoch 3 | train | batch 20 start] allocated=2389.0MB | reserved=31856.0MB | peak=30391.5MB
2026-06-24 23:42:47,716 | INFO | [epoch 3 | train | batch 30 start] allocated=2389.0MB | reserved=31856.0MB | peak=30391.5MB
2026-06-24 23:43:44,478 | INFO | [epoch 3 | train | batch 40 start] allocated=2389.0MB | reserved=31856.0MB | peak=30391.5MB
2026-06-24 23:44:18,462 | INFO | epoch 3 train total loss: 1.28
2026-06-24 23:44:18,462 | INFO | epoch 3 train concept loss: 1.10
2026-06-24 23:44:18,462 | INFO | epoch 3 train task loss: 0.18
2026-06-24 23:44:18,462 | INFO | epoch 3 train total loss history: [1.7990000247955322, 1.315000057220459, 1.2829999923706055]
2026-06-24 23:44:18,462 | INFO | epoch 3 train concept loss history: [1.5240000486373901, 1.1169999837875366, 1.0989999771118164]
2026-06-24 23:44:18,462 | INFO | epoch 3 train task loss history: [0.2750000059604645, 0.1979999989271164, 0.18299999833106995]
2026-06-24 23:44:18,462 | INFO | epoch 3 complete
2026-06-24 23:44:18,462 | INFO | ======== starting epoch 4 ========
2026-06-24 23:44:18,462 | INFO | epoch 4 LR at start of epoch: vit = 0.000000
2026-06-24 23:44:18,462 | INFO | epoch 4 LR at start of epoch: head = 0.007939
2026-06-24 23:44:18,462 | INFO | [VALIDATION STEP]
2026-06-24 23:44:32,550 | INFO | [epoch 4 | val | batch 0 start] allocated=2977.0MB | reserved=31856.0MB | peak=30391.5MB
2026-06-24 23:46:19,296 | INFO | [epoch 4 | val | batch 10 start] allocated=2977.0MB | reserved=31856.0MB | peak=30391.5MB
2026-06-24 23:46:30,626 | INFO | epoch 4 val loss (mean of batches): 1.61
2026-06-24 23:46:30,626 | INFO | epoch 4 val loss history: [1.4620000123977661, 1.590000033378601, 1.5130000114440918, 1.6100000143051147]
2026-06-24 23:46:30,626 | INFO | epoch 4 val c-index (total sample): 0.65
2026-06-24 23:46:30,626 | INFO | epoch 4 val c-index history: [0.55, 0.554, 0.606, 0.653]
2026-06-24 23:46:30,629 | INFO | [TRAINING STEP]
2026-06-24 23:46:41,235 | INFO | [epoch 4 | train | batch 0 start] allocated=2389.0MB | reserved=31856.0MB | peak=30391.5MB
2026-06-24 23:46:42,963 | INFO |     task_logits from  -1.296875 to 4.9375
2026-06-24 23:47:37,944 | INFO | [epoch 4 | train | batch 10 start] allocated=2389.0MB | reserved=31856.0MB | peak=30391.5MB
2026-06-24 23:48:34,647 | INFO | [epoch 4 | train | batch 20 start] allocated=2389.0MB | reserved=31856.0MB | peak=30391.5MB
2026-06-24 23:49:31,379 | INFO | [epoch 4 | train | batch 30 start] allocated=2389.0MB | reserved=31856.0MB | peak=30391.5MB
2026-06-24 23:50:28,115 | INFO | [epoch 4 | train | batch 40 start] allocated=2389.0MB | reserved=31856.0MB | peak=30391.5MB
2026-06-24 23:51:02,131 | INFO | epoch 4 train total loss: 1.09
2026-06-24 23:51:02,131 | INFO | epoch 4 train concept loss: 0.93
2026-06-24 23:51:02,131 | INFO | epoch 4 train task loss: 0.16
2026-06-24 23:51:02,131 | INFO | epoch 4 train total loss history: [1.7990000247955322, 1.315000057220459, 1.2829999923706055, 1.0880000591278076]
2026-06-24 23:51:02,131 | INFO | epoch 4 train concept loss history: [1.5240000486373901, 1.1169999837875366, 1.0989999771118164, 0.9300000071525574]
2026-06-24 23:51:02,131 | INFO | epoch 4 train task loss history: [0.2750000059604645, 0.1979999989271164, 0.18299999833106995, 0.15800000727176666]
2026-06-24 23:51:02,131 | INFO | epoch 4 complete
2026-06-24 23:51:02,131 | INFO | ======== starting epoch 5 ========
2026-06-24 23:51:02,131 | INFO | epoch 5 LR at start of epoch: vit = 0.000000
2026-06-24 23:51:02,131 | INFO | epoch 5 LR at start of epoch: head = 0.006545
2026-06-24 23:51:02,131 | INFO | [VALIDATION STEP]
2026-06-24 23:51:16,562 | INFO | [epoch 5 | val | batch 0 start] allocated=2977.0MB | reserved=31856.0MB | peak=30391.5MB
2026-06-24 23:53:02,831 | INFO | [epoch 5 | val | batch 10 start] allocated=2977.0MB | reserved=31856.0MB | peak=30391.5MB
2026-06-24 23:53:14,054 | INFO | epoch 5 val loss (mean of batches): 1.44
2026-06-24 23:53:14,054 | INFO | epoch 5 val loss history: [1.4620000123977661, 1.590000033378601, 1.5130000114440918, 1.6100000143051147, 1.437000036239624]
2026-06-24 23:53:14,054 | INFO | epoch 5 val c-index (total sample): 0.58
2026-06-24 23:53:14,054 | INFO | epoch 5 val c-index history: [0.55, 0.554, 0.606, 0.653, 0.584]
2026-06-24 23:53:14,056 | INFO | [TRAINING STEP]
2026-06-24 23:53:23,907 | INFO | [epoch 5 | train | batch 0 start] allocated=2389.0MB | reserved=31856.0MB | peak=30391.5MB
2026-06-24 23:53:25,629 | INFO |     task_logits from  -1.03125 to 3.859375
2026-06-24 23:54:20,512 | INFO | [epoch 5 | train | batch 10 start] allocated=2389.0MB | reserved=31856.0MB | peak=30391.5MB
2026-06-24 23:55:18,496 | INFO | [epoch 5 | train | batch 20 start] allocated=2389.0MB | reserved=31856.0MB | peak=30391.5MB
2026-06-24 23:56:15,208 | INFO | [epoch 5 | train | batch 30 start] allocated=2389.0MB | reserved=31856.0MB | peak=30391.5MB
2026-06-24 23:57:11,923 | INFO | [epoch 5 | train | batch 40 start] allocated=2389.0MB | reserved=31856.0MB | peak=30391.5MB
2026-06-24 23:57:45,932 | INFO | epoch 5 train total loss: 0.94
2026-06-24 23:57:45,932 | INFO | epoch 5 train concept loss: 0.79
2026-06-24 23:57:45,932 | INFO | epoch 5 train task loss: 0.15
2026-06-24 23:57:45,932 | INFO | epoch 5 train total loss history: [1.7990000247955322, 1.315000057220459, 1.2829999923706055, 1.0880000591278076, 0.9430000185966492]
2026-06-24 23:57:45,932 | INFO | epoch 5 train concept loss history: [1.5240000486373901, 1.1169999837875366, 1.0989999771118164, 0.9300000071525574, 0.7919999957084656]
2026-06-24 23:57:45,932 | INFO | epoch 5 train task loss history: [0.2750000059604645, 0.1979999989271164, 0.18299999833106995, 0.15800000727176666, 0.15199999511241913]
2026-06-24 23:57:45,933 | INFO | epoch 5 complete
2026-06-24 23:57:45,933 | INFO | ======== starting epoch 6 ========
2026-06-24 23:57:45,933 | INFO | epoch 6 LR at start of epoch: vit = 0.000000
2026-06-24 23:57:45,933 | INFO | epoch 6 LR at start of epoch: head = 0.005000
2026-06-24 23:57:45,933 | INFO | [VALIDATION STEP]
2026-06-24 23:58:00,393 | INFO | [epoch 6 | val | batch 0 start] allocated=2977.0MB | reserved=31856.0MB | peak=30391.5MB
2026-06-24 23:59:46,745 | INFO | [epoch 6 | val | batch 10 start] allocated=2977.0MB | reserved=31856.0MB | peak=30391.5MB
2026-06-24 23:59:58,017 | INFO | epoch 6 val loss (mean of batches): 1.39
2026-06-24 23:59:58,017 | INFO | epoch 6 val loss history: [1.4620000123977661, 1.590000033378601, 1.5130000114440918, 1.6100000143051147, 1.437000036239624, 1.3940000534057617]
2026-06-24 23:59:58,017 | INFO | epoch 6 val c-index (total sample): 0.54
2026-06-24 23:59:58,017 | INFO | epoch 6 val c-index history: [0.55, 0.554, 0.606, 0.653, 0.584, 0.544]
2026-06-24 23:59:58,020 | INFO | [TRAINING STEP]
2026-06-25 00:00:07,344 | INFO | [epoch 6 | train | batch 0 start] allocated=2389.0MB | reserved=31856.0MB | peak=30391.5MB
2026-06-25 00:00:09,072 | INFO |     task_logits from  -2.171875 to 5.03125
2026-06-25 00:01:04,141 | INFO | [epoch 6 | train | batch 10 start] allocated=2389.0MB | reserved=31856.0MB | peak=30391.5MB
2026-06-25 00:02:00,808 | INFO | [epoch 6 | train | batch 20 start] allocated=2389.0MB | reserved=31856.0MB | peak=30391.5MB
2026-06-25 00:02:57,540 | INFO | [epoch 6 | train | batch 30 start] allocated=2389.0MB | reserved=31856.0MB | peak=30391.5MB
2026-06-25 00:03:54,280 | INFO | [epoch 6 | train | batch 40 start] allocated=2389.0MB | reserved=31856.0MB | peak=30391.5MB
2026-06-25 00:04:28,278 | INFO | epoch 6 train total loss: 0.76
2026-06-25 00:04:28,278 | INFO | epoch 6 train concept loss: 0.63
2026-06-25 00:04:28,278 | INFO | epoch 6 train task loss: 0.12
2026-06-25 00:04:28,278 | INFO | epoch 6 train total loss history: [1.7990000247955322, 1.315000057220459, 1.2829999923706055, 1.0880000591278076, 0.9430000185966492, 0.7559999823570251]
2026-06-25 00:04:28,279 | INFO | epoch 6 train concept loss history: [1.5240000486373901, 1.1169999837875366, 1.0989999771118164, 0.9300000071525574, 0.7919999957084656, 0.6320000290870667]
2026-06-25 00:04:28,279 | INFO | epoch 6 train task loss history: [0.2750000059604645, 0.1979999989271164, 0.18299999833106995, 0.15800000727176666, 0.15199999511241913, 0.125]
2026-06-25 00:04:28,279 | INFO | epoch 6 complete
2026-06-25 00:04:28,279 | INFO | ======== starting epoch 7 ========
2026-06-25 00:04:28,279 | INFO | epoch 7 LR at start of epoch: vit = 0.000000
2026-06-25 00:04:28,279 | INFO | epoch 7 LR at start of epoch: head = 0.003455
2026-06-25 00:04:28,279 | INFO | [VALIDATION STEP]
2026-06-25 00:04:42,649 | INFO | [epoch 7 | val | batch 0 start] allocated=2977.0MB | reserved=31856.0MB | peak=30391.5MB
2026-06-25 00:06:29,218 | INFO | [epoch 7 | val | batch 10 start] allocated=2977.0MB | reserved=31856.0MB | peak=30391.5MB
2026-06-25 00:06:40,505 | INFO | epoch 7 val loss (mean of batches): 1.31
2026-06-25 00:06:40,505 | INFO | epoch 7 val loss history: [1.4620000123977661, 1.590000033378601, 1.5130000114440918, 1.6100000143051147, 1.437000036239624, 1.3940000534057617, 1.3079999685287476]
2026-06-25 00:06:40,505 | INFO | epoch 7 val c-index (total sample): 0.64
2026-06-25 00:06:40,505 | INFO | epoch 7 val c-index history: [0.55, 0.554, 0.606, 0.653, 0.584, 0.544, 0.638]
2026-06-25 00:06:40,507 | INFO | [TRAINING STEP]
2026-06-25 00:06:52,066 | INFO | [epoch 7 | train | batch 0 start] allocated=2389.0MB | reserved=31856.0MB | peak=30391.5MB
2026-06-25 00:06:53,794 | INFO |     task_logits from  -1.6328125 to 4.125
2026-06-25 00:07:50,123 | INFO | [epoch 7 | train | batch 10 start] allocated=2389.0MB | reserved=31856.0MB | peak=30391.5MB
2026-06-25 00:08:46,840 | INFO | [epoch 7 | train | batch 20 start] allocated=2389.0MB | reserved=31856.0MB | peak=30391.5MB
2026-06-25 00:09:43,531 | INFO | [epoch 7 | train | batch 30 start] allocated=2389.0MB | reserved=31856.0MB | peak=30391.5MB
2026-06-25 00:10:40,262 | INFO | [epoch 7 | train | batch 40 start] allocated=2389.0MB | reserved=31856.0MB | peak=30391.5MB
2026-06-25 00:11:14,259 | INFO | epoch 7 train total loss: 0.63
2026-06-25 00:11:14,259 | INFO | epoch 7 train concept loss: 0.51
2026-06-25 00:11:14,259 | INFO | epoch 7 train task loss: 0.12
2026-06-25 00:11:14,259 | INFO | epoch 7 train total loss history: [1.7990000247955322, 1.315000057220459, 1.2829999923706055, 1.0880000591278076, 0.9430000185966492, 0.7559999823570251, 0.6299999952316284]
2026-06-25 00:11:14,259 | INFO | epoch 7 train concept loss history: [1.5240000486373901, 1.1169999837875366, 1.0989999771118164, 0.9300000071525574, 0.7919999957084656, 0.6320000290870667, 0.5099999904632568]
2026-06-25 00:11:14,259 | INFO | epoch 7 train task loss history: [0.2750000059604645, 0.1979999989271164, 0.18299999833106995, 0.15800000727176666, 0.15199999511241913, 0.125, 0.11900000274181366]
2026-06-25 00:11:14,259 | INFO | epoch 7 complete
2026-06-25 00:11:14,260 | INFO | ======== starting epoch 8 ========
2026-06-25 00:11:14,260 | INFO | epoch 8 LR at start of epoch: vit = 0.000000
2026-06-25 00:11:14,260 | INFO | epoch 8 LR at start of epoch: head = 0.002061
2026-06-25 00:11:14,260 | INFO | [VALIDATION STEP]
2026-06-25 00:11:28,743 | INFO | [epoch 8 | val | batch 0 start] allocated=2977.0MB | reserved=31856.0MB | peak=30391.5MB
2026-06-25 00:13:15,479 | INFO | [epoch 8 | val | batch 10 start] allocated=2977.0MB | reserved=31856.0MB | peak=30391.5MB
2026-06-25 00:13:26,809 | INFO | epoch 8 val loss (mean of batches): 1.33
2026-06-25 00:13:26,809 | INFO | epoch 8 val loss history: [1.4620000123977661, 1.590000033378601, 1.5130000114440918, 1.6100000143051147, 1.437000036239624, 1.3940000534057617, 1.3079999685287476, 1.3300000429153442]
2026-06-25 00:13:26,809 | INFO | epoch 8 val c-index (total sample): 0.63
2026-06-25 00:13:26,809 | INFO | epoch 8 val c-index history: [0.55, 0.554, 0.606, 0.653, 0.584, 0.544, 0.638, 0.631]
2026-06-25 00:13:26,811 | INFO | [TRAINING STEP]
2026-06-25 00:13:37,739 | INFO | [epoch 8 | train | batch 0 start] allocated=2389.0MB | reserved=31856.0MB | peak=30391.5MB
2026-06-25 00:13:39,468 | INFO |     task_logits from  -1.7890625 to 2.5625
2026-06-25 00:14:34,447 | INFO | [epoch 8 | train | batch 10 start] allocated=2389.0MB | reserved=31856.0MB | peak=30391.5MB
2026-06-25 00:15:31,169 | INFO | [epoch 8 | train | batch 20 start] allocated=2389.0MB | reserved=31856.0MB | peak=30391.5MB
2026-06-25 00:16:27,938 | INFO | [epoch 8 | train | batch 30 start] allocated=2389.0MB | reserved=31856.0MB | peak=30391.5MB
2026-06-25 00:17:24,672 | INFO | [epoch 8 | train | batch 40 start] allocated=2389.0MB | reserved=31856.0MB | peak=30391.5MB
2026-06-25 00:17:58,678 | INFO | epoch 8 train total loss: 0.53
2026-06-25 00:17:58,678 | INFO | epoch 8 train concept loss: 0.42
2026-06-25 00:17:58,678 | INFO | epoch 8 train task loss: 0.11
2026-06-25 00:17:58,678 | INFO | epoch 8 train total loss history: [1.7990000247955322, 1.315000057220459, 1.2829999923706055, 1.0880000591278076, 0.9430000185966492, 0.7559999823570251, 0.6299999952316284, 0.527999997138977]
2026-06-25 00:17:58,678 | INFO | epoch 8 train concept loss history: [1.5240000486373901, 1.1169999837875366, 1.0989999771118164, 0.9300000071525574, 0.7919999957084656, 0.6320000290870667, 0.5099999904632568, 0.42100000381469727]
2026-06-25 00:17:58,678 | INFO | epoch 8 train task loss history: [0.2750000059604645, 0.1979999989271164, 0.18299999833106995, 0.15800000727176666, 0.15199999511241913, 0.125, 0.11900000274181366, 0.10700000077486038]
2026-06-25 00:17:58,678 | INFO | epoch 8 complete
2026-06-25 00:17:58,678 | INFO | ======== starting epoch 9 ========
2026-06-25 00:17:58,679 | INFO | epoch 9 LR at start of epoch: vit = 0.000000
2026-06-25 00:17:58,679 | INFO | epoch 9 LR at start of epoch: head = 0.000955
2026-06-25 00:17:58,679 | INFO | [VALIDATION STEP]
2026-06-25 00:18:12,702 | INFO | [epoch 9 | val | batch 0 start] allocated=2977.0MB | reserved=31856.0MB | peak=30391.5MB
2026-06-25 00:19:58,946 | INFO | [epoch 9 | val | batch 10 start] allocated=2977.0MB | reserved=31856.0MB | peak=30391.5MB
2026-06-25 00:20:10,194 | INFO | epoch 9 val loss (mean of batches): 1.29
2026-06-25 00:20:10,194 | INFO | epoch 9 val loss history: [1.4620000123977661, 1.590000033378601, 1.5130000114440918, 1.6100000143051147, 1.437000036239624, 1.3940000534057617, 1.3079999685287476, 1.3300000429153442, 1.2879999876022339]
2026-06-25 00:20:10,194 | INFO | epoch 9 val c-index (total sample): 0.61
2026-06-25 00:20:10,194 | INFO | epoch 9 val c-index history: [0.55, 0.554, 0.606, 0.653, 0.584, 0.544, 0.638, 0.631, 0.612]
2026-06-25 00:20:10,197 | INFO | [TRAINING STEP]
2026-06-25 00:20:19,808 | INFO | [epoch 9 | train | batch 0 start] allocated=2389.0MB | reserved=31856.0MB | peak=30391.5MB
2026-06-25 00:20:21,531 | INFO |     task_logits from  -3.671875 to 3.421875
2026-06-25 00:21:16,685 | INFO | [epoch 9 | train | batch 10 start] allocated=2389.0MB | reserved=31856.0MB | peak=30391.5MB
2026-06-25 00:22:13,482 | INFO | [epoch 9 | train | batch 20 start] allocated=2389.0MB | reserved=31856.0MB | peak=30391.5MB
2026-06-25 00:23:10,289 | INFO | [epoch 9 | train | batch 30 start] allocated=2389.0MB | reserved=31856.0MB | peak=30391.5MB
2026-06-25 00:24:07,062 | INFO | [epoch 9 | train | batch 40 start] allocated=2389.0MB | reserved=31856.0MB | peak=30391.5MB
2026-06-25 00:24:41,062 | INFO | epoch 9 train total loss: 0.47
2026-06-25 00:24:41,062 | INFO | epoch 9 train concept loss: 0.39
2026-06-25 00:24:41,062 | INFO | epoch 9 train task loss: 0.08
2026-06-25 00:24:41,062 | INFO | epoch 9 train total loss history: [1.7990000247955322, 1.315000057220459, 1.2829999923706055, 1.0880000591278076, 0.9430000185966492, 0.7559999823570251, 0.6299999952316284, 0.527999997138977, 0.47200000286102295]
2026-06-25 00:24:41,062 | INFO | epoch 9 train concept loss history: [1.5240000486373901, 1.1169999837875366, 1.0989999771118164, 0.9300000071525574, 0.7919999957084656, 0.6320000290870667, 0.5099999904632568, 0.42100000381469727, 0.3880000114440918]
2026-06-25 00:24:41,062 | INFO | epoch 9 train task loss history: [0.2750000059604645, 0.1979999989271164, 0.18299999833106995, 0.15800000727176666, 0.15199999511241913, 0.125, 0.11900000274181366, 0.10700000077486038, 0.08399999886751175]
2026-06-25 00:24:41,062 | INFO | epoch 9 complete
2026-06-25 00:24:41,062 | INFO | ======== starting epoch 10 ========
2026-06-25 00:24:41,062 | INFO | epoch 10 LR at start of epoch: vit = 0.000000
2026-06-25 00:24:41,062 | INFO | epoch 10 LR at start of epoch: head = 0.000245
2026-06-25 00:24:41,062 | INFO | [VALIDATION STEP]
2026-06-25 00:24:56,052 | INFO | [epoch 10 | val | batch 0 start] allocated=2977.0MB | reserved=31856.0MB | peak=30391.5MB
2026-06-25 00:26:42,302 | INFO | [epoch 10 | val | batch 10 start] allocated=2977.0MB | reserved=31856.0MB | peak=30391.5MB
2026-06-25 00:26:53,551 | INFO | epoch 10 val loss (mean of batches): 1.29
2026-06-25 00:26:53,551 | INFO | epoch 10 val loss history: [1.4620000123977661, 1.590000033378601, 1.5130000114440918, 1.6100000143051147, 1.437000036239624, 1.3940000534057617, 1.3079999685287476, 1.3300000429153442, 1.2879999876022339, 1.2869999408721924]
2026-06-25 00:26:53,551 | INFO | epoch 10 val c-index (total sample): 0.61
2026-06-25 00:26:53,551 | INFO | epoch 10 val c-index history: [0.55, 0.554, 0.606, 0.653, 0.584, 0.544, 0.638, 0.631, 0.612, 0.607]
2026-06-25 00:26:53,554 | INFO | [TRAINING STEP]
2026-06-25 00:27:03,310 | INFO | [epoch 10 | train | batch 0 start] allocated=2389.0MB | reserved=31856.0MB | peak=30391.5MB
2026-06-25 00:27:05,037 | INFO |     task_logits from  -1.3515625 to 3.859375
2026-06-25 00:28:00,310 | INFO | [epoch 10 | train | batch 10 start] allocated=2389.0MB | reserved=31856.0MB | peak=30391.5MB
2026-06-25 00:28:57,035 | INFO | [epoch 10 | train | batch 20 start] allocated=2389.0MB | reserved=31856.0MB | peak=30391.5MB
2026-06-25 00:29:53,756 | INFO | [epoch 10 | train | batch 30 start] allocated=2389.0MB | reserved=31856.0MB | peak=30391.5MB
2026-06-25 00:30:50,533 | INFO | [epoch 10 | train | batch 40 start] allocated=2389.0MB | reserved=31856.0MB | peak=30391.5MB
2026-06-25 00:31:24,541 | INFO | epoch 10 train total loss: 0.46
2026-06-25 00:31:24,541 | INFO | epoch 10 train concept loss: 0.36
2026-06-25 00:31:24,541 | INFO | epoch 10 train task loss: 0.10
2026-06-25 00:31:24,542 | INFO | epoch 10 train total loss history: [1.7990000247955322, 1.315000057220459, 1.2829999923706055, 1.0880000591278076, 0.9430000185966492, 0.7559999823570251, 0.6299999952316284, 0.527999997138977, 0.47200000286102295, 0.4580000042915344]
2026-06-25 00:31:24,542 | INFO | epoch 10 train concept loss history: [1.5240000486373901, 1.1169999837875366, 1.0989999771118164, 0.9300000071525574, 0.7919999957084656, 0.6320000290870667, 0.5099999904632568, 0.42100000381469727, 0.3880000114440918, 0.36000001430511475]
2026-06-25 00:31:24,542 | INFO | epoch 10 train task loss history: [0.2750000059604645, 0.1979999989271164, 0.18299999833106995, 0.15800000727176666, 0.15199999511241913, 0.125, 0.11900000274181366, 0.10700000077486038, 0.08399999886751175, 0.09799999743700027]
2026-06-25 00:31:24,542 | INFO | epoch 10 complete
2026-06-25 00:31:24,543 | INFO | training complete
2026-06-25 00:31:24,543 | INFO | predicting on the validation set
2026-06-25 00:32:25,299 | INFO |   starting batch 1 of validation
2026-06-25 00:32:30,433 | INFO |   starting batch 2 of validation
2026-06-25 00:32:35,611 | INFO |   starting batch 3 of validation
2026-06-25 00:32:40,826 | INFO |   starting batch 4 of validation
2026-06-25 00:32:46,060 | INFO |   starting batch 5 of validation
2026-06-25 00:32:51,342 | INFO |   starting batch 6 of validation
2026-06-25 00:32:56,639 | INFO |   starting batch 7 of validation
2026-06-25 00:33:01,940 | INFO |   starting batch 8 of validation
2026-06-25 00:33:07,261 | INFO |   starting batch 9 of validation
2026-06-25 00:33:12,577 | INFO |   starting batch 10 of validation
2026-06-25 00:33:17,901 | INFO |   starting batch 11 of validation
2026-06-25 00:33:23,189 | INFO |   starting batch 12 of validation
2026-06-25 00:33:26,151 | INFO | measuring performance
2026-06-25 00:33:26,151 | INFO | y_test: (185, 2)
2026-06-25 00:33:26,151 | INFO | y_probs: (185, 1)
2026-06-25 00:33:26,151 | INFO | c_test: (185, 3)
2026-06-25 00:33:26,151 | INFO | c_probs: (185, 10)
2026-06-25 00:33:26,152 | INFO | c_test_concept: (185,)
2026-06-25 00:33:26,152 | INFO | c_pred_concept: (185,)
2026-06-25 00:33:26,158 | INFO | c_test_concept: (185,)
2026-06-25 00:33:26,158 | INFO | c_pred_concept: (185,)
2026-06-25 00:33:26,162 | INFO | c_test_concept: (185,)
2026-06-25 00:33:26,162 | INFO | c_pred_concept: (185,)
2026-06-25 00:33:26,166 | INFO | results: {'task': {'c_index': 0.595088161209068}, 'concepts': {'concept_0': {'0': {'precision': 0.20833333333333334, 'recall': 0.16129032258064516, 'f1-score': 0.18181818181818182, 'support': 31.0}, '1': {'precision': 0.6229508196721312, 'recall': 0.6846846846846847, 'f1-score': 0.6523605150214592, 'support': 111.0}, '2': {'precision': 0.2894736842105263, 'recall': 0.275, 'f1-score': 0.28205128205128205, 'support': 40.0}, '3': {'precision': 0.0, 'recall': 0.0, 'f1-score': 0.0, 'support': 3.0}, 'accuracy': 0.4972972972972973, 'macro avg': {'precision': 0.28018945930399775, 'recall': 0.28024375181633243, 'f1-score': 0.2790574947227308, 'support': 185.0}, 'weighted avg': {'precision': 0.4712693064073565, 'recall': 0.4972972972972973, 'f1-score': 0.482867200463767, 'support': 185.0}, 'auc': {'ovo': 0.6357589444282993}, 'confusion': {'true_0': {'pred_0': 5, 'pred_1': 20, 'pred_2': 6, 'pred_3': 0}, 'true_1': {'pred_0': 14, 'pred_1': 76, 'pred_2': 20, 'pred_3': 1}, 'true_2': {'pred_0': 5, 'pred_1': 24, 'pred_2': 11, 'pred_3': 0}, 'true_3': {'pred_0': 0, 'pred_1': 2, 'pred_2': 1, 'pred_3': 0}}}, 'concept_1': {'0': {'precision': 0.5943396226415094, 'recall': 0.7, 'f1-score': 0.6428571428571429, 'support': 90.0}, '1': {'precision': 0.4583333333333333, 'recall': 0.36065573770491804, 'f1-score': 0.4036697247706422, 'support': 61.0}, '2': {'precision': 0.3870967741935484, 'recall': 0.35294117647058826, 'f1-score': 0.36923076923076925, 'support': 34.0}, 'accuracy': 0.5243243243243243, 'macro avg': {'precision': 0.47992324338946374, 'recall': 0.4711989713918354, 'f1-score': 0.47191921228618483, 'support': 185.0}, 'weighted avg': {'precision': 0.5114064307764855, 'recall': 0.5243243243243243, 'f1-score': 0.5137018498486389, 'support': 185.0}, 'auc': {'ovo': 0.7138290653237616}, 'confusion': {'true_0': {'pred_0': 63, 'pred_1': 16, 'pred_2': 11}, 'true_1': {'pred_0': 31, 'pred_1': 22, 'pred_2': 8}, 'true_2': {'pred_0': 12, 'pred_1': 10, 'pred_2': 12}}}, 'concept_2': {'0': {'precision': 0.8472222222222222, 'recall': 0.8776978417266187, 'f1-score': 0.8621908127208481, 'support': 139.0}, '1': {'precision': 0.575, 'recall': 0.5111111111111111, 'f1-score': 0.5411764705882353, 'support': 45.0}, '2': {'precision': 0.0, 'recall': 0.0, 'f1-score': 0.0, 'support': 1.0}, 'accuracy': 0.7837837837837838, 'macro avg': {'precision': 0.47407407407407404, 'recall': 0.46293631761257653, 'f1-score': 0.46778909443636113, 'support': 185.0}, 'weighted avg': {'precision': 0.7764264264264265, 'recall': 0.7837837837837838, 'f1-score': 0.779445752133343, 'support': 185.0}, 'auc': {'ovo': 0.7689848121502797}, 'confusion': {'true_0': {'pred_0': 122, 'pred_1': 16, 'pred_2': 1}, 'true_1': {'pred_0': 22, 'pred_1': 23, 'pred_2': 0}, 'true_2': {'pred_0': 0, 'pred_1': 1, 'pred_2': 0}}}}}
2026-06-25 00:33:26,172 | INFO | training fold 3
2026-06-25 00:33:26,173 | INFO | train set size: 739
2026-06-25 00:33:26,173 | INFO | val set size: 185
2026-06-25 00:33:26,176 | INFO | cpu_count: 30
2026-06-25 00:33:26,176 | INFO | num_workers: 2
2026-06-25 00:33:26,298 | INFO | completed building dataloaders
2026-06-25 00:33:26,298 | INFO | training starts
2026-06-25 00:33:32,071 | INFO | model initialized
2026-06-25 00:33:32,132 | INFO | LR scheduler: <torch.optim.lr_scheduler.CosineAnnealingLR object at 0x7066597f8ca0>
2026-06-25 00:33:32,132 | INFO | Parameters by layer:
2026-06-25 00:33:32,132 | INFO | vit_model.base_model.model.cls_token     | 1024       | [FROZEN]
2026-06-25 00:33:32,132 | INFO | vit_model.base_model.model.pos_embed     | 201728     | [FROZEN]
2026-06-25 00:33:32,132 | INFO | vit_model.base_model.model.patch_embed.proj.weight | 786432     | [FROZEN]
2026-06-25 00:33:32,132 | INFO | vit_model.base_model.model.patch_embed.proj.bias | 1024       | [FROZEN]
2026-06-25 00:33:32,132 | INFO | vit_model.base_model.model.blocks.0.norm1.weight | 1024       | [FROZEN]
2026-06-25 00:33:32,132 | INFO | vit_model.base_model.model.blocks.0.norm1.bias | 1024       | [FROZEN]
2026-06-25 00:33:32,132 | INFO | vit_model.base_model.model.blocks.0.attn.qkv.base_layer.weight | 3145728    | [FROZEN]
2026-06-25 00:33:32,132 | INFO | vit_model.base_model.model.blocks.0.attn.qkv.base_layer.bias | 3072       | [FROZEN]
2026-06-25 00:33:32,132 | INFO | vit_model.base_model.model.blocks.0.attn.qkv.lora_A.default.weight | 8192       | [TRAINABLE]
2026-06-25 00:33:32,132 | INFO | vit_model.base_model.model.blocks.0.attn.qkv.lora_B.default.weight | 24576      | [TRAINABLE]
2026-06-25 00:33:32,132 | INFO | vit_model.base_model.model.blocks.0.attn.proj.weight | 1048576    | [FROZEN]
2026-06-25 00:33:32,132 | INFO | vit_model.base_model.model.blocks.0.attn.proj.bias | 1024       | [FROZEN]
2026-06-25 00:33:32,132 | INFO | vit_model.base_model.model.blocks.0.ls1.gamma | 1024       | [FROZEN]
2026-06-25 00:33:32,132 | INFO | vit_model.base_model.model.blocks.0.norm2.weight | 1024       | [FROZEN]
2026-06-25 00:33:32,132 | INFO | vit_model.base_model.model.blocks.0.norm2.bias | 1024       | [FROZEN]
2026-06-25 00:33:32,132 | INFO | vit_model.base_model.model.blocks.0.mlp.fc1.weight | 4194304    | [FROZEN]
2026-06-25 00:33:32,132 | INFO | vit_model.base_model.model.blocks.0.mlp.fc1.bias | 4096       | [FROZEN]
2026-06-25 00:33:32,132 | INFO | vit_model.base_model.model.blocks.0.mlp.fc2.weight | 4194304    | [FROZEN]
2026-06-25 00:33:32,132 | INFO | vit_model.base_model.model.blocks.0.mlp.fc2.bias | 1024       | [FROZEN]
2026-06-25 00:33:32,132 | INFO | vit_model.base_model.model.blocks.0.ls2.gamma | 1024       | [FROZEN]
2026-06-25 00:33:32,132 | INFO | vit_model.base_model.model.blocks.1.norm1.weight | 1024       | [FROZEN]
2026-06-25 00:33:32,132 | INFO | vit_model.base_model.model.blocks.1.norm1.bias | 1024       | [FROZEN]
2026-06-25 00:33:32,132 | INFO | vit_model.base_model.model.blocks.1.attn.qkv.base_layer.weight | 3145728    | [FROZEN]
2026-06-25 00:33:32,132 | INFO | vit_model.base_model.model.blocks.1.attn.qkv.base_layer.bias | 3072       | [FROZEN]
2026-06-25 00:33:32,132 | INFO | vit_model.base_model.model.blocks.1.attn.qkv.lora_A.default.weight | 8192       | [TRAINABLE]
2026-06-25 00:33:32,132 | INFO | vit_model.base_model.model.blocks.1.attn.qkv.lora_B.default.weight | 24576      | [TRAINABLE]
2026-06-25 00:33:32,132 | INFO | vit_model.base_model.model.blocks.1.attn.proj.weight | 1048576    | [FROZEN]
2026-06-25 00:33:32,132 | INFO | vit_model.base_model.model.blocks.1.attn.proj.bias | 1024       | [FROZEN]
2026-06-25 00:33:32,132 | INFO | vit_model.base_model.model.blocks.1.ls1.gamma | 1024       | [FROZEN]
2026-06-25 00:33:32,132 | INFO | vit_model.base_model.model.blocks.1.norm2.weight | 1024       | [FROZEN]
2026-06-25 00:33:32,132 | INFO | vit_model.base_model.model.blocks.1.norm2.bias | 1024       | [FROZEN]
2026-06-25 00:33:32,132 | INFO | vit_model.base_model.model.blocks.1.mlp.fc1.weight | 4194304    | [FROZEN]
2026-06-25 00:33:32,132 | INFO | vit_model.base_model.model.blocks.1.mlp.fc1.bias | 4096       | [FROZEN]
2026-06-25 00:33:32,132 | INFO | vit_model.base_model.model.blocks.1.mlp.fc2.weight | 4194304    | [FROZEN]
2026-06-25 00:33:32,132 | INFO | vit_model.base_model.model.blocks.1.mlp.fc2.bias | 1024       | [FROZEN]
2026-06-25 00:33:32,132 | INFO | vit_model.base_model.model.blocks.1.ls2.gamma | 1024       | [FROZEN]
2026-06-25 00:33:32,132 | INFO | vit_model.base_model.model.blocks.2.norm1.weight | 1024       | [FROZEN]
2026-06-25 00:33:32,132 | INFO | vit_model.base_model.model.blocks.2.norm1.bias | 1024       | [FROZEN]
2026-06-25 00:33:32,132 | INFO | vit_model.base_model.model.blocks.2.attn.qkv.base_layer.weight | 3145728    | [FROZEN]
2026-06-25 00:33:32,132 | INFO | vit_model.base_model.model.blocks.2.attn.qkv.base_layer.bias | 3072       | [FROZEN]
2026-06-25 00:33:32,132 | INFO | vit_model.base_model.model.blocks.2.attn.qkv.lora_A.default.weight | 8192       | [TRAINABLE]
2026-06-25 00:33:32,132 | INFO | vit_model.base_model.model.blocks.2.attn.qkv.lora_B.default.weight | 24576      | [TRAINABLE]
2026-06-25 00:33:32,132 | INFO | vit_model.base_model.model.blocks.2.attn.proj.weight | 1048576    | [FROZEN]
2026-06-25 00:33:32,132 | INFO | vit_model.base_model.model.blocks.2.attn.proj.bias | 1024       | [FROZEN]
2026-06-25 00:33:32,132 | INFO | vit_model.base_model.model.blocks.2.ls1.gamma | 1024       | [FROZEN]
2026-06-25 00:33:32,132 | INFO | vit_model.base_model.model.blocks.2.norm2.weight | 1024       | [FROZEN]
2026-06-25 00:33:32,132 | INFO | vit_model.base_model.model.blocks.2.norm2.bias | 1024       | [FROZEN]
2026-06-25 00:33:32,132 | INFO | vit_model.base_model.model.blocks.2.mlp.fc1.weight | 4194304    | [FROZEN]
2026-06-25 00:33:32,132 | INFO | vit_model.base_model.model.blocks.2.mlp.fc1.bias | 4096       | [FROZEN]
2026-06-25 00:33:32,132 | INFO | vit_model.base_model.model.blocks.2.mlp.fc2.weight | 4194304    | [FROZEN]
2026-06-25 00:33:32,132 | INFO | vit_model.base_model.model.blocks.2.mlp.fc2.bias | 1024       | [FROZEN]
2026-06-25 00:33:32,132 | INFO | vit_model.base_model.model.blocks.2.ls2.gamma | 1024       | [FROZEN]
2026-06-25 00:33:32,133 | INFO | vit_model.base_model.model.blocks.3.norm1.weight | 1024       | [FROZEN]
2026-06-25 00:33:32,133 | INFO | vit_model.base_model.model.blocks.3.norm1.bias | 1024       | [FROZEN]
2026-06-25 00:33:32,133 | INFO | vit_model.base_model.model.blocks.3.attn.qkv.base_layer.weight | 3145728    | [FROZEN]
2026-06-25 00:33:32,133 | INFO | vit_model.base_model.model.blocks.3.attn.qkv.base_layer.bias | 3072       | [FROZEN]
2026-06-25 00:33:32,133 | INFO | vit_model.base_model.model.blocks.3.attn.qkv.lora_A.default.weight | 8192       | [TRAINABLE]
2026-06-25 00:33:32,133 | INFO | vit_model.base_model.model.blocks.3.attn.qkv.lora_B.default.weight | 24576      | [TRAINABLE]
2026-06-25 00:33:32,133 | INFO | vit_model.base_model.model.blocks.3.attn.proj.weight | 1048576    | [FROZEN]
2026-06-25 00:33:32,133 | INFO | vit_model.base_model.model.blocks.3.attn.proj.bias | 1024       | [FROZEN]
2026-06-25 00:33:32,133 | INFO | vit_model.base_model.model.blocks.3.ls1.gamma | 1024       | [FROZEN]
2026-06-25 00:33:32,133 | INFO | vit_model.base_model.model.blocks.3.norm2.weight | 1024       | [FROZEN]
2026-06-25 00:33:32,133 | INFO | vit_model.base_model.model.blocks.3.norm2.bias | 1024       | [FROZEN]
2026-06-25 00:33:32,133 | INFO | vit_model.base_model.model.blocks.3.mlp.fc1.weight | 4194304    | [FROZEN]
2026-06-25 00:33:32,133 | INFO | vit_model.base_model.model.blocks.3.mlp.fc1.bias | 4096       | [FROZEN]
2026-06-25 00:33:32,133 | INFO | vit_model.base_model.model.blocks.3.mlp.fc2.weight | 4194304    | [FROZEN]
2026-06-25 00:33:32,133 | INFO | vit_model.base_model.model.blocks.3.mlp.fc2.bias | 1024       | [FROZEN]
2026-06-25 00:33:32,133 | INFO | vit_model.base_model.model.blocks.3.ls2.gamma | 1024       | [FROZEN]
2026-06-25 00:33:32,133 | INFO | vit_model.base_model.model.blocks.4.norm1.weight | 1024       | [FROZEN]
2026-06-25 00:33:32,133 | INFO | vit_model.base_model.model.blocks.4.norm1.bias | 1024       | [FROZEN]
2026-06-25 00:33:32,133 | INFO | vit_model.base_model.model.blocks.4.attn.qkv.base_layer.weight | 3145728    | [FROZEN]
2026-06-25 00:33:32,133 | INFO | vit_model.base_model.model.blocks.4.attn.qkv.base_layer.bias | 3072       | [FROZEN]
2026-06-25 00:33:32,133 | INFO | vit_model.base_model.model.blocks.4.attn.qkv.lora_A.default.weight | 8192       | [TRAINABLE]
2026-06-25 00:33:32,133 | INFO | vit_model.base_model.model.blocks.4.attn.qkv.lora_B.default.weight | 24576      | [TRAINABLE]
2026-06-25 00:33:32,133 | INFO | vit_model.base_model.model.blocks.4.attn.proj.weight | 1048576    | [FROZEN]
2026-06-25 00:33:32,133 | INFO | vit_model.base_model.model.blocks.4.attn.proj.bias | 1024       | [FROZEN]
2026-06-25 00:33:32,133 | INFO | vit_model.base_model.model.blocks.4.ls1.gamma | 1024       | [FROZEN]
2026-06-25 00:33:32,133 | INFO | vit_model.base_model.model.blocks.4.norm2.weight | 1024       | [FROZEN]
2026-06-25 00:33:32,133 | INFO | vit_model.base_model.model.blocks.4.norm2.bias | 1024       | [FROZEN]
2026-06-25 00:33:32,133 | INFO | vit_model.base_model.model.blocks.4.mlp.fc1.weight | 4194304    | [FROZEN]
2026-06-25 00:33:32,133 | INFO | vit_model.base_model.model.blocks.4.mlp.fc1.bias | 4096       | [FROZEN]
2026-06-25 00:33:32,133 | INFO | vit_model.base_model.model.blocks.4.mlp.fc2.weight | 4194304    | [FROZEN]
2026-06-25 00:33:32,133 | INFO | vit_model.base_model.model.blocks.4.mlp.fc2.bias | 1024       | [FROZEN]
2026-06-25 00:33:32,133 | INFO | vit_model.base_model.model.blocks.4.ls2.gamma | 1024       | [FROZEN]
2026-06-25 00:33:32,133 | INFO | vit_model.base_model.model.blocks.5.norm1.weight | 1024       | [FROZEN]
2026-06-25 00:33:32,133 | INFO | vit_model.base_model.model.blocks.5.norm1.bias | 1024       | [FROZEN]
2026-06-25 00:33:32,133 | INFO | vit_model.base_model.model.blocks.5.attn.qkv.base_layer.weight | 3145728    | [FROZEN]
2026-06-25 00:33:32,133 | INFO | vit_model.base_model.model.blocks.5.attn.qkv.base_layer.bias | 3072       | [FROZEN]
2026-06-25 00:33:32,133 | INFO | vit_model.base_model.model.blocks.5.attn.qkv.lora_A.default.weight | 8192       | [TRAINABLE]
2026-06-25 00:33:32,133 | INFO | vit_model.base_model.model.blocks.5.attn.qkv.lora_B.default.weight | 24576      | [TRAINABLE]
2026-06-25 00:33:32,133 | INFO | vit_model.base_model.model.blocks.5.attn.proj.weight | 1048576    | [FROZEN]
2026-06-25 00:33:32,133 | INFO | vit_model.base_model.model.blocks.5.attn.proj.bias | 1024       | [FROZEN]
2026-06-25 00:33:32,133 | INFO | vit_model.base_model.model.blocks.5.ls1.gamma | 1024       | [FROZEN]
2026-06-25 00:33:32,133 | INFO | vit_model.base_model.model.blocks.5.norm2.weight | 1024       | [FROZEN]
2026-06-25 00:33:32,133 | INFO | vit_model.base_model.model.blocks.5.norm2.bias | 1024       | [FROZEN]
2026-06-25 00:33:32,133 | INFO | vit_model.base_model.model.blocks.5.mlp.fc1.weight | 4194304    | [FROZEN]
2026-06-25 00:33:32,133 | INFO | vit_model.base_model.model.blocks.5.mlp.fc1.bias | 4096       | [FROZEN]
2026-06-25 00:33:32,133 | INFO | vit_model.base_model.model.blocks.5.mlp.fc2.weight | 4194304    | [FROZEN]
2026-06-25 00:33:32,133 | INFO | vit_model.base_model.model.blocks.5.mlp.fc2.bias | 1024       | [FROZEN]
2026-06-25 00:33:32,133 | INFO | vit_model.base_model.model.blocks.5.ls2.gamma | 1024       | [FROZEN]
2026-06-25 00:33:32,133 | INFO | vit_model.base_model.model.blocks.6.norm1.weight | 1024       | [FROZEN]
2026-06-25 00:33:32,133 | INFO | vit_model.base_model.model.blocks.6.norm1.bias | 1024       | [FROZEN]
2026-06-25 00:33:32,133 | INFO | vit_model.base_model.model.blocks.6.attn.qkv.base_layer.weight | 3145728    | [FROZEN]
2026-06-25 00:33:32,133 | INFO | vit_model.base_model.model.blocks.6.attn.qkv.base_layer.bias | 3072       | [FROZEN]
2026-06-25 00:33:32,133 | INFO | vit_model.base_model.model.blocks.6.attn.qkv.lora_A.default.weight | 8192       | [TRAINABLE]
2026-06-25 00:33:32,133 | INFO | vit_model.base_model.model.blocks.6.attn.qkv.lora_B.default.weight | 24576      | [TRAINABLE]
2026-06-25 00:33:32,133 | INFO | vit_model.base_model.model.blocks.6.attn.proj.weight | 1048576    | [FROZEN]
2026-06-25 00:33:32,133 | INFO | vit_model.base_model.model.blocks.6.attn.proj.bias | 1024       | [FROZEN]
2026-06-25 00:33:32,133 | INFO | vit_model.base_model.model.blocks.6.ls1.gamma | 1024       | [FROZEN]
2026-06-25 00:33:32,133 | INFO | vit_model.base_model.model.blocks.6.norm2.weight | 1024       | [FROZEN]
2026-06-25 00:33:32,133 | INFO | vit_model.base_model.model.blocks.6.norm2.bias | 1024       | [FROZEN]
2026-06-25 00:33:32,133 | INFO | vit_model.base_model.model.blocks.6.mlp.fc1.weight | 4194304    | [FROZEN]
2026-06-25 00:33:32,133 | INFO | vit_model.base_model.model.blocks.6.mlp.fc1.bias | 4096       | [FROZEN]
2026-06-25 00:33:32,133 | INFO | vit_model.base_model.model.blocks.6.mlp.fc2.weight | 4194304    | [FROZEN]
2026-06-25 00:33:32,133 | INFO | vit_model.base_model.model.blocks.6.mlp.fc2.bias | 1024       | [FROZEN]
2026-06-25 00:33:32,133 | INFO | vit_model.base_model.model.blocks.6.ls2.gamma | 1024       | [FROZEN]
2026-06-25 00:33:32,133 | INFO | vit_model.base_model.model.blocks.7.norm1.weight | 1024       | [FROZEN]
2026-06-25 00:33:32,133 | INFO | vit_model.base_model.model.blocks.7.norm1.bias | 1024       | [FROZEN]
2026-06-25 00:33:32,133 | INFO | vit_model.base_model.model.blocks.7.attn.qkv.base_layer.weight | 3145728    | [FROZEN]
2026-06-25 00:33:32,133 | INFO | vit_model.base_model.model.blocks.7.attn.qkv.base_layer.bias | 3072       | [FROZEN]
2026-06-25 00:33:32,133 | INFO | vit_model.base_model.model.blocks.7.attn.qkv.lora_A.default.weight | 8192       | [TRAINABLE]
2026-06-25 00:33:32,133 | INFO | vit_model.base_model.model.blocks.7.attn.qkv.lora_B.default.weight | 24576      | [TRAINABLE]
2026-06-25 00:33:32,133 | INFO | vit_model.base_model.model.blocks.7.attn.proj.weight | 1048576    | [FROZEN]
2026-06-25 00:33:32,133 | INFO | vit_model.base_model.model.blocks.7.attn.proj.bias | 1024       | [FROZEN]
2026-06-25 00:33:32,134 | INFO | vit_model.base_model.model.blocks.7.ls1.gamma | 1024       | [FROZEN]
2026-06-25 00:33:32,134 | INFO | vit_model.base_model.model.blocks.7.norm2.weight | 1024       | [FROZEN]
2026-06-25 00:33:32,134 | INFO | vit_model.base_model.model.blocks.7.norm2.bias | 1024       | [FROZEN]
2026-06-25 00:33:32,134 | INFO | vit_model.base_model.model.blocks.7.mlp.fc1.weight | 4194304    | [FROZEN]
2026-06-25 00:33:32,134 | INFO | vit_model.base_model.model.blocks.7.mlp.fc1.bias | 4096       | [FROZEN]
2026-06-25 00:33:32,134 | INFO | vit_model.base_model.model.blocks.7.mlp.fc2.weight | 4194304    | [FROZEN]
2026-06-25 00:33:32,134 | INFO | vit_model.base_model.model.blocks.7.mlp.fc2.bias | 1024       | [FROZEN]
2026-06-25 00:33:32,134 | INFO | vit_model.base_model.model.blocks.7.ls2.gamma | 1024       | [FROZEN]
2026-06-25 00:33:32,134 | INFO | vit_model.base_model.model.blocks.8.norm1.weight | 1024       | [FROZEN]
2026-06-25 00:33:32,134 | INFO | vit_model.base_model.model.blocks.8.norm1.bias | 1024       | [FROZEN]
2026-06-25 00:33:32,134 | INFO | vit_model.base_model.model.blocks.8.attn.qkv.base_layer.weight | 3145728    | [FROZEN]
2026-06-25 00:33:32,134 | INFO | vit_model.base_model.model.blocks.8.attn.qkv.base_layer.bias | 3072       | [FROZEN]
2026-06-25 00:33:32,134 | INFO | vit_model.base_model.model.blocks.8.attn.qkv.lora_A.default.weight | 8192       | [TRAINABLE]
2026-06-25 00:33:32,134 | INFO | vit_model.base_model.model.blocks.8.attn.qkv.lora_B.default.weight | 24576      | [TRAINABLE]
2026-06-25 00:33:32,134 | INFO | vit_model.base_model.model.blocks.8.attn.proj.weight | 1048576    | [FROZEN]
2026-06-25 00:33:32,134 | INFO | vit_model.base_model.model.blocks.8.attn.proj.bias | 1024       | [FROZEN]
2026-06-25 00:33:32,134 | INFO | vit_model.base_model.model.blocks.8.ls1.gamma | 1024       | [FROZEN]
2026-06-25 00:33:32,134 | INFO | vit_model.base_model.model.blocks.8.norm2.weight | 1024       | [FROZEN]
2026-06-25 00:33:32,134 | INFO | vit_model.base_model.model.blocks.8.norm2.bias | 1024       | [FROZEN]
2026-06-25 00:33:32,134 | INFO | vit_model.base_model.model.blocks.8.mlp.fc1.weight | 4194304    | [FROZEN]
2026-06-25 00:33:32,134 | INFO | vit_model.base_model.model.blocks.8.mlp.fc1.bias | 4096       | [FROZEN]
2026-06-25 00:33:32,134 | INFO | vit_model.base_model.model.blocks.8.mlp.fc2.weight | 4194304    | [FROZEN]
2026-06-25 00:33:32,134 | INFO | vit_model.base_model.model.blocks.8.mlp.fc2.bias | 1024       | [FROZEN]
2026-06-25 00:33:32,134 | INFO | vit_model.base_model.model.blocks.8.ls2.gamma | 1024       | [FROZEN]
2026-06-25 00:33:32,134 | INFO | vit_model.base_model.model.blocks.9.norm1.weight | 1024       | [FROZEN]
2026-06-25 00:33:32,134 | INFO | vit_model.base_model.model.blocks.9.norm1.bias | 1024       | [FROZEN]
2026-06-25 00:33:32,134 | INFO | vit_model.base_model.model.blocks.9.attn.qkv.base_layer.weight | 3145728    | [FROZEN]
2026-06-25 00:33:32,134 | INFO | vit_model.base_model.model.blocks.9.attn.qkv.base_layer.bias | 3072       | [FROZEN]
2026-06-25 00:33:32,134 | INFO | vit_model.base_model.model.blocks.9.attn.qkv.lora_A.default.weight | 8192       | [TRAINABLE]
2026-06-25 00:33:32,134 | INFO | vit_model.base_model.model.blocks.9.attn.qkv.lora_B.default.weight | 24576      | [TRAINABLE]
2026-06-25 00:33:32,134 | INFO | vit_model.base_model.model.blocks.9.attn.proj.weight | 1048576    | [FROZEN]
2026-06-25 00:33:32,134 | INFO | vit_model.base_model.model.blocks.9.attn.proj.bias | 1024       | [FROZEN]
2026-06-25 00:33:32,134 | INFO | vit_model.base_model.model.blocks.9.ls1.gamma | 1024       | [FROZEN]
2026-06-25 00:33:32,134 | INFO | vit_model.base_model.model.blocks.9.norm2.weight | 1024       | [FROZEN]
2026-06-25 00:33:32,134 | INFO | vit_model.base_model.model.blocks.9.norm2.bias | 1024       | [FROZEN]
2026-06-25 00:33:32,134 | INFO | vit_model.base_model.model.blocks.9.mlp.fc1.weight | 4194304    | [FROZEN]
2026-06-25 00:33:32,134 | INFO | vit_model.base_model.model.blocks.9.mlp.fc1.bias | 4096       | [FROZEN]
2026-06-25 00:33:32,134 | INFO | vit_model.base_model.model.blocks.9.mlp.fc2.weight | 4194304    | [FROZEN]
2026-06-25 00:33:32,134 | INFO | vit_model.base_model.model.blocks.9.mlp.fc2.bias | 1024       | [FROZEN]
2026-06-25 00:33:32,134 | INFO | vit_model.base_model.model.blocks.9.ls2.gamma | 1024       | [FROZEN]
2026-06-25 00:33:32,134 | INFO | vit_model.base_model.model.blocks.10.norm1.weight | 1024       | [FROZEN]
2026-06-25 00:33:32,134 | INFO | vit_model.base_model.model.blocks.10.norm1.bias | 1024       | [FROZEN]
2026-06-25 00:33:32,134 | INFO | vit_model.base_model.model.blocks.10.attn.qkv.base_layer.weight | 3145728    | [FROZEN]
2026-06-25 00:33:32,134 | INFO | vit_model.base_model.model.blocks.10.attn.qkv.base_layer.bias | 3072       | [FROZEN]
2026-06-25 00:33:32,134 | INFO | vit_model.base_model.model.blocks.10.attn.qkv.lora_A.default.weight | 8192       | [TRAINABLE]
2026-06-25 00:33:32,134 | INFO | vit_model.base_model.model.blocks.10.attn.qkv.lora_B.default.weight | 24576      | [TRAINABLE]
2026-06-25 00:33:32,134 | INFO | vit_model.base_model.model.blocks.10.attn.proj.weight | 1048576    | [FROZEN]
2026-06-25 00:33:32,134 | INFO | vit_model.base_model.model.blocks.10.attn.proj.bias | 1024       | [FROZEN]
2026-06-25 00:33:32,134 | INFO | vit_model.base_model.model.blocks.10.ls1.gamma | 1024       | [FROZEN]
2026-06-25 00:33:32,134 | INFO | vit_model.base_model.model.blocks.10.norm2.weight | 1024       | [FROZEN]
2026-06-25 00:33:32,134 | INFO | vit_model.base_model.model.blocks.10.norm2.bias | 1024       | [FROZEN]
2026-06-25 00:33:32,134 | INFO | vit_model.base_model.model.blocks.10.mlp.fc1.weight | 4194304    | [FROZEN]
2026-06-25 00:33:32,134 | INFO | vit_model.base_model.model.blocks.10.mlp.fc1.bias | 4096       | [FROZEN]
2026-06-25 00:33:32,134 | INFO | vit_model.base_model.model.blocks.10.mlp.fc2.weight | 4194304    | [FROZEN]
2026-06-25 00:33:32,134 | INFO | vit_model.base_model.model.blocks.10.mlp.fc2.bias | 1024       | [FROZEN]
2026-06-25 00:33:32,134 | INFO | vit_model.base_model.model.blocks.10.ls2.gamma | 1024       | [FROZEN]
2026-06-25 00:33:32,134 | INFO | vit_model.base_model.model.blocks.11.norm1.weight | 1024       | [FROZEN]
2026-06-25 00:33:32,134 | INFO | vit_model.base_model.model.blocks.11.norm1.bias | 1024       | [FROZEN]
2026-06-25 00:33:32,134 | INFO | vit_model.base_model.model.blocks.11.attn.qkv.base_layer.weight | 3145728    | [FROZEN]
2026-06-25 00:33:32,134 | INFO | vit_model.base_model.model.blocks.11.attn.qkv.base_layer.bias | 3072       | [FROZEN]
2026-06-25 00:33:32,134 | INFO | vit_model.base_model.model.blocks.11.attn.qkv.lora_A.default.weight | 8192       | [TRAINABLE]
2026-06-25 00:33:32,134 | INFO | vit_model.base_model.model.blocks.11.attn.qkv.lora_B.default.weight | 24576      | [TRAINABLE]
2026-06-25 00:33:32,134 | INFO | vit_model.base_model.model.blocks.11.attn.proj.weight | 1048576    | [FROZEN]
2026-06-25 00:33:32,134 | INFO | vit_model.base_model.model.blocks.11.attn.proj.bias | 1024       | [FROZEN]
2026-06-25 00:33:32,134 | INFO | vit_model.base_model.model.blocks.11.ls1.gamma | 1024       | [FROZEN]
2026-06-25 00:33:32,134 | INFO | vit_model.base_model.model.blocks.11.norm2.weight | 1024       | [FROZEN]
2026-06-25 00:33:32,134 | INFO | vit_model.base_model.model.blocks.11.norm2.bias | 1024       | [FROZEN]
2026-06-25 00:33:32,134 | INFO | vit_model.base_model.model.blocks.11.mlp.fc1.weight | 4194304    | [FROZEN]
2026-06-25 00:33:32,134 | INFO | vit_model.base_model.model.blocks.11.mlp.fc1.bias | 4096       | [FROZEN]
2026-06-25 00:33:32,134 | INFO | vit_model.base_model.model.blocks.11.mlp.fc2.weight | 4194304    | [FROZEN]
2026-06-25 00:33:32,134 | INFO | vit_model.base_model.model.blocks.11.mlp.fc2.bias | 1024       | [FROZEN]
2026-06-25 00:33:32,134 | INFO | vit_model.base_model.model.blocks.11.ls2.gamma | 1024       | [FROZEN]
2026-06-25 00:33:32,134 | INFO | vit_model.base_model.model.blocks.12.norm1.weight | 1024       | [FROZEN]
2026-06-25 00:33:32,135 | INFO | vit_model.base_model.model.blocks.12.norm1.bias | 1024       | [FROZEN]
2026-06-25 00:33:32,135 | INFO | vit_model.base_model.model.blocks.12.attn.qkv.base_layer.weight | 3145728    | [FROZEN]
2026-06-25 00:33:32,135 | INFO | vit_model.base_model.model.blocks.12.attn.qkv.base_layer.bias | 3072       | [FROZEN]
2026-06-25 00:33:32,135 | INFO | vit_model.base_model.model.blocks.12.attn.qkv.lora_A.default.weight | 8192       | [TRAINABLE]
2026-06-25 00:33:32,135 | INFO | vit_model.base_model.model.blocks.12.attn.qkv.lora_B.default.weight | 24576      | [TRAINABLE]
2026-06-25 00:33:32,135 | INFO | vit_model.base_model.model.blocks.12.attn.proj.weight | 1048576    | [FROZEN]
2026-06-25 00:33:32,135 | INFO | vit_model.base_model.model.blocks.12.attn.proj.bias | 1024       | [FROZEN]
2026-06-25 00:33:32,135 | INFO | vit_model.base_model.model.blocks.12.ls1.gamma | 1024       | [FROZEN]
2026-06-25 00:33:32,135 | INFO | vit_model.base_model.model.blocks.12.norm2.weight | 1024       | [FROZEN]
2026-06-25 00:33:32,135 | INFO | vit_model.base_model.model.blocks.12.norm2.bias | 1024       | [FROZEN]
2026-06-25 00:33:32,135 | INFO | vit_model.base_model.model.blocks.12.mlp.fc1.weight | 4194304    | [FROZEN]
2026-06-25 00:33:32,135 | INFO | vit_model.base_model.model.blocks.12.mlp.fc1.bias | 4096       | [FROZEN]
2026-06-25 00:33:32,135 | INFO | vit_model.base_model.model.blocks.12.mlp.fc2.weight | 4194304    | [FROZEN]
2026-06-25 00:33:32,135 | INFO | vit_model.base_model.model.blocks.12.mlp.fc2.bias | 1024       | [FROZEN]
2026-06-25 00:33:32,135 | INFO | vit_model.base_model.model.blocks.12.ls2.gamma | 1024       | [FROZEN]
2026-06-25 00:33:32,135 | INFO | vit_model.base_model.model.blocks.13.norm1.weight | 1024       | [FROZEN]
2026-06-25 00:33:32,135 | INFO | vit_model.base_model.model.blocks.13.norm1.bias | 1024       | [FROZEN]
2026-06-25 00:33:32,135 | INFO | vit_model.base_model.model.blocks.13.attn.qkv.base_layer.weight | 3145728    | [FROZEN]
2026-06-25 00:33:32,135 | INFO | vit_model.base_model.model.blocks.13.attn.qkv.base_layer.bias | 3072       | [FROZEN]
2026-06-25 00:33:32,135 | INFO | vit_model.base_model.model.blocks.13.attn.qkv.lora_A.default.weight | 8192       | [TRAINABLE]
2026-06-25 00:33:32,135 | INFO | vit_model.base_model.model.blocks.13.attn.qkv.lora_B.default.weight | 24576      | [TRAINABLE]
2026-06-25 00:33:32,135 | INFO | vit_model.base_model.model.blocks.13.attn.proj.weight | 1048576    | [FROZEN]
2026-06-25 00:33:32,135 | INFO | vit_model.base_model.model.blocks.13.attn.proj.bias | 1024       | [FROZEN]
2026-06-25 00:33:32,135 | INFO | vit_model.base_model.model.blocks.13.ls1.gamma | 1024       | [FROZEN]
2026-06-25 00:33:32,135 | INFO | vit_model.base_model.model.blocks.13.norm2.weight | 1024       | [FROZEN]
2026-06-25 00:33:32,135 | INFO | vit_model.base_model.model.blocks.13.norm2.bias | 1024       | [FROZEN]
2026-06-25 00:33:32,135 | INFO | vit_model.base_model.model.blocks.13.mlp.fc1.weight | 4194304    | [FROZEN]
2026-06-25 00:33:32,135 | INFO | vit_model.base_model.model.blocks.13.mlp.fc1.bias | 4096       | [FROZEN]
2026-06-25 00:33:32,135 | INFO | vit_model.base_model.model.blocks.13.mlp.fc2.weight | 4194304    | [FROZEN]
2026-06-25 00:33:32,135 | INFO | vit_model.base_model.model.blocks.13.mlp.fc2.bias | 1024       | [FROZEN]
2026-06-25 00:33:32,135 | INFO | vit_model.base_model.model.blocks.13.ls2.gamma | 1024       | [FROZEN]
2026-06-25 00:33:32,135 | INFO | vit_model.base_model.model.blocks.14.norm1.weight | 1024       | [FROZEN]
2026-06-25 00:33:32,135 | INFO | vit_model.base_model.model.blocks.14.norm1.bias | 1024       | [FROZEN]
2026-06-25 00:33:32,135 | INFO | vit_model.base_model.model.blocks.14.attn.qkv.base_layer.weight | 3145728    | [FROZEN]
2026-06-25 00:33:32,135 | INFO | vit_model.base_model.model.blocks.14.attn.qkv.base_layer.bias | 3072       | [FROZEN]
2026-06-25 00:33:32,135 | INFO | vit_model.base_model.model.blocks.14.attn.qkv.lora_A.default.weight | 8192       | [TRAINABLE]
2026-06-25 00:33:32,135 | INFO | vit_model.base_model.model.blocks.14.attn.qkv.lora_B.default.weight | 24576      | [TRAINABLE]
2026-06-25 00:33:32,135 | INFO | vit_model.base_model.model.blocks.14.attn.proj.weight | 1048576    | [FROZEN]
2026-06-25 00:33:32,135 | INFO | vit_model.base_model.model.blocks.14.attn.proj.bias | 1024       | [FROZEN]
2026-06-25 00:33:32,135 | INFO | vit_model.base_model.model.blocks.14.ls1.gamma | 1024       | [FROZEN]
2026-06-25 00:33:32,135 | INFO | vit_model.base_model.model.blocks.14.norm2.weight | 1024       | [FROZEN]
2026-06-25 00:33:32,135 | INFO | vit_model.base_model.model.blocks.14.norm2.bias | 1024       | [FROZEN]
2026-06-25 00:33:32,135 | INFO | vit_model.base_model.model.blocks.14.mlp.fc1.weight | 4194304    | [FROZEN]
2026-06-25 00:33:32,135 | INFO | vit_model.base_model.model.blocks.14.mlp.fc1.bias | 4096       | [FROZEN]
2026-06-25 00:33:32,135 | INFO | vit_model.base_model.model.blocks.14.mlp.fc2.weight | 4194304    | [FROZEN]
2026-06-25 00:33:32,135 | INFO | vit_model.base_model.model.blocks.14.mlp.fc2.bias | 1024       | [FROZEN]
2026-06-25 00:33:32,135 | INFO | vit_model.base_model.model.blocks.14.ls2.gamma | 1024       | [FROZEN]
2026-06-25 00:33:32,135 | INFO | vit_model.base_model.model.blocks.15.norm1.weight | 1024       | [FROZEN]
2026-06-25 00:33:32,135 | INFO | vit_model.base_model.model.blocks.15.norm1.bias | 1024       | [FROZEN]
2026-06-25 00:33:32,135 | INFO | vit_model.base_model.model.blocks.15.attn.qkv.base_layer.weight | 3145728    | [FROZEN]
2026-06-25 00:33:32,135 | INFO | vit_model.base_model.model.blocks.15.attn.qkv.base_layer.bias | 3072       | [FROZEN]
2026-06-25 00:33:32,135 | INFO | vit_model.base_model.model.blocks.15.attn.qkv.lora_A.default.weight | 8192       | [TRAINABLE]
2026-06-25 00:33:32,135 | INFO | vit_model.base_model.model.blocks.15.attn.qkv.lora_B.default.weight | 24576      | [TRAINABLE]
2026-06-25 00:33:32,135 | INFO | vit_model.base_model.model.blocks.15.attn.proj.weight | 1048576    | [FROZEN]
2026-06-25 00:33:32,135 | INFO | vit_model.base_model.model.blocks.15.attn.proj.bias | 1024       | [FROZEN]
2026-06-25 00:33:32,135 | INFO | vit_model.base_model.model.blocks.15.ls1.gamma | 1024       | [FROZEN]
2026-06-25 00:33:32,135 | INFO | vit_model.base_model.model.blocks.15.norm2.weight | 1024       | [FROZEN]
2026-06-25 00:33:32,135 | INFO | vit_model.base_model.model.blocks.15.norm2.bias | 1024       | [FROZEN]
2026-06-25 00:33:32,135 | INFO | vit_model.base_model.model.blocks.15.mlp.fc1.weight | 4194304    | [FROZEN]
2026-06-25 00:33:32,135 | INFO | vit_model.base_model.model.blocks.15.mlp.fc1.bias | 4096       | [FROZEN]
2026-06-25 00:33:32,135 | INFO | vit_model.base_model.model.blocks.15.mlp.fc2.weight | 4194304    | [FROZEN]
2026-06-25 00:33:32,135 | INFO | vit_model.base_model.model.blocks.15.mlp.fc2.bias | 1024       | [FROZEN]
2026-06-25 00:33:32,135 | INFO | vit_model.base_model.model.blocks.15.ls2.gamma | 1024       | [FROZEN]
2026-06-25 00:33:32,135 | INFO | vit_model.base_model.model.blocks.16.norm1.weight | 1024       | [FROZEN]
2026-06-25 00:33:32,135 | INFO | vit_model.base_model.model.blocks.16.norm1.bias | 1024       | [FROZEN]
2026-06-25 00:33:32,135 | INFO | vit_model.base_model.model.blocks.16.attn.qkv.base_layer.weight | 3145728    | [FROZEN]
2026-06-25 00:33:32,135 | INFO | vit_model.base_model.model.blocks.16.attn.qkv.base_layer.bias | 3072       | [FROZEN]
2026-06-25 00:33:32,135 | INFO | vit_model.base_model.model.blocks.16.attn.qkv.lora_A.default.weight | 8192       | [TRAINABLE]
2026-06-25 00:33:32,135 | INFO | vit_model.base_model.model.blocks.16.attn.qkv.lora_B.default.weight | 24576      | [TRAINABLE]
2026-06-25 00:33:32,135 | INFO | vit_model.base_model.model.blocks.16.attn.proj.weight | 1048576    | [FROZEN]
2026-06-25 00:33:32,135 | INFO | vit_model.base_model.model.blocks.16.attn.proj.bias | 1024       | [FROZEN]
2026-06-25 00:33:32,135 | INFO | vit_model.base_model.model.blocks.16.ls1.gamma | 1024       | [FROZEN]
2026-06-25 00:33:32,135 | INFO | vit_model.base_model.model.blocks.16.norm2.weight | 1024       | [FROZEN]
2026-06-25 00:33:32,135 | INFO | vit_model.base_model.model.blocks.16.norm2.bias | 1024       | [FROZEN]
2026-06-25 00:33:32,136 | INFO | vit_model.base_model.model.blocks.16.mlp.fc1.weight | 4194304    | [FROZEN]
2026-06-25 00:33:32,136 | INFO | vit_model.base_model.model.blocks.16.mlp.fc1.bias | 4096       | [FROZEN]
2026-06-25 00:33:32,136 | INFO | vit_model.base_model.model.blocks.16.mlp.fc2.weight | 4194304    | [FROZEN]
2026-06-25 00:33:32,136 | INFO | vit_model.base_model.model.blocks.16.mlp.fc2.bias | 1024       | [FROZEN]
2026-06-25 00:33:32,136 | INFO | vit_model.base_model.model.blocks.16.ls2.gamma | 1024       | [FROZEN]
2026-06-25 00:33:32,136 | INFO | vit_model.base_model.model.blocks.17.norm1.weight | 1024       | [FROZEN]
2026-06-25 00:33:32,136 | INFO | vit_model.base_model.model.blocks.17.norm1.bias | 1024       | [FROZEN]
2026-06-25 00:33:32,136 | INFO | vit_model.base_model.model.blocks.17.attn.qkv.base_layer.weight | 3145728    | [FROZEN]
2026-06-25 00:33:32,136 | INFO | vit_model.base_model.model.blocks.17.attn.qkv.base_layer.bias | 3072       | [FROZEN]
2026-06-25 00:33:32,136 | INFO | vit_model.base_model.model.blocks.17.attn.qkv.lora_A.default.weight | 8192       | [TRAINABLE]
2026-06-25 00:33:32,136 | INFO | vit_model.base_model.model.blocks.17.attn.qkv.lora_B.default.weight | 24576      | [TRAINABLE]
2026-06-25 00:33:32,136 | INFO | vit_model.base_model.model.blocks.17.attn.proj.weight | 1048576    | [FROZEN]
2026-06-25 00:33:32,136 | INFO | vit_model.base_model.model.blocks.17.attn.proj.bias | 1024       | [FROZEN]
2026-06-25 00:33:32,136 | INFO | vit_model.base_model.model.blocks.17.ls1.gamma | 1024       | [FROZEN]
2026-06-25 00:33:32,136 | INFO | vit_model.base_model.model.blocks.17.norm2.weight | 1024       | [FROZEN]
2026-06-25 00:33:32,136 | INFO | vit_model.base_model.model.blocks.17.norm2.bias | 1024       | [FROZEN]
2026-06-25 00:33:32,136 | INFO | vit_model.base_model.model.blocks.17.mlp.fc1.weight | 4194304    | [FROZEN]
2026-06-25 00:33:32,136 | INFO | vit_model.base_model.model.blocks.17.mlp.fc1.bias | 4096       | [FROZEN]
2026-06-25 00:33:32,136 | INFO | vit_model.base_model.model.blocks.17.mlp.fc2.weight | 4194304    | [FROZEN]
2026-06-25 00:33:32,136 | INFO | vit_model.base_model.model.blocks.17.mlp.fc2.bias | 1024       | [FROZEN]
2026-06-25 00:33:32,136 | INFO | vit_model.base_model.model.blocks.17.ls2.gamma | 1024       | [FROZEN]
2026-06-25 00:33:32,136 | INFO | vit_model.base_model.model.blocks.18.norm1.weight | 1024       | [FROZEN]
2026-06-25 00:33:32,136 | INFO | vit_model.base_model.model.blocks.18.norm1.bias | 1024       | [FROZEN]
2026-06-25 00:33:32,136 | INFO | vit_model.base_model.model.blocks.18.attn.qkv.base_layer.weight | 3145728    | [FROZEN]
2026-06-25 00:33:32,136 | INFO | vit_model.base_model.model.blocks.18.attn.qkv.base_layer.bias | 3072       | [FROZEN]
2026-06-25 00:33:32,136 | INFO | vit_model.base_model.model.blocks.18.attn.qkv.lora_A.default.weight | 8192       | [TRAINABLE]
2026-06-25 00:33:32,136 | INFO | vit_model.base_model.model.blocks.18.attn.qkv.lora_B.default.weight | 24576      | [TRAINABLE]
2026-06-25 00:33:32,136 | INFO | vit_model.base_model.model.blocks.18.attn.proj.weight | 1048576    | [FROZEN]
2026-06-25 00:33:32,136 | INFO | vit_model.base_model.model.blocks.18.attn.proj.bias | 1024       | [FROZEN]
2026-06-25 00:33:32,136 | INFO | vit_model.base_model.model.blocks.18.ls1.gamma | 1024       | [FROZEN]
2026-06-25 00:33:32,136 | INFO | vit_model.base_model.model.blocks.18.norm2.weight | 1024       | [FROZEN]
2026-06-25 00:33:32,136 | INFO | vit_model.base_model.model.blocks.18.norm2.bias | 1024       | [FROZEN]
2026-06-25 00:33:32,136 | INFO | vit_model.base_model.model.blocks.18.mlp.fc1.weight | 4194304    | [FROZEN]
2026-06-25 00:33:32,136 | INFO | vit_model.base_model.model.blocks.18.mlp.fc1.bias | 4096       | [FROZEN]
2026-06-25 00:33:32,136 | INFO | vit_model.base_model.model.blocks.18.mlp.fc2.weight | 4194304    | [FROZEN]
2026-06-25 00:33:32,136 | INFO | vit_model.base_model.model.blocks.18.mlp.fc2.bias | 1024       | [FROZEN]
2026-06-25 00:33:32,136 | INFO | vit_model.base_model.model.blocks.18.ls2.gamma | 1024       | [FROZEN]
2026-06-25 00:33:32,136 | INFO | vit_model.base_model.model.blocks.19.norm1.weight | 1024       | [FROZEN]
2026-06-25 00:33:32,136 | INFO | vit_model.base_model.model.blocks.19.norm1.bias | 1024       | [FROZEN]
2026-06-25 00:33:32,136 | INFO | vit_model.base_model.model.blocks.19.attn.qkv.base_layer.weight | 3145728    | [FROZEN]
2026-06-25 00:33:32,136 | INFO | vit_model.base_model.model.blocks.19.attn.qkv.base_layer.bias | 3072       | [FROZEN]
2026-06-25 00:33:32,136 | INFO | vit_model.base_model.model.blocks.19.attn.qkv.lora_A.default.weight | 8192       | [TRAINABLE]
2026-06-25 00:33:32,136 | INFO | vit_model.base_model.model.blocks.19.attn.qkv.lora_B.default.weight | 24576      | [TRAINABLE]
2026-06-25 00:33:32,136 | INFO | vit_model.base_model.model.blocks.19.attn.proj.weight | 1048576    | [FROZEN]
2026-06-25 00:33:32,136 | INFO | vit_model.base_model.model.blocks.19.attn.proj.bias | 1024       | [FROZEN]
2026-06-25 00:33:32,136 | INFO | vit_model.base_model.model.blocks.19.ls1.gamma | 1024       | [FROZEN]
2026-06-25 00:33:32,136 | INFO | vit_model.base_model.model.blocks.19.norm2.weight | 1024       | [FROZEN]
2026-06-25 00:33:32,136 | INFO | vit_model.base_model.model.blocks.19.norm2.bias | 1024       | [FROZEN]
2026-06-25 00:33:32,136 | INFO | vit_model.base_model.model.blocks.19.mlp.fc1.weight | 4194304    | [FROZEN]
2026-06-25 00:33:32,136 | INFO | vit_model.base_model.model.blocks.19.mlp.fc1.bias | 4096       | [FROZEN]
2026-06-25 00:33:32,136 | INFO | vit_model.base_model.model.blocks.19.mlp.fc2.weight | 4194304    | [FROZEN]
2026-06-25 00:33:32,136 | INFO | vit_model.base_model.model.blocks.19.mlp.fc2.bias | 1024       | [FROZEN]
2026-06-25 00:33:32,136 | INFO | vit_model.base_model.model.blocks.19.ls2.gamma | 1024       | [FROZEN]
2026-06-25 00:33:32,136 | INFO | vit_model.base_model.model.blocks.20.norm1.weight | 1024       | [FROZEN]
2026-06-25 00:33:32,136 | INFO | vit_model.base_model.model.blocks.20.norm1.bias | 1024       | [FROZEN]
2026-06-25 00:33:32,136 | INFO | vit_model.base_model.model.blocks.20.attn.qkv.base_layer.weight | 3145728    | [FROZEN]
2026-06-25 00:33:32,136 | INFO | vit_model.base_model.model.blocks.20.attn.qkv.base_layer.bias | 3072       | [FROZEN]
2026-06-25 00:33:32,136 | INFO | vit_model.base_model.model.blocks.20.attn.qkv.lora_A.default.weight | 8192       | [TRAINABLE]
2026-06-25 00:33:32,136 | INFO | vit_model.base_model.model.blocks.20.attn.qkv.lora_B.default.weight | 24576      | [TRAINABLE]
2026-06-25 00:33:32,136 | INFO | vit_model.base_model.model.blocks.20.attn.proj.weight | 1048576    | [FROZEN]
2026-06-25 00:33:32,136 | INFO | vit_model.base_model.model.blocks.20.attn.proj.bias | 1024       | [FROZEN]
2026-06-25 00:33:32,136 | INFO | vit_model.base_model.model.blocks.20.ls1.gamma | 1024       | [FROZEN]
2026-06-25 00:33:32,136 | INFO | vit_model.base_model.model.blocks.20.norm2.weight | 1024       | [FROZEN]
2026-06-25 00:33:32,136 | INFO | vit_model.base_model.model.blocks.20.norm2.bias | 1024       | [FROZEN]
2026-06-25 00:33:32,136 | INFO | vit_model.base_model.model.blocks.20.mlp.fc1.weight | 4194304    | [FROZEN]
2026-06-25 00:33:32,136 | INFO | vit_model.base_model.model.blocks.20.mlp.fc1.bias | 4096       | [FROZEN]
2026-06-25 00:33:32,136 | INFO | vit_model.base_model.model.blocks.20.mlp.fc2.weight | 4194304    | [FROZEN]
2026-06-25 00:33:32,136 | INFO | vit_model.base_model.model.blocks.20.mlp.fc2.bias | 1024       | [FROZEN]
2026-06-25 00:33:32,136 | INFO | vit_model.base_model.model.blocks.20.ls2.gamma | 1024       | [FROZEN]
2026-06-25 00:33:32,136 | INFO | vit_model.base_model.model.blocks.21.norm1.weight | 1024       | [FROZEN]
2026-06-25 00:33:32,136 | INFO | vit_model.base_model.model.blocks.21.norm1.bias | 1024       | [FROZEN]
2026-06-25 00:33:32,136 | INFO | vit_model.base_model.model.blocks.21.attn.qkv.base_layer.weight | 3145728    | [FROZEN]
2026-06-25 00:33:32,136 | INFO | vit_model.base_model.model.blocks.21.attn.qkv.base_layer.bias | 3072       | [FROZEN]
2026-06-25 00:33:32,137 | INFO | vit_model.base_model.model.blocks.21.attn.qkv.lora_A.default.weight | 8192       | [TRAINABLE]
2026-06-25 00:33:32,137 | INFO | vit_model.base_model.model.blocks.21.attn.qkv.lora_B.default.weight | 24576      | [TRAINABLE]
2026-06-25 00:33:32,137 | INFO | vit_model.base_model.model.blocks.21.attn.proj.weight | 1048576    | [FROZEN]
2026-06-25 00:33:32,137 | INFO | vit_model.base_model.model.blocks.21.attn.proj.bias | 1024       | [FROZEN]
2026-06-25 00:33:32,137 | INFO | vit_model.base_model.model.blocks.21.ls1.gamma | 1024       | [FROZEN]
2026-06-25 00:33:32,137 | INFO | vit_model.base_model.model.blocks.21.norm2.weight | 1024       | [FROZEN]
2026-06-25 00:33:32,137 | INFO | vit_model.base_model.model.blocks.21.norm2.bias | 1024       | [FROZEN]
2026-06-25 00:33:32,137 | INFO | vit_model.base_model.model.blocks.21.mlp.fc1.weight | 4194304    | [FROZEN]
2026-06-25 00:33:32,137 | INFO | vit_model.base_model.model.blocks.21.mlp.fc1.bias | 4096       | [FROZEN]
2026-06-25 00:33:32,137 | INFO | vit_model.base_model.model.blocks.21.mlp.fc2.weight | 4194304    | [FROZEN]
2026-06-25 00:33:32,137 | INFO | vit_model.base_model.model.blocks.21.mlp.fc2.bias | 1024       | [FROZEN]
2026-06-25 00:33:32,137 | INFO | vit_model.base_model.model.blocks.21.ls2.gamma | 1024       | [FROZEN]
2026-06-25 00:33:32,137 | INFO | vit_model.base_model.model.blocks.22.norm1.weight | 1024       | [FROZEN]
2026-06-25 00:33:32,137 | INFO | vit_model.base_model.model.blocks.22.norm1.bias | 1024       | [FROZEN]
2026-06-25 00:33:32,137 | INFO | vit_model.base_model.model.blocks.22.attn.qkv.base_layer.weight | 3145728    | [FROZEN]
2026-06-25 00:33:32,137 | INFO | vit_model.base_model.model.blocks.22.attn.qkv.base_layer.bias | 3072       | [FROZEN]
2026-06-25 00:33:32,137 | INFO | vit_model.base_model.model.blocks.22.attn.qkv.lora_A.default.weight | 8192       | [TRAINABLE]
2026-06-25 00:33:32,137 | INFO | vit_model.base_model.model.blocks.22.attn.qkv.lora_B.default.weight | 24576      | [TRAINABLE]
2026-06-25 00:33:32,137 | INFO | vit_model.base_model.model.blocks.22.attn.proj.weight | 1048576    | [FROZEN]
2026-06-25 00:33:32,137 | INFO | vit_model.base_model.model.blocks.22.attn.proj.bias | 1024       | [FROZEN]
2026-06-25 00:33:32,137 | INFO | vit_model.base_model.model.blocks.22.ls1.gamma | 1024       | [FROZEN]
2026-06-25 00:33:32,137 | INFO | vit_model.base_model.model.blocks.22.norm2.weight | 1024       | [FROZEN]
2026-06-25 00:33:32,137 | INFO | vit_model.base_model.model.blocks.22.norm2.bias | 1024       | [FROZEN]
2026-06-25 00:33:32,137 | INFO | vit_model.base_model.model.blocks.22.mlp.fc1.weight | 4194304    | [FROZEN]
2026-06-25 00:33:32,137 | INFO | vit_model.base_model.model.blocks.22.mlp.fc1.bias | 4096       | [FROZEN]
2026-06-25 00:33:32,137 | INFO | vit_model.base_model.model.blocks.22.mlp.fc2.weight | 4194304    | [FROZEN]
2026-06-25 00:33:32,137 | INFO | vit_model.base_model.model.blocks.22.mlp.fc2.bias | 1024       | [FROZEN]
2026-06-25 00:33:32,137 | INFO | vit_model.base_model.model.blocks.22.ls2.gamma | 1024       | [FROZEN]
2026-06-25 00:33:32,137 | INFO | vit_model.base_model.model.blocks.23.norm1.weight | 1024       | [FROZEN]
2026-06-25 00:33:32,137 | INFO | vit_model.base_model.model.blocks.23.norm1.bias | 1024       | [FROZEN]
2026-06-25 00:33:32,137 | INFO | vit_model.base_model.model.blocks.23.attn.qkv.base_layer.weight | 3145728    | [FROZEN]
2026-06-25 00:33:32,137 | INFO | vit_model.base_model.model.blocks.23.attn.qkv.base_layer.bias | 3072       | [FROZEN]
2026-06-25 00:33:32,137 | INFO | vit_model.base_model.model.blocks.23.attn.qkv.lora_A.default.weight | 8192       | [TRAINABLE]
2026-06-25 00:33:32,137 | INFO | vit_model.base_model.model.blocks.23.attn.qkv.lora_B.default.weight | 24576      | [TRAINABLE]
2026-06-25 00:33:32,137 | INFO | vit_model.base_model.model.blocks.23.attn.proj.weight | 1048576    | [FROZEN]
2026-06-25 00:33:32,137 | INFO | vit_model.base_model.model.blocks.23.attn.proj.bias | 1024       | [FROZEN]
2026-06-25 00:33:32,137 | INFO | vit_model.base_model.model.blocks.23.ls1.gamma | 1024       | [FROZEN]
2026-06-25 00:33:32,137 | INFO | vit_model.base_model.model.blocks.23.norm2.weight | 1024       | [FROZEN]
2026-06-25 00:33:32,137 | INFO | vit_model.base_model.model.blocks.23.norm2.bias | 1024       | [FROZEN]
2026-06-25 00:33:32,137 | INFO | vit_model.base_model.model.blocks.23.mlp.fc1.weight | 4194304    | [FROZEN]
2026-06-25 00:33:32,137 | INFO | vit_model.base_model.model.blocks.23.mlp.fc1.bias | 4096       | [FROZEN]
2026-06-25 00:33:32,137 | INFO | vit_model.base_model.model.blocks.23.mlp.fc2.weight | 4194304    | [FROZEN]
2026-06-25 00:33:32,137 | INFO | vit_model.base_model.model.blocks.23.mlp.fc2.bias | 1024       | [FROZEN]
2026-06-25 00:33:32,137 | INFO | vit_model.base_model.model.blocks.23.ls2.gamma | 1024       | [FROZEN]
2026-06-25 00:33:32,137 | INFO | vit_model.base_model.model.norm.weight   | 1024       | [FROZEN]
2026-06-25 00:33:32,137 | INFO | vit_model.base_model.model.norm.bias     | 1024       | [FROZEN]
2026-06-25 00:33:32,137 | INFO | mil_model.w_map.0.weight                 | 1024       | [TRAINABLE]
2026-06-25 00:33:32,137 | INFO | mil_model.v_map.0.weight                 | 1048576    | [TRAINABLE]
2026-06-25 00:33:32,137 | INFO | concept_heads.0.weight                   | 4096       | [TRAINABLE]
2026-06-25 00:33:32,137 | INFO | concept_heads.0.bias                     | 4          | [TRAINABLE]
2026-06-25 00:33:32,137 | INFO | concept_heads.1.weight                   | 3072       | [TRAINABLE]
2026-06-25 00:33:32,137 | INFO | concept_heads.1.bias                     | 3          | [TRAINABLE]
2026-06-25 00:33:32,137 | INFO | concept_heads.2.weight                   | 3072       | [TRAINABLE]
2026-06-25 00:33:32,137 | INFO | concept_heads.2.bias                     | 3          | [TRAINABLE]
2026-06-25 00:33:32,137 | INFO | task_model.weight                        | 10         | [TRAINABLE]
2026-06-25 00:33:32,137 | INFO | task_model.bias                          | 1          | [TRAINABLE]
2026-06-25 00:33:32,138 | INFO | Total parameters (incl unnamed): 305.1971M
2026-06-25 00:33:32,138 | INFO | Total named parameters: 305.1971M
2026-06-25 00:33:32,138 | INFO | Trainable parameters: 1.8463M
2026-06-25 00:33:32,138 | INFO | ======== starting epoch 1 ========
2026-06-25 00:33:32,138 | INFO | epoch 1 LR at start of epoch: vit = 0.000000
2026-06-25 00:33:32,138 | INFO | epoch 1 LR at start of epoch: head = 0.010000
2026-06-25 00:33:32,138 | INFO | [VALIDATION STEP]
2026-06-25 00:33:46,724 | INFO | [epoch 1 | val | batch 0 start] allocated=2955.9MB | reserved=31856.0MB | peak=12411.9MB
2026-06-25 00:35:32,654 | INFO | [epoch 1 | val | batch 10 start] allocated=2955.9MB | reserved=31856.0MB | peak=12411.9MB
2026-06-25 00:35:43,889 | INFO | epoch 1 val loss (mean of batches): 1.45
2026-06-25 00:35:43,889 | INFO | epoch 1 val loss history: [1.4509999752044678]
2026-06-25 00:35:43,889 | INFO | epoch 1 val c-index (total sample): 0.51
2026-06-25 00:35:43,889 | INFO | epoch 1 val c-index history: [0.509]
2026-06-25 00:35:43,892 | INFO | [TRAINING STEP]
2026-06-25 00:35:54,593 | INFO | [epoch 1 | train | batch 0 start] allocated=2367.9MB | reserved=31856.0MB | peak=12411.9MB
2026-06-25 00:35:56,319 | INFO |     task_logits from  -0.64453125 to 0.49609375
2026-06-25 00:36:51,278 | INFO | [epoch 1 | train | batch 10 start] allocated=2389.0MB | reserved=31856.0MB | peak=30391.5MB
2026-06-25 00:37:48,017 | INFO | [epoch 1 | train | batch 20 start] allocated=2389.0MB | reserved=31856.0MB | peak=30391.5MB
2026-06-25 00:38:44,706 | INFO | [epoch 1 | train | batch 30 start] allocated=2389.0MB | reserved=31856.0MB | peak=30391.5MB
2026-06-25 00:39:41,419 | INFO | [epoch 1 | train | batch 40 start] allocated=2389.0MB | reserved=31856.0MB | peak=30391.5MB
2026-06-25 00:40:15,419 | INFO | epoch 1 train total loss: 1.83
2026-06-25 00:40:15,419 | INFO | epoch 1 train concept loss: 1.54
2026-06-25 00:40:15,419 | INFO | epoch 1 train task loss: 0.29
2026-06-25 00:40:15,419 | INFO | epoch 1 train total loss history: [1.8300000429153442]
2026-06-25 00:40:15,419 | INFO | epoch 1 train concept loss history: [1.5440000295639038]
2026-06-25 00:40:15,419 | INFO | epoch 1 train task loss history: [0.28600001335144043]
2026-06-25 00:40:15,419 | INFO | epoch 1 complete
2026-06-25 00:40:15,419 | INFO | ======== starting epoch 2 ========
2026-06-25 00:40:15,419 | INFO | epoch 2 LR at start of epoch: vit = 0.000000
2026-06-25 00:40:15,419 | INFO | epoch 2 LR at start of epoch: head = 0.009755
2026-06-25 00:40:15,419 | INFO | [VALIDATION STEP]
2026-06-25 00:40:29,159 | INFO | [epoch 2 | val | batch 0 start] allocated=2977.0MB | reserved=31856.0MB | peak=30391.5MB
2026-06-25 00:42:16,050 | INFO | [epoch 2 | val | batch 10 start] allocated=2977.0MB | reserved=31856.0MB | peak=30391.5MB
2026-06-25 00:42:27,411 | INFO | epoch 2 val loss (mean of batches): 1.46
2026-06-25 00:42:27,411 | INFO | epoch 2 val loss history: [1.4509999752044678, 1.4630000591278076]
2026-06-25 00:42:27,411 | INFO | epoch 2 val c-index (total sample): 0.53
2026-06-25 00:42:27,411 | INFO | epoch 2 val c-index history: [0.509, 0.533]
2026-06-25 00:42:27,414 | INFO | [TRAINING STEP]
2026-06-25 00:42:36,737 | INFO | [epoch 2 | train | batch 0 start] allocated=2389.0MB | reserved=31856.0MB | peak=30391.5MB
2026-06-25 00:42:38,468 | INFO |     task_logits from  -0.91015625 to 1.578125
2026-06-25 00:43:33,362 | INFO | [epoch 2 | train | batch 10 start] allocated=2389.0MB | reserved=31856.0MB | peak=30391.5MB
2026-06-25 00:44:30,078 | INFO | [epoch 2 | train | batch 20 start] allocated=2389.0MB | reserved=31856.0MB | peak=30391.5MB
2026-06-25 00:45:26,793 | INFO | [epoch 2 | train | batch 30 start] allocated=2389.0MB | reserved=31856.0MB | peak=30391.5MB
2026-06-25 00:46:23,536 | INFO | [epoch 2 | train | batch 40 start] allocated=2389.0MB | reserved=31856.0MB | peak=30391.5MB
2026-06-25 00:46:57,539 | INFO | epoch 2 train total loss: 1.25
2026-06-25 00:46:57,539 | INFO | epoch 2 train concept loss: 1.06
2026-06-25 00:46:57,539 | INFO | epoch 2 train task loss: 0.20
2026-06-25 00:46:57,539 | INFO | epoch 2 train total loss history: [1.8300000429153442, 1.253000020980835]
2026-06-25 00:46:57,539 | INFO | epoch 2 train concept loss history: [1.5440000295639038, 1.0579999685287476]
2026-06-25 00:46:57,539 | INFO | epoch 2 train task loss history: [0.28600001335144043, 0.19599999487400055]
2026-06-25 00:46:57,540 | INFO | epoch 2 complete
2026-06-25 00:46:57,540 | INFO | ======== starting epoch 3 ========
2026-06-25 00:46:57,540 | INFO | epoch 3 LR at start of epoch: vit = 0.000000
2026-06-25 00:46:57,540 | INFO | epoch 3 LR at start of epoch: head = 0.009045
2026-06-25 00:46:57,540 | INFO | [VALIDATION STEP]
2026-06-25 00:47:12,233 | INFO | [epoch 3 | val | batch 0 start] allocated=2977.0MB | reserved=31856.0MB | peak=30391.5MB
2026-06-25 00:48:58,582 | INFO | [epoch 3 | val | batch 10 start] allocated=2977.0MB | reserved=31856.0MB | peak=30391.5MB
2026-06-25 00:49:09,867 | INFO | epoch 3 val loss (mean of batches): 1.51
2026-06-25 00:49:09,867 | INFO | epoch 3 val loss history: [1.4509999752044678, 1.4630000591278076, 1.5130000114440918]
2026-06-25 00:49:09,867 | INFO | epoch 3 val c-index (total sample): 0.52
2026-06-25 00:49:09,867 | INFO | epoch 3 val c-index history: [0.509, 0.533, 0.523]
2026-06-25 00:49:09,869 | INFO | [TRAINING STEP]
2026-06-25 00:49:19,943 | INFO | [epoch 3 | train | batch 0 start] allocated=2389.0MB | reserved=31856.0MB | peak=30391.5MB
2026-06-25 00:49:21,670 | INFO |     task_logits from  -1.4765625 to 0.29296875
2026-06-25 00:50:16,565 | INFO | [epoch 3 | train | batch 10 start] allocated=2389.0MB | reserved=31856.0MB | peak=30391.5MB
2026-06-25 00:51:13,236 | INFO | [epoch 3 | train | batch 20 start] allocated=2389.0MB | reserved=31856.0MB | peak=30391.5MB
2026-06-25 00:52:10,012 | INFO | [epoch 3 | train | batch 30 start] allocated=2389.0MB | reserved=31856.0MB | peak=30391.5MB
2026-06-25 00:53:06,753 | INFO | [epoch 3 | train | batch 40 start] allocated=2389.0MB | reserved=31856.0MB | peak=30391.5MB
2026-06-25 00:53:40,737 | INFO | epoch 3 train total loss: 1.20
2026-06-25 00:53:40,738 | INFO | epoch 3 train concept loss: 1.03
2026-06-25 00:53:40,738 | INFO | epoch 3 train task loss: 0.17
2026-06-25 00:53:40,738 | INFO | epoch 3 train total loss history: [1.8300000429153442, 1.253000020980835, 1.1979999542236328]
2026-06-25 00:53:40,738 | INFO | epoch 3 train concept loss history: [1.5440000295639038, 1.0579999685287476, 1.0290000438690186]
2026-06-25 00:53:40,738 | INFO | epoch 3 train task loss history: [0.28600001335144043, 0.19599999487400055, 0.16899999976158142]
2026-06-25 00:53:40,738 | INFO | epoch 3 complete
2026-06-25 00:53:40,738 | INFO | ======== starting epoch 4 ========
2026-06-25 00:53:40,738 | INFO | epoch 4 LR at start of epoch: vit = 0.000000
2026-06-25 00:53:40,738 | INFO | epoch 4 LR at start of epoch: head = 0.007939
2026-06-25 00:53:40,738 | INFO | [VALIDATION STEP]
2026-06-25 00:53:54,736 | INFO | [epoch 4 | val | batch 0 start] allocated=2977.0MB | reserved=31856.0MB | peak=30391.5MB
2026-06-25 00:55:41,083 | INFO | [epoch 4 | val | batch 10 start] allocated=2977.0MB | reserved=31856.0MB | peak=30391.5MB
2026-06-25 00:55:52,468 | INFO | epoch 4 val loss (mean of batches): 1.56
2026-06-25 00:55:52,468 | INFO | epoch 4 val loss history: [1.4509999752044678, 1.4630000591278076, 1.5130000114440918, 1.5609999895095825]
2026-06-25 00:55:52,468 | INFO | epoch 4 val c-index (total sample): 0.62
2026-06-25 00:55:52,468 | INFO | epoch 4 val c-index history: [0.509, 0.533, 0.523, 0.621]
2026-06-25 00:55:52,470 | INFO | [TRAINING STEP]
2026-06-25 00:56:02,685 | INFO | [epoch 4 | train | batch 0 start] allocated=2389.0MB | reserved=31856.0MB | peak=30391.5MB
2026-06-25 00:56:04,413 | INFO |     task_logits from  -2.4375 to 2.4375
2026-06-25 00:56:59,406 | INFO | [epoch 4 | train | batch 10 start] allocated=2389.0MB | reserved=31856.0MB | peak=30391.5MB
2026-06-25 00:57:56,185 | INFO | [epoch 4 | train | batch 20 start] allocated=2389.0MB | reserved=31856.0MB | peak=30391.5MB
2026-06-25 00:58:52,951 | INFO | [epoch 4 | train | batch 30 start] allocated=2389.0MB | reserved=31856.0MB | peak=30391.5MB
2026-06-25 00:59:49,677 | INFO | [epoch 4 | train | batch 40 start] allocated=2389.0MB | reserved=31856.0MB | peak=30391.5MB
2026-06-25 01:00:23,680 | INFO | epoch 4 train total loss: 1.06
2026-06-25 01:00:23,680 | INFO | epoch 4 train concept loss: 0.89
2026-06-25 01:00:23,680 | INFO | epoch 4 train task loss: 0.16
2026-06-25 01:00:23,680 | INFO | epoch 4 train total loss history: [1.8300000429153442, 1.253000020980835, 1.1979999542236328, 1.0570000410079956]
2026-06-25 01:00:23,680 | INFO | epoch 4 train concept loss history: [1.5440000295639038, 1.0579999685287476, 1.0290000438690186, 0.8939999938011169]
2026-06-25 01:00:23,680 | INFO | epoch 4 train task loss history: [0.28600001335144043, 0.19599999487400055, 0.16899999976158142, 0.164000004529953]
2026-06-25 01:00:23,681 | INFO | epoch 4 complete
2026-06-25 01:00:23,681 | INFO | ======== starting epoch 5 ========
2026-06-25 01:00:23,681 | INFO | epoch 5 LR at start of epoch: vit = 0.000000
2026-06-25 01:00:23,681 | INFO | epoch 5 LR at start of epoch: head = 0.006545
2026-06-25 01:00:23,681 | INFO | [VALIDATION STEP]
2026-06-25 01:00:38,422 | INFO | [epoch 5 | val | batch 0 start] allocated=2977.0MB | reserved=31856.0MB | peak=30391.5MB
2026-06-25 01:02:24,774 | INFO | [epoch 5 | val | batch 10 start] allocated=2977.0MB | reserved=31856.0MB | peak=30391.5MB
2026-06-25 01:02:36,225 | INFO | epoch 5 val loss (mean of batches): 1.47
2026-06-25 01:02:36,225 | INFO | epoch 5 val loss history: [1.4509999752044678, 1.4630000591278076, 1.5130000114440918, 1.5609999895095825, 1.468999981880188]
2026-06-25 01:02:36,225 | INFO | epoch 5 val c-index (total sample): 0.56
2026-06-25 01:02:36,225 | INFO | epoch 5 val c-index history: [0.509, 0.533, 0.523, 0.621, 0.564]
2026-06-25 01:02:36,227 | INFO | [TRAINING STEP]
2026-06-25 01:02:46,085 | INFO | [epoch 5 | train | batch 0 start] allocated=2389.0MB | reserved=31856.0MB | peak=30391.5MB
2026-06-25 01:02:47,809 | INFO |     task_logits from  -1.515625 to 1.3046875
2026-06-25 01:03:43,092 | INFO | [epoch 5 | train | batch 10 start] allocated=2389.0MB | reserved=31856.0MB | peak=30391.5MB
2026-06-25 01:04:39,803 | INFO | [epoch 5 | train | batch 20 start] allocated=2389.0MB | reserved=31856.0MB | peak=30391.5MB
2026-06-25 01:05:36,529 | INFO | [epoch 5 | train | batch 30 start] allocated=2389.0MB | reserved=31856.0MB | peak=30391.5MB
2026-06-25 01:06:33,260 | INFO | [epoch 5 | train | batch 40 start] allocated=2389.0MB | reserved=31856.0MB | peak=30391.5MB
2026-06-25 01:07:07,281 | INFO | epoch 5 train total loss: 0.85
2026-06-25 01:07:07,281 | INFO | epoch 5 train concept loss: 0.72
2026-06-25 01:07:07,281 | INFO | epoch 5 train task loss: 0.13
2026-06-25 01:07:07,281 | INFO | epoch 5 train total loss history: [1.8300000429153442, 1.253000020980835, 1.1979999542236328, 1.0570000410079956, 0.8519999980926514]
2026-06-25 01:07:07,281 | INFO | epoch 5 train concept loss history: [1.5440000295639038, 1.0579999685287476, 1.0290000438690186, 0.8939999938011169, 0.718999981880188]
2026-06-25 01:07:07,281 | INFO | epoch 5 train task loss history: [0.28600001335144043, 0.19599999487400055, 0.16899999976158142, 0.164000004529953, 0.13300000131130219]
2026-06-25 01:07:07,282 | INFO | epoch 5 complete
2026-06-25 01:07:07,282 | INFO | ======== starting epoch 6 ========
2026-06-25 01:07:07,282 | INFO | epoch 6 LR at start of epoch: vit = 0.000000
2026-06-25 01:07:07,282 | INFO | epoch 6 LR at start of epoch: head = 0.005000
2026-06-25 01:07:07,282 | INFO | [VALIDATION STEP]
2026-06-25 01:07:21,781 | INFO | [epoch 6 | val | batch 0 start] allocated=2977.0MB | reserved=31856.0MB | peak=30391.5MB
2026-06-25 01:09:08,068 | INFO | [epoch 6 | val | batch 10 start] allocated=2977.0MB | reserved=31856.0MB | peak=30391.5MB
2026-06-25 01:09:19,335 | INFO | epoch 6 val loss (mean of batches): 1.46
2026-06-25 01:09:19,335 | INFO | epoch 6 val loss history: [1.4509999752044678, 1.4630000591278076, 1.5130000114440918, 1.5609999895095825, 1.468999981880188, 1.4589999914169312]
2026-06-25 01:09:19,335 | INFO | epoch 6 val c-index (total sample): 0.59
2026-06-25 01:09:19,335 | INFO | epoch 6 val c-index history: [0.509, 0.533, 0.523, 0.621, 0.564, 0.588]
2026-06-25 01:09:19,337 | INFO | [TRAINING STEP]
2026-06-25 01:09:29,378 | INFO | [epoch 6 | train | batch 0 start] allocated=2389.0MB | reserved=31856.0MB | peak=30391.5MB
2026-06-25 01:09:31,103 | INFO |     task_logits from  -4.03125 to 1.1640625
2026-06-25 01:10:26,167 | INFO | [epoch 6 | train | batch 10 start] allocated=2389.0MB | reserved=31856.0MB | peak=30391.5MB
2026-06-25 01:11:22,846 | INFO | [epoch 6 | train | batch 20 start] allocated=2389.0MB | reserved=31856.0MB | peak=30391.5MB
2026-06-25 01:12:19,573 | INFO | [epoch 6 | train | batch 30 start] allocated=2389.0MB | reserved=31856.0MB | peak=30391.5MB
2026-06-25 01:13:16,330 | INFO | [epoch 6 | train | batch 40 start] allocated=2389.0MB | reserved=31856.0MB | peak=30391.5MB
2026-06-25 01:13:50,323 | INFO | epoch 6 train total loss: 0.75
2026-06-25 01:13:50,323 | INFO | epoch 6 train concept loss: 0.61
2026-06-25 01:13:50,323 | INFO | epoch 6 train task loss: 0.14
2026-06-25 01:13:50,323 | INFO | epoch 6 train total loss history: [1.8300000429153442, 1.253000020980835, 1.1979999542236328, 1.0570000410079956, 0.8519999980926514, 0.75]
2026-06-25 01:13:50,323 | INFO | epoch 6 train concept loss history: [1.5440000295639038, 1.0579999685287476, 1.0290000438690186, 0.8939999938011169, 0.718999981880188, 0.6140000224113464]
2026-06-25 01:13:50,323 | INFO | epoch 6 train task loss history: [0.28600001335144043, 0.19599999487400055, 0.16899999976158142, 0.164000004529953, 0.13300000131130219, 0.13699999451637268]
2026-06-25 01:13:50,324 | INFO | epoch 6 complete
2026-06-25 01:13:50,324 | INFO | ======== starting epoch 7 ========
2026-06-25 01:13:50,324 | INFO | epoch 7 LR at start of epoch: vit = 0.000000
2026-06-25 01:13:50,324 | INFO | epoch 7 LR at start of epoch: head = 0.003455
2026-06-25 01:13:50,324 | INFO | [VALIDATION STEP]
2026-06-25 01:14:04,962 | INFO | [epoch 7 | val | batch 0 start] allocated=2977.0MB | reserved=31856.0MB | peak=30391.5MB
2026-06-25 01:15:51,664 | INFO | [epoch 7 | val | batch 10 start] allocated=2977.0MB | reserved=31856.0MB | peak=30391.5MB
2026-06-25 01:16:03,022 | INFO | epoch 7 val loss (mean of batches): 1.57
2026-06-25 01:16:03,022 | INFO | epoch 7 val loss history: [1.4509999752044678, 1.4630000591278076, 1.5130000114440918, 1.5609999895095825, 1.468999981880188, 1.4589999914169312, 1.5709999799728394]
2026-06-25 01:16:03,022 | INFO | epoch 7 val c-index (total sample): 0.61
2026-06-25 01:16:03,022 | INFO | epoch 7 val c-index history: [0.509, 0.533, 0.523, 0.621, 0.564, 0.588, 0.614]
2026-06-25 01:16:03,024 | INFO | [TRAINING STEP]
2026-06-25 01:16:13,171 | INFO | [epoch 7 | train | batch 0 start] allocated=2389.0MB | reserved=31856.0MB | peak=30391.5MB
2026-06-25 01:16:14,899 | INFO |     task_logits from  -3.390625 to 1.9921875
2026-06-25 01:17:09,790 | INFO | [epoch 7 | train | batch 10 start] allocated=2389.0MB | reserved=31856.0MB | peak=30391.5MB
2026-06-25 01:18:06,471 | INFO | [epoch 7 | train | batch 20 start] allocated=2389.0MB | reserved=31856.0MB | peak=30391.5MB
2026-06-25 01:19:03,229 | INFO | [epoch 7 | train | batch 30 start] allocated=2389.0MB | reserved=31856.0MB | peak=30391.5MB
2026-06-25 01:19:59,955 | INFO | [epoch 7 | train | batch 40 start] allocated=2389.0MB | reserved=31856.0MB | peak=30391.5MB
2026-06-25 01:20:33,959 | INFO | epoch 7 train total loss: 0.62
2026-06-25 01:20:33,959 | INFO | epoch 7 train concept loss: 0.49
2026-06-25 01:20:33,959 | INFO | epoch 7 train task loss: 0.13
2026-06-25 01:20:33,959 | INFO | epoch 7 train total loss history: [1.8300000429153442, 1.253000020980835, 1.1979999542236328, 1.0570000410079956, 0.8519999980926514, 0.75, 0.6190000176429749]
2026-06-25 01:20:33,959 | INFO | epoch 7 train concept loss history: [1.5440000295639038, 1.0579999685287476, 1.0290000438690186, 0.8939999938011169, 0.718999981880188, 0.6140000224113464, 0.48500001430511475]
2026-06-25 01:20:33,959 | INFO | epoch 7 train task loss history: [0.28600001335144043, 0.19599999487400055, 0.16899999976158142, 0.164000004529953, 0.13300000131130219, 0.13699999451637268, 0.1340000033378601]
2026-06-25 01:20:33,959 | INFO | epoch 7 complete
2026-06-25 01:20:33,959 | INFO | ======== starting epoch 8 ========
2026-06-25 01:20:33,959 | INFO | epoch 8 LR at start of epoch: vit = 0.000000
2026-06-25 01:20:33,959 | INFO | epoch 8 LR at start of epoch: head = 0.002061
2026-06-25 01:20:33,959 | INFO | [VALIDATION STEP]
2026-06-25 01:20:49,006 | INFO | [epoch 8 | val | batch 0 start] allocated=2977.0MB | reserved=31856.0MB | peak=30391.5MB
2026-06-25 01:22:35,478 | INFO | [epoch 8 | val | batch 10 start] allocated=2977.0MB | reserved=31856.0MB | peak=30391.5MB
2026-06-25 01:22:46,745 | INFO | epoch 8 val loss (mean of batches): 1.45
2026-06-25 01:22:46,745 | INFO | epoch 8 val loss history: [1.4509999752044678, 1.4630000591278076, 1.5130000114440918, 1.5609999895095825, 1.468999981880188, 1.4589999914169312, 1.5709999799728394, 1.4490000009536743]
2026-06-25 01:22:46,745 | INFO | epoch 8 val c-index (total sample): 0.62
2026-06-25 01:22:46,745 | INFO | epoch 8 val c-index history: [0.509, 0.533, 0.523, 0.621, 0.564, 0.588, 0.614, 0.618]
2026-06-25 01:22:46,748 | INFO | [TRAINING STEP]
2026-06-25 01:22:57,218 | INFO | [epoch 8 | train | batch 0 start] allocated=2389.0MB | reserved=31856.0MB | peak=30391.5MB
2026-06-25 01:22:58,943 | INFO |     task_logits from  -3.640625 to 2.828125
2026-06-25 01:23:53,906 | INFO | [epoch 8 | train | batch 10 start] allocated=2389.0MB | reserved=31856.0MB | peak=30391.5MB
2026-06-25 01:24:50,587 | INFO | [epoch 8 | train | batch 20 start] allocated=2389.0MB | reserved=31856.0MB | peak=30391.5MB
2026-06-25 01:25:47,324 | INFO | [epoch 8 | train | batch 30 start] allocated=2389.0MB | reserved=31856.0MB | peak=30391.5MB
2026-06-25 01:26:44,061 | INFO | [epoch 8 | train | batch 40 start] allocated=2389.0MB | reserved=31856.0MB | peak=30391.5MB
2026-06-25 01:27:18,037 | INFO | epoch 8 train total loss: 0.53
2026-06-25 01:27:18,037 | INFO | epoch 8 train concept loss: 0.43
2026-06-25 01:27:18,037 | INFO | epoch 8 train task loss: 0.10
2026-06-25 01:27:18,037 | INFO | epoch 8 train total loss history: [1.8300000429153442, 1.253000020980835, 1.1979999542236328, 1.0570000410079956, 0.8519999980926514, 0.75, 0.6190000176429749, 0.5289999842643738]
2026-06-25 01:27:18,037 | INFO | epoch 8 train concept loss history: [1.5440000295639038, 1.0579999685287476, 1.0290000438690186, 0.8939999938011169, 0.718999981880188, 0.6140000224113464, 0.48500001430511475, 0.42500001192092896]
2026-06-25 01:27:18,037 | INFO | epoch 8 train task loss history: [0.28600001335144043, 0.19599999487400055, 0.16899999976158142, 0.164000004529953, 0.13300000131130219, 0.13699999451637268, 0.1340000033378601, 0.10400000214576721]
2026-06-25 01:27:18,038 | INFO | epoch 8 complete
2026-06-25 01:27:18,038 | INFO | ======== starting epoch 9 ========
2026-06-25 01:27:18,038 | INFO | epoch 9 LR at start of epoch: vit = 0.000000
2026-06-25 01:27:18,038 | INFO | epoch 9 LR at start of epoch: head = 0.000955
2026-06-25 01:27:18,038 | INFO | [VALIDATION STEP]
2026-06-25 01:27:34,161 | INFO | [epoch 9 | val | batch 0 start] allocated=2977.0MB | reserved=31856.0MB | peak=30391.5MB
2026-06-25 01:29:20,858 | INFO | [epoch 9 | val | batch 10 start] allocated=2977.0MB | reserved=31856.0MB | peak=30391.5MB
2026-06-25 01:29:32,283 | INFO | epoch 9 val loss (mean of batches): 1.39
2026-06-25 01:29:32,284 | INFO | epoch 9 val loss history: [1.4509999752044678, 1.4630000591278076, 1.5130000114440918, 1.5609999895095825, 1.468999981880188, 1.4589999914169312, 1.5709999799728394, 1.4490000009536743, 1.3890000581741333]
2026-06-25 01:29:32,284 | INFO | epoch 9 val c-index (total sample): 0.61
2026-06-25 01:29:32,284 | INFO | epoch 9 val c-index history: [0.509, 0.533, 0.523, 0.621, 0.564, 0.588, 0.614, 0.618, 0.607]
2026-06-25 01:29:32,286 | INFO | [TRAINING STEP]
2026-06-25 01:29:41,824 | INFO | [epoch 9 | train | batch 0 start] allocated=2389.0MB | reserved=31856.0MB | peak=30391.5MB
2026-06-25 01:29:43,547 | INFO |     task_logits from  -4.71875 to 3.890625
2026-06-25 01:30:38,464 | INFO | [epoch 9 | train | batch 10 start] allocated=2389.0MB | reserved=31856.0MB | peak=30391.5MB
2026-06-25 01:31:35,153 | INFO | [epoch 9 | train | batch 20 start] allocated=2389.0MB | reserved=31856.0MB | peak=30391.5MB
2026-06-25 01:32:31,884 | INFO | [epoch 9 | train | batch 30 start] allocated=2389.0MB | reserved=31856.0MB | peak=30391.5MB
2026-06-25 01:33:28,577 | INFO | [epoch 9 | train | batch 40 start] allocated=2389.0MB | reserved=31856.0MB | peak=30391.5MB
2026-06-25 01:34:02,583 | INFO | epoch 9 train total loss: 0.48
2026-06-25 01:34:02,583 | INFO | epoch 9 train concept loss: 0.37
2026-06-25 01:34:02,583 | INFO | epoch 9 train task loss: 0.11
2026-06-25 01:34:02,584 | INFO | epoch 9 train total loss history: [1.8300000429153442, 1.253000020980835, 1.1979999542236328, 1.0570000410079956, 0.8519999980926514, 0.75, 0.6190000176429749, 0.5289999842643738, 0.47600001096725464]
2026-06-25 01:34:02,584 | INFO | epoch 9 train concept loss history: [1.5440000295639038, 1.0579999685287476, 1.0290000438690186, 0.8939999938011169, 0.718999981880188, 0.6140000224113464, 0.48500001430511475, 0.42500001192092896, 0.36800000071525574]
2026-06-25 01:34:02,584 | INFO | epoch 9 train task loss history: [0.28600001335144043, 0.19599999487400055, 0.16899999976158142, 0.164000004529953, 0.13300000131130219, 0.13699999451637268, 0.1340000033378601, 0.10400000214576721, 0.1080000028014183]
2026-06-25 01:34:02,584 | INFO | epoch 9 complete
2026-06-25 01:34:02,584 | INFO | ======== starting epoch 10 ========
2026-06-25 01:34:02,584 | INFO | epoch 10 LR at start of epoch: vit = 0.000000
2026-06-25 01:34:02,584 | INFO | epoch 10 LR at start of epoch: head = 0.000245
2026-06-25 01:34:02,584 | INFO | [VALIDATION STEP]
2026-06-25 01:34:17,315 | INFO | [epoch 10 | val | batch 0 start] allocated=2977.0MB | reserved=31856.0MB | peak=30391.5MB
2026-06-25 01:36:03,606 | INFO | [epoch 10 | val | batch 10 start] allocated=2977.0MB | reserved=31856.0MB | peak=30391.5MB
2026-06-25 01:36:15,651 | INFO | epoch 10 val loss (mean of batches): 1.48
2026-06-25 01:36:15,651 | INFO | epoch 10 val loss history: [1.4509999752044678, 1.4630000591278076, 1.5130000114440918, 1.5609999895095825, 1.468999981880188, 1.4589999914169312, 1.5709999799728394, 1.4490000009536743, 1.3890000581741333, 1.475000023841858]
2026-06-25 01:36:15,651 | INFO | epoch 10 val c-index (total sample): 0.63
2026-06-25 01:36:15,651 | INFO | epoch 10 val c-index history: [0.509, 0.533, 0.523, 0.621, 0.564, 0.588, 0.614, 0.618, 0.607, 0.634]
2026-06-25 01:36:15,653 | INFO | [TRAINING STEP]
2026-06-25 01:36:25,717 | INFO | [epoch 10 | train | batch 0 start] allocated=2389.0MB | reserved=31856.0MB | peak=30391.5MB
2026-06-25 01:36:27,443 | INFO |     task_logits from  -4.03125 to 3.921875
2026-06-25 01:37:22,317 | INFO | [epoch 10 | train | batch 10 start] allocated=2389.0MB | reserved=31856.0MB | peak=30391.5MB
2026-06-25 01:38:19,029 | INFO | [epoch 10 | train | batch 20 start] allocated=2389.0MB | reserved=31856.0MB | peak=30391.5MB
2026-06-25 01:39:15,721 | INFO | [epoch 10 | train | batch 30 start] allocated=2389.0MB | reserved=31856.0MB | peak=30391.5MB
2026-06-25 01:40:12,441 | INFO | [epoch 10 | train | batch 40 start] allocated=2389.0MB | reserved=31856.0MB | peak=30391.5MB
2026-06-25 01:40:46,431 | INFO | epoch 10 train total loss: 0.43
2026-06-25 01:40:46,431 | INFO | epoch 10 train concept loss: 0.34
2026-06-25 01:40:46,431 | INFO | epoch 10 train task loss: 0.09
2026-06-25 01:40:46,431 | INFO | epoch 10 train total loss history: [1.8300000429153442, 1.253000020980835, 1.1979999542236328, 1.0570000410079956, 0.8519999980926514, 0.75, 0.6190000176429749, 0.5289999842643738, 0.47600001096725464, 0.4300000071525574]
2026-06-25 01:40:46,431 | INFO | epoch 10 train concept loss history: [1.5440000295639038, 1.0579999685287476, 1.0290000438690186, 0.8939999938011169, 0.718999981880188, 0.6140000224113464, 0.48500001430511475, 0.42500001192092896, 0.36800000071525574, 0.3409999907016754]
2026-06-25 01:40:46,431 | INFO | epoch 10 train task loss history: [0.28600001335144043, 0.19599999487400055, 0.16899999976158142, 0.164000004529953, 0.13300000131130219, 0.13699999451637268, 0.1340000033378601, 0.10400000214576721, 0.1080000028014183, 0.08900000154972076]
2026-06-25 01:40:46,431 | INFO | epoch 10 complete
2026-06-25 01:40:46,433 | INFO | training complete
2026-06-25 01:40:46,433 | INFO | predicting on the validation set
2026-06-25 01:41:51,693 | INFO |   starting batch 1 of validation
2026-06-25 01:41:56,860 | INFO |   starting batch 2 of validation
2026-06-25 01:42:02,117 | INFO |   starting batch 3 of validation
2026-06-25 01:42:07,340 | INFO |   starting batch 4 of validation
2026-06-25 01:42:12,966 | INFO |   starting batch 5 of validation
2026-06-25 01:42:18,236 | INFO |   starting batch 6 of validation
2026-06-25 01:42:23,802 | INFO |   starting batch 7 of validation
2026-06-25 01:42:29,100 | INFO |   starting batch 8 of validation
2026-06-25 01:42:34,795 | INFO |   starting batch 9 of validation
2026-06-25 01:42:40,118 | INFO |   starting batch 10 of validation
2026-06-25 01:42:45,437 | INFO |   starting batch 11 of validation
2026-06-25 01:42:50,760 | INFO |   starting batch 12 of validation
2026-06-25 01:42:53,707 | INFO | measuring performance
2026-06-25 01:42:53,707 | INFO | y_test: (185, 2)
2026-06-25 01:42:53,707 | INFO | y_probs: (185, 1)
2026-06-25 01:42:53,707 | INFO | c_test: (185, 3)
2026-06-25 01:42:53,707 | INFO | c_probs: (185, 10)
2026-06-25 01:42:53,708 | INFO | c_test_concept: (185,)
2026-06-25 01:42:53,708 | INFO | c_pred_concept: (185,)
2026-06-25 01:42:53,714 | INFO | c_test_concept: (185,)
2026-06-25 01:42:53,714 | INFO | c_pred_concept: (185,)
2026-06-25 01:42:53,718 | INFO | c_test_concept: (185,)
2026-06-25 01:42:53,718 | INFO | c_pred_concept: (185,)
2026-06-25 01:42:53,722 | INFO | results: {'task': {'c_index': 0.6344576116681859}, 'concepts': {'concept_0': {'0': {'precision': 0.2962962962962963, 'recall': 0.21052631578947367, 'f1-score': 0.24615384615384617, 'support': 38.0}, '1': {'precision': 0.5726495726495726, 'recall': 0.6320754716981132, 'f1-score': 0.600896860986547, 'support': 106.0}, '2': {'precision': 0.25, 'recall': 0.2631578947368421, 'f1-score': 0.2564102564102564, 'support': 38.0}, '3': {'precision': 0.0, 'recall': 0.0, 'f1-score': 0.0, 'support': 3.0}, 'accuracy': 0.4594594594594595, 'macro avg': {'precision': 0.2797364672364672, 'recall': 0.2764399205561072, 'f1-score': 0.2758652408876624, 'support': 185.0}, 'weighted avg': {'precision': 0.4403249403249403, 'recall': 0.4594594594594595, 'f1-score': 0.4475270441189723, 'support': 185.0}, 'auc': {'ovo': 0.5653873180136704}, 'confusion': {'true_0': {'pred_0': 8, 'pred_1': 25, 'pred_2': 5, 'pred_3': 0}, 'true_1': {'pred_0': 15, 'pred_1': 67, 'pred_2': 23, 'pred_3': 1}, 'true_2': {'pred_0': 3, 'pred_1': 25, 'pred_2': 10, 'pred_3': 0}, 'true_3': {'pred_0': 1, 'pred_1': 0, 'pred_2': 2, 'pred_3': 0}}}, 'concept_1': {'0': {'precision': 0.5698924731182796, 'recall': 0.7066666666666667, 'f1-score': 0.6309523809523809, 'support': 75.0}, '1': {'precision': 0.5573770491803278, 'recall': 0.5074626865671642, 'f1-score': 0.53125, 'support': 67.0}, '2': {'precision': 0.4838709677419355, 'recall': 0.3488372093023256, 'f1-score': 0.40540540540540543, 'support': 43.0}, 'accuracy': 0.5513513513513514, 'macro avg': {'precision': 0.5370468300135144, 'recall': 0.5209888541787188, 'f1-score': 0.5225359287859288, 'support': 185.0}, 'weighted avg': {'precision': 0.5453656723884117, 'recall': 0.5513513513513514, 'f1-score': 0.5424195189397892, 'support': 185.0}, 'auc': {'ovo': 0.6746731458984149}, 'confusion': {'true_0': {'pred_0': 53, 'pred_1': 15, 'pred_2': 7}, 'true_1': {'pred_0': 24, 'pred_1': 34, 'pred_2': 9}, 'true_2': {'pred_0': 16, 'pred_1': 12, 'pred_2': 15}}}, 'concept_2': {'0': {'precision': 0.8776978417266187, 'recall': 0.8133333333333334, 'f1-score': 0.8442906574394463, 'support': 150.0}, '1': {'precision': 0.3333333333333333, 'recall': 0.45454545454545453, 'f1-score': 0.38461538461538464, 'support': 33.0}, '2': {'precision': 0.0, 'recall': 0.0, 'f1-score': 0.0, 'support': 2.0}, 'accuracy': 0.7405405405405405, 'macro avg': {'precision': 0.40367705835331735, 'recall': 0.4226262626262626, 'f1-score': 0.40963534735161033, 'support': 185.0}, 'weighted avg': {'precision': 0.7711063581567178, 'recall': 0.7405405405405405, 'f1-score': 0.7531670611255387, 'support': 185.0}, 'auc': {'ovo': 0.6738383838383838}, 'confusion': {'true_0': {'pred_0': 122, 'pred_1': 28, 'pred_2': 0}, 'true_1': {'pred_0': 17, 'pred_1': 15, 'pred_2': 1}, 'true_2': {'pred_0': 0, 'pred_1': 2, 'pred_2': 0}}}}}
2026-06-25 01:42:54,097 | INFO | training fold 4
2026-06-25 01:42:54,100 | INFO | train set size: 740
2026-06-25 01:42:54,100 | INFO | val set size: 184
2026-06-25 01:42:54,104 | INFO | cpu_count: 30
2026-06-25 01:42:54,104 | INFO | num_workers: 2
2026-06-25 01:42:54,222 | INFO | completed building dataloaders
2026-06-25 01:42:54,222 | INFO | training starts
2026-06-25 01:43:00,925 | INFO | model initialized
2026-06-25 01:43:00,986 | INFO | LR scheduler: <torch.optim.lr_scheduler.CosineAnnealingLR object at 0x7066194b13c0>
2026-06-25 01:43:00,986 | INFO | Parameters by layer:
2026-06-25 01:43:00,986 | INFO | vit_model.base_model.model.cls_token     | 1024       | [FROZEN]
2026-06-25 01:43:00,986 | INFO | vit_model.base_model.model.pos_embed     | 201728     | [FROZEN]
2026-06-25 01:43:00,986 | INFO | vit_model.base_model.model.patch_embed.proj.weight | 786432     | [FROZEN]
2026-06-25 01:43:00,986 | INFO | vit_model.base_model.model.patch_embed.proj.bias | 1024       | [FROZEN]
2026-06-25 01:43:00,986 | INFO | vit_model.base_model.model.blocks.0.norm1.weight | 1024       | [FROZEN]
2026-06-25 01:43:00,986 | INFO | vit_model.base_model.model.blocks.0.norm1.bias | 1024       | [FROZEN]
2026-06-25 01:43:00,987 | INFO | vit_model.base_model.model.blocks.0.attn.qkv.base_layer.weight | 3145728    | [FROZEN]
2026-06-25 01:43:00,987 | INFO | vit_model.base_model.model.blocks.0.attn.qkv.base_layer.bias | 3072       | [FROZEN]
2026-06-25 01:43:00,987 | INFO | vit_model.base_model.model.blocks.0.attn.qkv.lora_A.default.weight | 8192       | [TRAINABLE]
2026-06-25 01:43:00,987 | INFO | vit_model.base_model.model.blocks.0.attn.qkv.lora_B.default.weight | 24576      | [TRAINABLE]
2026-06-25 01:43:00,987 | INFO | vit_model.base_model.model.blocks.0.attn.proj.weight | 1048576    | [FROZEN]
2026-06-25 01:43:00,987 | INFO | vit_model.base_model.model.blocks.0.attn.proj.bias | 1024       | [FROZEN]
2026-06-25 01:43:00,987 | INFO | vit_model.base_model.model.blocks.0.ls1.gamma | 1024       | [FROZEN]
2026-06-25 01:43:00,987 | INFO | vit_model.base_model.model.blocks.0.norm2.weight | 1024       | [FROZEN]
2026-06-25 01:43:00,987 | INFO | vit_model.base_model.model.blocks.0.norm2.bias | 1024       | [FROZEN]
2026-06-25 01:43:00,987 | INFO | vit_model.base_model.model.blocks.0.mlp.fc1.weight | 4194304    | [FROZEN]
2026-06-25 01:43:00,987 | INFO | vit_model.base_model.model.blocks.0.mlp.fc1.bias | 4096       | [FROZEN]
2026-06-25 01:43:00,987 | INFO | vit_model.base_model.model.blocks.0.mlp.fc2.weight | 4194304    | [FROZEN]
2026-06-25 01:43:00,987 | INFO | vit_model.base_model.model.blocks.0.mlp.fc2.bias | 1024       | [FROZEN]
2026-06-25 01:43:00,987 | INFO | vit_model.base_model.model.blocks.0.ls2.gamma | 1024       | [FROZEN]
2026-06-25 01:43:00,987 | INFO | vit_model.base_model.model.blocks.1.norm1.weight | 1024       | [FROZEN]
2026-06-25 01:43:00,987 | INFO | vit_model.base_model.model.blocks.1.norm1.bias | 1024       | [FROZEN]
2026-06-25 01:43:00,987 | INFO | vit_model.base_model.model.blocks.1.attn.qkv.base_layer.weight | 3145728    | [FROZEN]
2026-06-25 01:43:00,987 | INFO | vit_model.base_model.model.blocks.1.attn.qkv.base_layer.bias | 3072       | [FROZEN]
2026-06-25 01:43:00,987 | INFO | vit_model.base_model.model.blocks.1.attn.qkv.lora_A.default.weight | 8192       | [TRAINABLE]
2026-06-25 01:43:00,987 | INFO | vit_model.base_model.model.blocks.1.attn.qkv.lora_B.default.weight | 24576      | [TRAINABLE]
2026-06-25 01:43:00,987 | INFO | vit_model.base_model.model.blocks.1.attn.proj.weight | 1048576    | [FROZEN]
2026-06-25 01:43:00,987 | INFO | vit_model.base_model.model.blocks.1.attn.proj.bias | 1024       | [FROZEN]
2026-06-25 01:43:00,987 | INFO | vit_model.base_model.model.blocks.1.ls1.gamma | 1024       | [FROZEN]
2026-06-25 01:43:00,987 | INFO | vit_model.base_model.model.blocks.1.norm2.weight | 1024       | [FROZEN]
2026-06-25 01:43:00,987 | INFO | vit_model.base_model.model.blocks.1.norm2.bias | 1024       | [FROZEN]
2026-06-25 01:43:00,987 | INFO | vit_model.base_model.model.blocks.1.mlp.fc1.weight | 4194304    | [FROZEN]
2026-06-25 01:43:00,987 | INFO | vit_model.base_model.model.blocks.1.mlp.fc1.bias | 4096       | [FROZEN]
2026-06-25 01:43:00,987 | INFO | vit_model.base_model.model.blocks.1.mlp.fc2.weight | 4194304    | [FROZEN]
2026-06-25 01:43:00,987 | INFO | vit_model.base_model.model.blocks.1.mlp.fc2.bias | 1024       | [FROZEN]
2026-06-25 01:43:00,987 | INFO | vit_model.base_model.model.blocks.1.ls2.gamma | 1024       | [FROZEN]
2026-06-25 01:43:00,987 | INFO | vit_model.base_model.model.blocks.2.norm1.weight | 1024       | [FROZEN]
2026-06-25 01:43:00,987 | INFO | vit_model.base_model.model.blocks.2.norm1.bias | 1024       | [FROZEN]
2026-06-25 01:43:00,987 | INFO | vit_model.base_model.model.blocks.2.attn.qkv.base_layer.weight | 3145728    | [FROZEN]
2026-06-25 01:43:00,987 | INFO | vit_model.base_model.model.blocks.2.attn.qkv.base_layer.bias | 3072       | [FROZEN]
2026-06-25 01:43:00,987 | INFO | vit_model.base_model.model.blocks.2.attn.qkv.lora_A.default.weight | 8192       | [TRAINABLE]
2026-06-25 01:43:00,987 | INFO | vit_model.base_model.model.blocks.2.attn.qkv.lora_B.default.weight | 24576      | [TRAINABLE]
2026-06-25 01:43:00,987 | INFO | vit_model.base_model.model.blocks.2.attn.proj.weight | 1048576    | [FROZEN]
2026-06-25 01:43:00,987 | INFO | vit_model.base_model.model.blocks.2.attn.proj.bias | 1024       | [FROZEN]
2026-06-25 01:43:00,987 | INFO | vit_model.base_model.model.blocks.2.ls1.gamma | 1024       | [FROZEN]
2026-06-25 01:43:00,987 | INFO | vit_model.base_model.model.blocks.2.norm2.weight | 1024       | [FROZEN]
2026-06-25 01:43:00,987 | INFO | vit_model.base_model.model.blocks.2.norm2.bias | 1024       | [FROZEN]
2026-06-25 01:43:00,987 | INFO | vit_model.base_model.model.blocks.2.mlp.fc1.weight | 4194304    | [FROZEN]
2026-06-25 01:43:00,987 | INFO | vit_model.base_model.model.blocks.2.mlp.fc1.bias | 4096       | [FROZEN]
2026-06-25 01:43:00,987 | INFO | vit_model.base_model.model.blocks.2.mlp.fc2.weight | 4194304    | [FROZEN]
2026-06-25 01:43:00,987 | INFO | vit_model.base_model.model.blocks.2.mlp.fc2.bias | 1024       | [FROZEN]
2026-06-25 01:43:00,987 | INFO | vit_model.base_model.model.blocks.2.ls2.gamma | 1024       | [FROZEN]
2026-06-25 01:43:00,987 | INFO | vit_model.base_model.model.blocks.3.norm1.weight | 1024       | [FROZEN]
2026-06-25 01:43:00,987 | INFO | vit_model.base_model.model.blocks.3.norm1.bias | 1024       | [FROZEN]
2026-06-25 01:43:00,987 | INFO | vit_model.base_model.model.blocks.3.attn.qkv.base_layer.weight | 3145728    | [FROZEN]
2026-06-25 01:43:00,987 | INFO | vit_model.base_model.model.blocks.3.attn.qkv.base_layer.bias | 3072       | [FROZEN]
2026-06-25 01:43:00,987 | INFO | vit_model.base_model.model.blocks.3.attn.qkv.lora_A.default.weight | 8192       | [TRAINABLE]
2026-06-25 01:43:00,987 | INFO | vit_model.base_model.model.blocks.3.attn.qkv.lora_B.default.weight | 24576      | [TRAINABLE]
2026-06-25 01:43:00,987 | INFO | vit_model.base_model.model.blocks.3.attn.proj.weight | 1048576    | [FROZEN]
2026-06-25 01:43:00,987 | INFO | vit_model.base_model.model.blocks.3.attn.proj.bias | 1024       | [FROZEN]
2026-06-25 01:43:00,987 | INFO | vit_model.base_model.model.blocks.3.ls1.gamma | 1024       | [FROZEN]
2026-06-25 01:43:00,987 | INFO | vit_model.base_model.model.blocks.3.norm2.weight | 1024       | [FROZEN]
2026-06-25 01:43:00,987 | INFO | vit_model.base_model.model.blocks.3.norm2.bias | 1024       | [FROZEN]
2026-06-25 01:43:00,987 | INFO | vit_model.base_model.model.blocks.3.mlp.fc1.weight | 4194304    | [FROZEN]
2026-06-25 01:43:00,987 | INFO | vit_model.base_model.model.blocks.3.mlp.fc1.bias | 4096       | [FROZEN]
2026-06-25 01:43:00,987 | INFO | vit_model.base_model.model.blocks.3.mlp.fc2.weight | 4194304    | [FROZEN]
2026-06-25 01:43:00,987 | INFO | vit_model.base_model.model.blocks.3.mlp.fc2.bias | 1024       | [FROZEN]
2026-06-25 01:43:00,987 | INFO | vit_model.base_model.model.blocks.3.ls2.gamma | 1024       | [FROZEN]
2026-06-25 01:43:00,987 | INFO | vit_model.base_model.model.blocks.4.norm1.weight | 1024       | [FROZEN]
2026-06-25 01:43:00,987 | INFO | vit_model.base_model.model.blocks.4.norm1.bias | 1024       | [FROZEN]
2026-06-25 01:43:00,987 | INFO | vit_model.base_model.model.blocks.4.attn.qkv.base_layer.weight | 3145728    | [FROZEN]
2026-06-25 01:43:00,987 | INFO | vit_model.base_model.model.blocks.4.attn.qkv.base_layer.bias | 3072       | [FROZEN]
2026-06-25 01:43:00,987 | INFO | vit_model.base_model.model.blocks.4.attn.qkv.lora_A.default.weight | 8192       | [TRAINABLE]
2026-06-25 01:43:00,987 | INFO | vit_model.base_model.model.blocks.4.attn.qkv.lora_B.default.weight | 24576      | [TRAINABLE]
2026-06-25 01:43:00,987 | INFO | vit_model.base_model.model.blocks.4.attn.proj.weight | 1048576    | [FROZEN]
2026-06-25 01:43:00,988 | INFO | vit_model.base_model.model.blocks.4.attn.proj.bias | 1024       | [FROZEN]
2026-06-25 01:43:00,988 | INFO | vit_model.base_model.model.blocks.4.ls1.gamma | 1024       | [FROZEN]
2026-06-25 01:43:00,988 | INFO | vit_model.base_model.model.blocks.4.norm2.weight | 1024       | [FROZEN]
2026-06-25 01:43:00,988 | INFO | vit_model.base_model.model.blocks.4.norm2.bias | 1024       | [FROZEN]
2026-06-25 01:43:00,988 | INFO | vit_model.base_model.model.blocks.4.mlp.fc1.weight | 4194304    | [FROZEN]
2026-06-25 01:43:00,988 | INFO | vit_model.base_model.model.blocks.4.mlp.fc1.bias | 4096       | [FROZEN]
2026-06-25 01:43:00,988 | INFO | vit_model.base_model.model.blocks.4.mlp.fc2.weight | 4194304    | [FROZEN]
2026-06-25 01:43:00,988 | INFO | vit_model.base_model.model.blocks.4.mlp.fc2.bias | 1024       | [FROZEN]
2026-06-25 01:43:00,988 | INFO | vit_model.base_model.model.blocks.4.ls2.gamma | 1024       | [FROZEN]
2026-06-25 01:43:00,988 | INFO | vit_model.base_model.model.blocks.5.norm1.weight | 1024       | [FROZEN]
2026-06-25 01:43:00,988 | INFO | vit_model.base_model.model.blocks.5.norm1.bias | 1024       | [FROZEN]
2026-06-25 01:43:00,988 | INFO | vit_model.base_model.model.blocks.5.attn.qkv.base_layer.weight | 3145728    | [FROZEN]
2026-06-25 01:43:00,988 | INFO | vit_model.base_model.model.blocks.5.attn.qkv.base_layer.bias | 3072       | [FROZEN]
2026-06-25 01:43:00,988 | INFO | vit_model.base_model.model.blocks.5.attn.qkv.lora_A.default.weight | 8192       | [TRAINABLE]
2026-06-25 01:43:00,988 | INFO | vit_model.base_model.model.blocks.5.attn.qkv.lora_B.default.weight | 24576      | [TRAINABLE]
2026-06-25 01:43:00,988 | INFO | vit_model.base_model.model.blocks.5.attn.proj.weight | 1048576    | [FROZEN]
2026-06-25 01:43:00,988 | INFO | vit_model.base_model.model.blocks.5.attn.proj.bias | 1024       | [FROZEN]
2026-06-25 01:43:00,988 | INFO | vit_model.base_model.model.blocks.5.ls1.gamma | 1024       | [FROZEN]
2026-06-25 01:43:00,988 | INFO | vit_model.base_model.model.blocks.5.norm2.weight | 1024       | [FROZEN]
2026-06-25 01:43:00,988 | INFO | vit_model.base_model.model.blocks.5.norm2.bias | 1024       | [FROZEN]
2026-06-25 01:43:00,988 | INFO | vit_model.base_model.model.blocks.5.mlp.fc1.weight | 4194304    | [FROZEN]
2026-06-25 01:43:00,988 | INFO | vit_model.base_model.model.blocks.5.mlp.fc1.bias | 4096       | [FROZEN]
2026-06-25 01:43:00,988 | INFO | vit_model.base_model.model.blocks.5.mlp.fc2.weight | 4194304    | [FROZEN]
2026-06-25 01:43:00,988 | INFO | vit_model.base_model.model.blocks.5.mlp.fc2.bias | 1024       | [FROZEN]
2026-06-25 01:43:00,988 | INFO | vit_model.base_model.model.blocks.5.ls2.gamma | 1024       | [FROZEN]
2026-06-25 01:43:00,988 | INFO | vit_model.base_model.model.blocks.6.norm1.weight | 1024       | [FROZEN]
2026-06-25 01:43:00,988 | INFO | vit_model.base_model.model.blocks.6.norm1.bias | 1024       | [FROZEN]
2026-06-25 01:43:00,988 | INFO | vit_model.base_model.model.blocks.6.attn.qkv.base_layer.weight | 3145728    | [FROZEN]
2026-06-25 01:43:00,988 | INFO | vit_model.base_model.model.blocks.6.attn.qkv.base_layer.bias | 3072       | [FROZEN]
2026-06-25 01:43:00,988 | INFO | vit_model.base_model.model.blocks.6.attn.qkv.lora_A.default.weight | 8192       | [TRAINABLE]
2026-06-25 01:43:00,988 | INFO | vit_model.base_model.model.blocks.6.attn.qkv.lora_B.default.weight | 24576      | [TRAINABLE]
2026-06-25 01:43:00,988 | INFO | vit_model.base_model.model.blocks.6.attn.proj.weight | 1048576    | [FROZEN]
2026-06-25 01:43:00,988 | INFO | vit_model.base_model.model.blocks.6.attn.proj.bias | 1024       | [FROZEN]
2026-06-25 01:43:00,988 | INFO | vit_model.base_model.model.blocks.6.ls1.gamma | 1024       | [FROZEN]
2026-06-25 01:43:00,988 | INFO | vit_model.base_model.model.blocks.6.norm2.weight | 1024       | [FROZEN]
2026-06-25 01:43:00,988 | INFO | vit_model.base_model.model.blocks.6.norm2.bias | 1024       | [FROZEN]
2026-06-25 01:43:00,988 | INFO | vit_model.base_model.model.blocks.6.mlp.fc1.weight | 4194304    | [FROZEN]
2026-06-25 01:43:00,988 | INFO | vit_model.base_model.model.blocks.6.mlp.fc1.bias | 4096       | [FROZEN]
2026-06-25 01:43:00,988 | INFO | vit_model.base_model.model.blocks.6.mlp.fc2.weight | 4194304    | [FROZEN]
2026-06-25 01:43:00,988 | INFO | vit_model.base_model.model.blocks.6.mlp.fc2.bias | 1024       | [FROZEN]
2026-06-25 01:43:00,988 | INFO | vit_model.base_model.model.blocks.6.ls2.gamma | 1024       | [FROZEN]
2026-06-25 01:43:00,988 | INFO | vit_model.base_model.model.blocks.7.norm1.weight | 1024       | [FROZEN]
2026-06-25 01:43:00,988 | INFO | vit_model.base_model.model.blocks.7.norm1.bias | 1024       | [FROZEN]
2026-06-25 01:43:00,988 | INFO | vit_model.base_model.model.blocks.7.attn.qkv.base_layer.weight | 3145728    | [FROZEN]
2026-06-25 01:43:00,988 | INFO | vit_model.base_model.model.blocks.7.attn.qkv.base_layer.bias | 3072       | [FROZEN]
2026-06-25 01:43:00,988 | INFO | vit_model.base_model.model.blocks.7.attn.qkv.lora_A.default.weight | 8192       | [TRAINABLE]
2026-06-25 01:43:00,988 | INFO | vit_model.base_model.model.blocks.7.attn.qkv.lora_B.default.weight | 24576      | [TRAINABLE]
2026-06-25 01:43:00,988 | INFO | vit_model.base_model.model.blocks.7.attn.proj.weight | 1048576    | [FROZEN]
2026-06-25 01:43:00,988 | INFO | vit_model.base_model.model.blocks.7.attn.proj.bias | 1024       | [FROZEN]
2026-06-25 01:43:00,988 | INFO | vit_model.base_model.model.blocks.7.ls1.gamma | 1024       | [FROZEN]
2026-06-25 01:43:00,988 | INFO | vit_model.base_model.model.blocks.7.norm2.weight | 1024       | [FROZEN]
2026-06-25 01:43:00,988 | INFO | vit_model.base_model.model.blocks.7.norm2.bias | 1024       | [FROZEN]
2026-06-25 01:43:00,988 | INFO | vit_model.base_model.model.blocks.7.mlp.fc1.weight | 4194304    | [FROZEN]
2026-06-25 01:43:00,988 | INFO | vit_model.base_model.model.blocks.7.mlp.fc1.bias | 4096       | [FROZEN]
2026-06-25 01:43:00,988 | INFO | vit_model.base_model.model.blocks.7.mlp.fc2.weight | 4194304    | [FROZEN]
2026-06-25 01:43:00,988 | INFO | vit_model.base_model.model.blocks.7.mlp.fc2.bias | 1024       | [FROZEN]
2026-06-25 01:43:00,988 | INFO | vit_model.base_model.model.blocks.7.ls2.gamma | 1024       | [FROZEN]
2026-06-25 01:43:00,988 | INFO | vit_model.base_model.model.blocks.8.norm1.weight | 1024       | [FROZEN]
2026-06-25 01:43:00,988 | INFO | vit_model.base_model.model.blocks.8.norm1.bias | 1024       | [FROZEN]
2026-06-25 01:43:00,988 | INFO | vit_model.base_model.model.blocks.8.attn.qkv.base_layer.weight | 3145728    | [FROZEN]
2026-06-25 01:43:00,988 | INFO | vit_model.base_model.model.blocks.8.attn.qkv.base_layer.bias | 3072       | [FROZEN]
2026-06-25 01:43:00,988 | INFO | vit_model.base_model.model.blocks.8.attn.qkv.lora_A.default.weight | 8192       | [TRAINABLE]
2026-06-25 01:43:00,988 | INFO | vit_model.base_model.model.blocks.8.attn.qkv.lora_B.default.weight | 24576      | [TRAINABLE]
2026-06-25 01:43:00,988 | INFO | vit_model.base_model.model.blocks.8.attn.proj.weight | 1048576    | [FROZEN]
2026-06-25 01:43:00,988 | INFO | vit_model.base_model.model.blocks.8.attn.proj.bias | 1024       | [FROZEN]
2026-06-25 01:43:00,988 | INFO | vit_model.base_model.model.blocks.8.ls1.gamma | 1024       | [FROZEN]
2026-06-25 01:43:00,988 | INFO | vit_model.base_model.model.blocks.8.norm2.weight | 1024       | [FROZEN]
2026-06-25 01:43:00,988 | INFO | vit_model.base_model.model.blocks.8.norm2.bias | 1024       | [FROZEN]
2026-06-25 01:43:00,988 | INFO | vit_model.base_model.model.blocks.8.mlp.fc1.weight | 4194304    | [FROZEN]
2026-06-25 01:43:00,988 | INFO | vit_model.base_model.model.blocks.8.mlp.fc1.bias | 4096       | [FROZEN]
2026-06-25 01:43:00,988 | INFO | vit_model.base_model.model.blocks.8.mlp.fc2.weight | 4194304    | [FROZEN]
2026-06-25 01:43:00,988 | INFO | vit_model.base_model.model.blocks.8.mlp.fc2.bias | 1024       | [FROZEN]
2026-06-25 01:43:00,988 | INFO | vit_model.base_model.model.blocks.8.ls2.gamma | 1024       | [FROZEN]
2026-06-25 01:43:00,989 | INFO | vit_model.base_model.model.blocks.9.norm1.weight | 1024       | [FROZEN]
2026-06-25 01:43:00,989 | INFO | vit_model.base_model.model.blocks.9.norm1.bias | 1024       | [FROZEN]
2026-06-25 01:43:00,989 | INFO | vit_model.base_model.model.blocks.9.attn.qkv.base_layer.weight | 3145728    | [FROZEN]
2026-06-25 01:43:00,989 | INFO | vit_model.base_model.model.blocks.9.attn.qkv.base_layer.bias | 3072       | [FROZEN]
2026-06-25 01:43:00,989 | INFO | vit_model.base_model.model.blocks.9.attn.qkv.lora_A.default.weight | 8192       | [TRAINABLE]
2026-06-25 01:43:00,989 | INFO | vit_model.base_model.model.blocks.9.attn.qkv.lora_B.default.weight | 24576      | [TRAINABLE]
2026-06-25 01:43:00,989 | INFO | vit_model.base_model.model.blocks.9.attn.proj.weight | 1048576    | [FROZEN]
2026-06-25 01:43:00,989 | INFO | vit_model.base_model.model.blocks.9.attn.proj.bias | 1024       | [FROZEN]
2026-06-25 01:43:00,989 | INFO | vit_model.base_model.model.blocks.9.ls1.gamma | 1024       | [FROZEN]
2026-06-25 01:43:00,989 | INFO | vit_model.base_model.model.blocks.9.norm2.weight | 1024       | [FROZEN]
2026-06-25 01:43:00,989 | INFO | vit_model.base_model.model.blocks.9.norm2.bias | 1024       | [FROZEN]
2026-06-25 01:43:00,989 | INFO | vit_model.base_model.model.blocks.9.mlp.fc1.weight | 4194304    | [FROZEN]
2026-06-25 01:43:00,989 | INFO | vit_model.base_model.model.blocks.9.mlp.fc1.bias | 4096       | [FROZEN]
2026-06-25 01:43:00,989 | INFO | vit_model.base_model.model.blocks.9.mlp.fc2.weight | 4194304    | [FROZEN]
2026-06-25 01:43:00,989 | INFO | vit_model.base_model.model.blocks.9.mlp.fc2.bias | 1024       | [FROZEN]
2026-06-25 01:43:00,989 | INFO | vit_model.base_model.model.blocks.9.ls2.gamma | 1024       | [FROZEN]
2026-06-25 01:43:00,989 | INFO | vit_model.base_model.model.blocks.10.norm1.weight | 1024       | [FROZEN]
2026-06-25 01:43:00,989 | INFO | vit_model.base_model.model.blocks.10.norm1.bias | 1024       | [FROZEN]
2026-06-25 01:43:00,989 | INFO | vit_model.base_model.model.blocks.10.attn.qkv.base_layer.weight | 3145728    | [FROZEN]
2026-06-25 01:43:00,989 | INFO | vit_model.base_model.model.blocks.10.attn.qkv.base_layer.bias | 3072       | [FROZEN]
2026-06-25 01:43:00,989 | INFO | vit_model.base_model.model.blocks.10.attn.qkv.lora_A.default.weight | 8192       | [TRAINABLE]
2026-06-25 01:43:00,989 | INFO | vit_model.base_model.model.blocks.10.attn.qkv.lora_B.default.weight | 24576      | [TRAINABLE]
2026-06-25 01:43:00,989 | INFO | vit_model.base_model.model.blocks.10.attn.proj.weight | 1048576    | [FROZEN]
2026-06-25 01:43:00,989 | INFO | vit_model.base_model.model.blocks.10.attn.proj.bias | 1024       | [FROZEN]
2026-06-25 01:43:00,989 | INFO | vit_model.base_model.model.blocks.10.ls1.gamma | 1024       | [FROZEN]
2026-06-25 01:43:00,989 | INFO | vit_model.base_model.model.blocks.10.norm2.weight | 1024       | [FROZEN]
2026-06-25 01:43:00,989 | INFO | vit_model.base_model.model.blocks.10.norm2.bias | 1024       | [FROZEN]
2026-06-25 01:43:00,989 | INFO | vit_model.base_model.model.blocks.10.mlp.fc1.weight | 4194304    | [FROZEN]
2026-06-25 01:43:00,989 | INFO | vit_model.base_model.model.blocks.10.mlp.fc1.bias | 4096       | [FROZEN]
2026-06-25 01:43:00,989 | INFO | vit_model.base_model.model.blocks.10.mlp.fc2.weight | 4194304    | [FROZEN]
2026-06-25 01:43:00,989 | INFO | vit_model.base_model.model.blocks.10.mlp.fc2.bias | 1024       | [FROZEN]
2026-06-25 01:43:00,989 | INFO | vit_model.base_model.model.blocks.10.ls2.gamma | 1024       | [FROZEN]
2026-06-25 01:43:00,989 | INFO | vit_model.base_model.model.blocks.11.norm1.weight | 1024       | [FROZEN]
2026-06-25 01:43:00,989 | INFO | vit_model.base_model.model.blocks.11.norm1.bias | 1024       | [FROZEN]
2026-06-25 01:43:00,989 | INFO | vit_model.base_model.model.blocks.11.attn.qkv.base_layer.weight | 3145728    | [FROZEN]
2026-06-25 01:43:00,989 | INFO | vit_model.base_model.model.blocks.11.attn.qkv.base_layer.bias | 3072       | [FROZEN]
2026-06-25 01:43:00,989 | INFO | vit_model.base_model.model.blocks.11.attn.qkv.lora_A.default.weight | 8192       | [TRAINABLE]
2026-06-25 01:43:00,989 | INFO | vit_model.base_model.model.blocks.11.attn.qkv.lora_B.default.weight | 24576      | [TRAINABLE]
2026-06-25 01:43:00,989 | INFO | vit_model.base_model.model.blocks.11.attn.proj.weight | 1048576    | [FROZEN]
2026-06-25 01:43:00,989 | INFO | vit_model.base_model.model.blocks.11.attn.proj.bias | 1024       | [FROZEN]
2026-06-25 01:43:00,989 | INFO | vit_model.base_model.model.blocks.11.ls1.gamma | 1024       | [FROZEN]
2026-06-25 01:43:00,989 | INFO | vit_model.base_model.model.blocks.11.norm2.weight | 1024       | [FROZEN]
2026-06-25 01:43:00,989 | INFO | vit_model.base_model.model.blocks.11.norm2.bias | 1024       | [FROZEN]
2026-06-25 01:43:00,989 | INFO | vit_model.base_model.model.blocks.11.mlp.fc1.weight | 4194304    | [FROZEN]
2026-06-25 01:43:00,989 | INFO | vit_model.base_model.model.blocks.11.mlp.fc1.bias | 4096       | [FROZEN]
2026-06-25 01:43:00,989 | INFO | vit_model.base_model.model.blocks.11.mlp.fc2.weight | 4194304    | [FROZEN]
2026-06-25 01:43:00,989 | INFO | vit_model.base_model.model.blocks.11.mlp.fc2.bias | 1024       | [FROZEN]
2026-06-25 01:43:00,989 | INFO | vit_model.base_model.model.blocks.11.ls2.gamma | 1024       | [FROZEN]
2026-06-25 01:43:00,989 | INFO | vit_model.base_model.model.blocks.12.norm1.weight | 1024       | [FROZEN]
2026-06-25 01:43:00,989 | INFO | vit_model.base_model.model.blocks.12.norm1.bias | 1024       | [FROZEN]
2026-06-25 01:43:00,989 | INFO | vit_model.base_model.model.blocks.12.attn.qkv.base_layer.weight | 3145728    | [FROZEN]
2026-06-25 01:43:00,989 | INFO | vit_model.base_model.model.blocks.12.attn.qkv.base_layer.bias | 3072       | [FROZEN]
2026-06-25 01:43:00,989 | INFO | vit_model.base_model.model.blocks.12.attn.qkv.lora_A.default.weight | 8192       | [TRAINABLE]
2026-06-25 01:43:00,989 | INFO | vit_model.base_model.model.blocks.12.attn.qkv.lora_B.default.weight | 24576      | [TRAINABLE]
2026-06-25 01:43:00,989 | INFO | vit_model.base_model.model.blocks.12.attn.proj.weight | 1048576    | [FROZEN]
2026-06-25 01:43:00,989 | INFO | vit_model.base_model.model.blocks.12.attn.proj.bias | 1024       | [FROZEN]
2026-06-25 01:43:00,989 | INFO | vit_model.base_model.model.blocks.12.ls1.gamma | 1024       | [FROZEN]
2026-06-25 01:43:00,989 | INFO | vit_model.base_model.model.blocks.12.norm2.weight | 1024       | [FROZEN]
2026-06-25 01:43:00,989 | INFO | vit_model.base_model.model.blocks.12.norm2.bias | 1024       | [FROZEN]
2026-06-25 01:43:00,989 | INFO | vit_model.base_model.model.blocks.12.mlp.fc1.weight | 4194304    | [FROZEN]
2026-06-25 01:43:00,989 | INFO | vit_model.base_model.model.blocks.12.mlp.fc1.bias | 4096       | [FROZEN]
2026-06-25 01:43:00,989 | INFO | vit_model.base_model.model.blocks.12.mlp.fc2.weight | 4194304    | [FROZEN]
2026-06-25 01:43:00,989 | INFO | vit_model.base_model.model.blocks.12.mlp.fc2.bias | 1024       | [FROZEN]
2026-06-25 01:43:00,989 | INFO | vit_model.base_model.model.blocks.12.ls2.gamma | 1024       | [FROZEN]
2026-06-25 01:43:00,989 | INFO | vit_model.base_model.model.blocks.13.norm1.weight | 1024       | [FROZEN]
2026-06-25 01:43:00,989 | INFO | vit_model.base_model.model.blocks.13.norm1.bias | 1024       | [FROZEN]
2026-06-25 01:43:00,989 | INFO | vit_model.base_model.model.blocks.13.attn.qkv.base_layer.weight | 3145728    | [FROZEN]
2026-06-25 01:43:00,989 | INFO | vit_model.base_model.model.blocks.13.attn.qkv.base_layer.bias | 3072       | [FROZEN]
2026-06-25 01:43:00,989 | INFO | vit_model.base_model.model.blocks.13.attn.qkv.lora_A.default.weight | 8192       | [TRAINABLE]
2026-06-25 01:43:00,989 | INFO | vit_model.base_model.model.blocks.13.attn.qkv.lora_B.default.weight | 24576      | [TRAINABLE]
2026-06-25 01:43:00,989 | INFO | vit_model.base_model.model.blocks.13.attn.proj.weight | 1048576    | [FROZEN]
2026-06-25 01:43:00,989 | INFO | vit_model.base_model.model.blocks.13.attn.proj.bias | 1024       | [FROZEN]
2026-06-25 01:43:00,989 | INFO | vit_model.base_model.model.blocks.13.ls1.gamma | 1024       | [FROZEN]
2026-06-25 01:43:00,989 | INFO | vit_model.base_model.model.blocks.13.norm2.weight | 1024       | [FROZEN]
2026-06-25 01:43:00,990 | INFO | vit_model.base_model.model.blocks.13.norm2.bias | 1024       | [FROZEN]
2026-06-25 01:43:00,990 | INFO | vit_model.base_model.model.blocks.13.mlp.fc1.weight | 4194304    | [FROZEN]
2026-06-25 01:43:00,990 | INFO | vit_model.base_model.model.blocks.13.mlp.fc1.bias | 4096       | [FROZEN]
2026-06-25 01:43:00,990 | INFO | vit_model.base_model.model.blocks.13.mlp.fc2.weight | 4194304    | [FROZEN]
2026-06-25 01:43:00,990 | INFO | vit_model.base_model.model.blocks.13.mlp.fc2.bias | 1024       | [FROZEN]
2026-06-25 01:43:00,990 | INFO | vit_model.base_model.model.blocks.13.ls2.gamma | 1024       | [FROZEN]
2026-06-25 01:43:00,990 | INFO | vit_model.base_model.model.blocks.14.norm1.weight | 1024       | [FROZEN]
2026-06-25 01:43:00,990 | INFO | vit_model.base_model.model.blocks.14.norm1.bias | 1024       | [FROZEN]
2026-06-25 01:43:00,990 | INFO | vit_model.base_model.model.blocks.14.attn.qkv.base_layer.weight | 3145728    | [FROZEN]
2026-06-25 01:43:00,990 | INFO | vit_model.base_model.model.blocks.14.attn.qkv.base_layer.bias | 3072       | [FROZEN]
2026-06-25 01:43:00,990 | INFO | vit_model.base_model.model.blocks.14.attn.qkv.lora_A.default.weight | 8192       | [TRAINABLE]
2026-06-25 01:43:00,990 | INFO | vit_model.base_model.model.blocks.14.attn.qkv.lora_B.default.weight | 24576      | [TRAINABLE]
2026-06-25 01:43:00,990 | INFO | vit_model.base_model.model.blocks.14.attn.proj.weight | 1048576    | [FROZEN]
2026-06-25 01:43:00,990 | INFO | vit_model.base_model.model.blocks.14.attn.proj.bias | 1024       | [FROZEN]
2026-06-25 01:43:00,990 | INFO | vit_model.base_model.model.blocks.14.ls1.gamma | 1024       | [FROZEN]
2026-06-25 01:43:00,990 | INFO | vit_model.base_model.model.blocks.14.norm2.weight | 1024       | [FROZEN]
2026-06-25 01:43:00,990 | INFO | vit_model.base_model.model.blocks.14.norm2.bias | 1024       | [FROZEN]
2026-06-25 01:43:00,990 | INFO | vit_model.base_model.model.blocks.14.mlp.fc1.weight | 4194304    | [FROZEN]
2026-06-25 01:43:00,990 | INFO | vit_model.base_model.model.blocks.14.mlp.fc1.bias | 4096       | [FROZEN]
2026-06-25 01:43:00,990 | INFO | vit_model.base_model.model.blocks.14.mlp.fc2.weight | 4194304    | [FROZEN]
2026-06-25 01:43:00,990 | INFO | vit_model.base_model.model.blocks.14.mlp.fc2.bias | 1024       | [FROZEN]
2026-06-25 01:43:00,990 | INFO | vit_model.base_model.model.blocks.14.ls2.gamma | 1024       | [FROZEN]
2026-06-25 01:43:00,990 | INFO | vit_model.base_model.model.blocks.15.norm1.weight | 1024       | [FROZEN]
2026-06-25 01:43:00,990 | INFO | vit_model.base_model.model.blocks.15.norm1.bias | 1024       | [FROZEN]
2026-06-25 01:43:00,990 | INFO | vit_model.base_model.model.blocks.15.attn.qkv.base_layer.weight | 3145728    | [FROZEN]
2026-06-25 01:43:00,990 | INFO | vit_model.base_model.model.blocks.15.attn.qkv.base_layer.bias | 3072       | [FROZEN]
2026-06-25 01:43:00,990 | INFO | vit_model.base_model.model.blocks.15.attn.qkv.lora_A.default.weight | 8192       | [TRAINABLE]
2026-06-25 01:43:00,990 | INFO | vit_model.base_model.model.blocks.15.attn.qkv.lora_B.default.weight | 24576      | [TRAINABLE]
2026-06-25 01:43:00,990 | INFO | vit_model.base_model.model.blocks.15.attn.proj.weight | 1048576    | [FROZEN]
2026-06-25 01:43:00,990 | INFO | vit_model.base_model.model.blocks.15.attn.proj.bias | 1024       | [FROZEN]
2026-06-25 01:43:00,990 | INFO | vit_model.base_model.model.blocks.15.ls1.gamma | 1024       | [FROZEN]
2026-06-25 01:43:00,990 | INFO | vit_model.base_model.model.blocks.15.norm2.weight | 1024       | [FROZEN]
2026-06-25 01:43:00,990 | INFO | vit_model.base_model.model.blocks.15.norm2.bias | 1024       | [FROZEN]
2026-06-25 01:43:00,990 | INFO | vit_model.base_model.model.blocks.15.mlp.fc1.weight | 4194304    | [FROZEN]
2026-06-25 01:43:00,990 | INFO | vit_model.base_model.model.blocks.15.mlp.fc1.bias | 4096       | [FROZEN]
2026-06-25 01:43:00,990 | INFO | vit_model.base_model.model.blocks.15.mlp.fc2.weight | 4194304    | [FROZEN]
2026-06-25 01:43:00,990 | INFO | vit_model.base_model.model.blocks.15.mlp.fc2.bias | 1024       | [FROZEN]
2026-06-25 01:43:00,990 | INFO | vit_model.base_model.model.blocks.15.ls2.gamma | 1024       | [FROZEN]
2026-06-25 01:43:00,990 | INFO | vit_model.base_model.model.blocks.16.norm1.weight | 1024       | [FROZEN]
2026-06-25 01:43:00,990 | INFO | vit_model.base_model.model.blocks.16.norm1.bias | 1024       | [FROZEN]
2026-06-25 01:43:00,990 | INFO | vit_model.base_model.model.blocks.16.attn.qkv.base_layer.weight | 3145728    | [FROZEN]
2026-06-25 01:43:00,990 | INFO | vit_model.base_model.model.blocks.16.attn.qkv.base_layer.bias | 3072       | [FROZEN]
2026-06-25 01:43:00,990 | INFO | vit_model.base_model.model.blocks.16.attn.qkv.lora_A.default.weight | 8192       | [TRAINABLE]
2026-06-25 01:43:00,990 | INFO | vit_model.base_model.model.blocks.16.attn.qkv.lora_B.default.weight | 24576      | [TRAINABLE]
2026-06-25 01:43:00,990 | INFO | vit_model.base_model.model.blocks.16.attn.proj.weight | 1048576    | [FROZEN]
2026-06-25 01:43:00,990 | INFO | vit_model.base_model.model.blocks.16.attn.proj.bias | 1024       | [FROZEN]
2026-06-25 01:43:00,990 | INFO | vit_model.base_model.model.blocks.16.ls1.gamma | 1024       | [FROZEN]
2026-06-25 01:43:00,990 | INFO | vit_model.base_model.model.blocks.16.norm2.weight | 1024       | [FROZEN]
2026-06-25 01:43:00,990 | INFO | vit_model.base_model.model.blocks.16.norm2.bias | 1024       | [FROZEN]
2026-06-25 01:43:00,990 | INFO | vit_model.base_model.model.blocks.16.mlp.fc1.weight | 4194304    | [FROZEN]
2026-06-25 01:43:00,990 | INFO | vit_model.base_model.model.blocks.16.mlp.fc1.bias | 4096       | [FROZEN]
2026-06-25 01:43:00,990 | INFO | vit_model.base_model.model.blocks.16.mlp.fc2.weight | 4194304    | [FROZEN]
2026-06-25 01:43:00,990 | INFO | vit_model.base_model.model.blocks.16.mlp.fc2.bias | 1024       | [FROZEN]
2026-06-25 01:43:00,990 | INFO | vit_model.base_model.model.blocks.16.ls2.gamma | 1024       | [FROZEN]
2026-06-25 01:43:00,990 | INFO | vit_model.base_model.model.blocks.17.norm1.weight | 1024       | [FROZEN]
2026-06-25 01:43:00,990 | INFO | vit_model.base_model.model.blocks.17.norm1.bias | 1024       | [FROZEN]
2026-06-25 01:43:00,990 | INFO | vit_model.base_model.model.blocks.17.attn.qkv.base_layer.weight | 3145728    | [FROZEN]
2026-06-25 01:43:00,990 | INFO | vit_model.base_model.model.blocks.17.attn.qkv.base_layer.bias | 3072       | [FROZEN]
2026-06-25 01:43:00,990 | INFO | vit_model.base_model.model.blocks.17.attn.qkv.lora_A.default.weight | 8192       | [TRAINABLE]
2026-06-25 01:43:00,990 | INFO | vit_model.base_model.model.blocks.17.attn.qkv.lora_B.default.weight | 24576      | [TRAINABLE]
2026-06-25 01:43:00,990 | INFO | vit_model.base_model.model.blocks.17.attn.proj.weight | 1048576    | [FROZEN]
2026-06-25 01:43:00,990 | INFO | vit_model.base_model.model.blocks.17.attn.proj.bias | 1024       | [FROZEN]
2026-06-25 01:43:00,990 | INFO | vit_model.base_model.model.blocks.17.ls1.gamma | 1024       | [FROZEN]
2026-06-25 01:43:00,990 | INFO | vit_model.base_model.model.blocks.17.norm2.weight | 1024       | [FROZEN]
2026-06-25 01:43:00,990 | INFO | vit_model.base_model.model.blocks.17.norm2.bias | 1024       | [FROZEN]
2026-06-25 01:43:00,990 | INFO | vit_model.base_model.model.blocks.17.mlp.fc1.weight | 4194304    | [FROZEN]
2026-06-25 01:43:00,990 | INFO | vit_model.base_model.model.blocks.17.mlp.fc1.bias | 4096       | [FROZEN]
2026-06-25 01:43:00,990 | INFO | vit_model.base_model.model.blocks.17.mlp.fc2.weight | 4194304    | [FROZEN]
2026-06-25 01:43:00,990 | INFO | vit_model.base_model.model.blocks.17.mlp.fc2.bias | 1024       | [FROZEN]
2026-06-25 01:43:00,990 | INFO | vit_model.base_model.model.blocks.17.ls2.gamma | 1024       | [FROZEN]
2026-06-25 01:43:00,990 | INFO | vit_model.base_model.model.blocks.18.norm1.weight | 1024       | [FROZEN]
2026-06-25 01:43:00,990 | INFO | vit_model.base_model.model.blocks.18.norm1.bias | 1024       | [FROZEN]
2026-06-25 01:43:00,990 | INFO | vit_model.base_model.model.blocks.18.attn.qkv.base_layer.weight | 3145728    | [FROZEN]
2026-06-25 01:43:00,990 | INFO | vit_model.base_model.model.blocks.18.attn.qkv.base_layer.bias | 3072       | [FROZEN]
2026-06-25 01:43:00,991 | INFO | vit_model.base_model.model.blocks.18.attn.qkv.lora_A.default.weight | 8192       | [TRAINABLE]
2026-06-25 01:43:00,991 | INFO | vit_model.base_model.model.blocks.18.attn.qkv.lora_B.default.weight | 24576      | [TRAINABLE]
2026-06-25 01:43:00,991 | INFO | vit_model.base_model.model.blocks.18.attn.proj.weight | 1048576    | [FROZEN]
2026-06-25 01:43:00,991 | INFO | vit_model.base_model.model.blocks.18.attn.proj.bias | 1024       | [FROZEN]
2026-06-25 01:43:00,991 | INFO | vit_model.base_model.model.blocks.18.ls1.gamma | 1024       | [FROZEN]
2026-06-25 01:43:00,991 | INFO | vit_model.base_model.model.blocks.18.norm2.weight | 1024       | [FROZEN]
2026-06-25 01:43:00,991 | INFO | vit_model.base_model.model.blocks.18.norm2.bias | 1024       | [FROZEN]
2026-06-25 01:43:00,991 | INFO | vit_model.base_model.model.blocks.18.mlp.fc1.weight | 4194304    | [FROZEN]
2026-06-25 01:43:00,991 | INFO | vit_model.base_model.model.blocks.18.mlp.fc1.bias | 4096       | [FROZEN]
2026-06-25 01:43:00,991 | INFO | vit_model.base_model.model.blocks.18.mlp.fc2.weight | 4194304    | [FROZEN]
2026-06-25 01:43:00,991 | INFO | vit_model.base_model.model.blocks.18.mlp.fc2.bias | 1024       | [FROZEN]
2026-06-25 01:43:00,991 | INFO | vit_model.base_model.model.blocks.18.ls2.gamma | 1024       | [FROZEN]
2026-06-25 01:43:00,991 | INFO | vit_model.base_model.model.blocks.19.norm1.weight | 1024       | [FROZEN]
2026-06-25 01:43:00,991 | INFO | vit_model.base_model.model.blocks.19.norm1.bias | 1024       | [FROZEN]
2026-06-25 01:43:00,991 | INFO | vit_model.base_model.model.blocks.19.attn.qkv.base_layer.weight | 3145728    | [FROZEN]
2026-06-25 01:43:00,991 | INFO | vit_model.base_model.model.blocks.19.attn.qkv.base_layer.bias | 3072       | [FROZEN]
2026-06-25 01:43:00,991 | INFO | vit_model.base_model.model.blocks.19.attn.qkv.lora_A.default.weight | 8192       | [TRAINABLE]
2026-06-25 01:43:00,991 | INFO | vit_model.base_model.model.blocks.19.attn.qkv.lora_B.default.weight | 24576      | [TRAINABLE]
2026-06-25 01:43:00,991 | INFO | vit_model.base_model.model.blocks.19.attn.proj.weight | 1048576    | [FROZEN]
2026-06-25 01:43:00,991 | INFO | vit_model.base_model.model.blocks.19.attn.proj.bias | 1024       | [FROZEN]
2026-06-25 01:43:00,991 | INFO | vit_model.base_model.model.blocks.19.ls1.gamma | 1024       | [FROZEN]
2026-06-25 01:43:00,991 | INFO | vit_model.base_model.model.blocks.19.norm2.weight | 1024       | [FROZEN]
2026-06-25 01:43:00,991 | INFO | vit_model.base_model.model.blocks.19.norm2.bias | 1024       | [FROZEN]
2026-06-25 01:43:00,991 | INFO | vit_model.base_model.model.blocks.19.mlp.fc1.weight | 4194304    | [FROZEN]
2026-06-25 01:43:00,991 | INFO | vit_model.base_model.model.blocks.19.mlp.fc1.bias | 4096       | [FROZEN]
2026-06-25 01:43:00,991 | INFO | vit_model.base_model.model.blocks.19.mlp.fc2.weight | 4194304    | [FROZEN]
2026-06-25 01:43:00,991 | INFO | vit_model.base_model.model.blocks.19.mlp.fc2.bias | 1024       | [FROZEN]
2026-06-25 01:43:00,991 | INFO | vit_model.base_model.model.blocks.19.ls2.gamma | 1024       | [FROZEN]
2026-06-25 01:43:00,991 | INFO | vit_model.base_model.model.blocks.20.norm1.weight | 1024       | [FROZEN]
2026-06-25 01:43:00,991 | INFO | vit_model.base_model.model.blocks.20.norm1.bias | 1024       | [FROZEN]
2026-06-25 01:43:00,991 | INFO | vit_model.base_model.model.blocks.20.attn.qkv.base_layer.weight | 3145728    | [FROZEN]
2026-06-25 01:43:00,991 | INFO | vit_model.base_model.model.blocks.20.attn.qkv.base_layer.bias | 3072       | [FROZEN]
2026-06-25 01:43:00,991 | INFO | vit_model.base_model.model.blocks.20.attn.qkv.lora_A.default.weight | 8192       | [TRAINABLE]
2026-06-25 01:43:00,991 | INFO | vit_model.base_model.model.blocks.20.attn.qkv.lora_B.default.weight | 24576      | [TRAINABLE]
2026-06-25 01:43:00,991 | INFO | vit_model.base_model.model.blocks.20.attn.proj.weight | 1048576    | [FROZEN]
2026-06-25 01:43:00,991 | INFO | vit_model.base_model.model.blocks.20.attn.proj.bias | 1024       | [FROZEN]
2026-06-25 01:43:00,991 | INFO | vit_model.base_model.model.blocks.20.ls1.gamma | 1024       | [FROZEN]
2026-06-25 01:43:00,991 | INFO | vit_model.base_model.model.blocks.20.norm2.weight | 1024       | [FROZEN]
2026-06-25 01:43:00,991 | INFO | vit_model.base_model.model.blocks.20.norm2.bias | 1024       | [FROZEN]
2026-06-25 01:43:00,991 | INFO | vit_model.base_model.model.blocks.20.mlp.fc1.weight | 4194304    | [FROZEN]
2026-06-25 01:43:00,991 | INFO | vit_model.base_model.model.blocks.20.mlp.fc1.bias | 4096       | [FROZEN]
2026-06-25 01:43:00,991 | INFO | vit_model.base_model.model.blocks.20.mlp.fc2.weight | 4194304    | [FROZEN]
2026-06-25 01:43:00,991 | INFO | vit_model.base_model.model.blocks.20.mlp.fc2.bias | 1024       | [FROZEN]
2026-06-25 01:43:00,991 | INFO | vit_model.base_model.model.blocks.20.ls2.gamma | 1024       | [FROZEN]
2026-06-25 01:43:00,991 | INFO | vit_model.base_model.model.blocks.21.norm1.weight | 1024       | [FROZEN]
2026-06-25 01:43:00,991 | INFO | vit_model.base_model.model.blocks.21.norm1.bias | 1024       | [FROZEN]
2026-06-25 01:43:00,991 | INFO | vit_model.base_model.model.blocks.21.attn.qkv.base_layer.weight | 3145728    | [FROZEN]
2026-06-25 01:43:00,991 | INFO | vit_model.base_model.model.blocks.21.attn.qkv.base_layer.bias | 3072       | [FROZEN]
2026-06-25 01:43:00,991 | INFO | vit_model.base_model.model.blocks.21.attn.qkv.lora_A.default.weight | 8192       | [TRAINABLE]
2026-06-25 01:43:00,991 | INFO | vit_model.base_model.model.blocks.21.attn.qkv.lora_B.default.weight | 24576      | [TRAINABLE]
2026-06-25 01:43:00,991 | INFO | vit_model.base_model.model.blocks.21.attn.proj.weight | 1048576    | [FROZEN]
2026-06-25 01:43:00,991 | INFO | vit_model.base_model.model.blocks.21.attn.proj.bias | 1024       | [FROZEN]
2026-06-25 01:43:00,991 | INFO | vit_model.base_model.model.blocks.21.ls1.gamma | 1024       | [FROZEN]
2026-06-25 01:43:00,991 | INFO | vit_model.base_model.model.blocks.21.norm2.weight | 1024       | [FROZEN]
2026-06-25 01:43:00,991 | INFO | vit_model.base_model.model.blocks.21.norm2.bias | 1024       | [FROZEN]
2026-06-25 01:43:00,991 | INFO | vit_model.base_model.model.blocks.21.mlp.fc1.weight | 4194304    | [FROZEN]
2026-06-25 01:43:00,991 | INFO | vit_model.base_model.model.blocks.21.mlp.fc1.bias | 4096       | [FROZEN]
2026-06-25 01:43:00,991 | INFO | vit_model.base_model.model.blocks.21.mlp.fc2.weight | 4194304    | [FROZEN]
2026-06-25 01:43:00,991 | INFO | vit_model.base_model.model.blocks.21.mlp.fc2.bias | 1024       | [FROZEN]
2026-06-25 01:43:00,991 | INFO | vit_model.base_model.model.blocks.21.ls2.gamma | 1024       | [FROZEN]
2026-06-25 01:43:00,991 | INFO | vit_model.base_model.model.blocks.22.norm1.weight | 1024       | [FROZEN]
2026-06-25 01:43:00,991 | INFO | vit_model.base_model.model.blocks.22.norm1.bias | 1024       | [FROZEN]
2026-06-25 01:43:00,991 | INFO | vit_model.base_model.model.blocks.22.attn.qkv.base_layer.weight | 3145728    | [FROZEN]
2026-06-25 01:43:00,991 | INFO | vit_model.base_model.model.blocks.22.attn.qkv.base_layer.bias | 3072       | [FROZEN]
2026-06-25 01:43:00,991 | INFO | vit_model.base_model.model.blocks.22.attn.qkv.lora_A.default.weight | 8192       | [TRAINABLE]
2026-06-25 01:43:00,991 | INFO | vit_model.base_model.model.blocks.22.attn.qkv.lora_B.default.weight | 24576      | [TRAINABLE]
2026-06-25 01:43:00,991 | INFO | vit_model.base_model.model.blocks.22.attn.proj.weight | 1048576    | [FROZEN]
2026-06-25 01:43:00,991 | INFO | vit_model.base_model.model.blocks.22.attn.proj.bias | 1024       | [FROZEN]
2026-06-25 01:43:00,991 | INFO | vit_model.base_model.model.blocks.22.ls1.gamma | 1024       | [FROZEN]
2026-06-25 01:43:00,991 | INFO | vit_model.base_model.model.blocks.22.norm2.weight | 1024       | [FROZEN]
2026-06-25 01:43:00,991 | INFO | vit_model.base_model.model.blocks.22.norm2.bias | 1024       | [FROZEN]
2026-06-25 01:43:00,991 | INFO | vit_model.base_model.model.blocks.22.mlp.fc1.weight | 4194304    | [FROZEN]
2026-06-25 01:43:00,991 | INFO | vit_model.base_model.model.blocks.22.mlp.fc1.bias | 4096       | [FROZEN]
2026-06-25 01:43:00,992 | INFO | vit_model.base_model.model.blocks.22.mlp.fc2.weight | 4194304    | [FROZEN]
2026-06-25 01:43:00,992 | INFO | vit_model.base_model.model.blocks.22.mlp.fc2.bias | 1024       | [FROZEN]
2026-06-25 01:43:00,992 | INFO | vit_model.base_model.model.blocks.22.ls2.gamma | 1024       | [FROZEN]
2026-06-25 01:43:00,992 | INFO | vit_model.base_model.model.blocks.23.norm1.weight | 1024       | [FROZEN]
2026-06-25 01:43:00,992 | INFO | vit_model.base_model.model.blocks.23.norm1.bias | 1024       | [FROZEN]
2026-06-25 01:43:00,992 | INFO | vit_model.base_model.model.blocks.23.attn.qkv.base_layer.weight | 3145728    | [FROZEN]
2026-06-25 01:43:00,992 | INFO | vit_model.base_model.model.blocks.23.attn.qkv.base_layer.bias | 3072       | [FROZEN]
2026-06-25 01:43:00,992 | INFO | vit_model.base_model.model.blocks.23.attn.qkv.lora_A.default.weight | 8192       | [TRAINABLE]
2026-06-25 01:43:00,992 | INFO | vit_model.base_model.model.blocks.23.attn.qkv.lora_B.default.weight | 24576      | [TRAINABLE]
2026-06-25 01:43:00,992 | INFO | vit_model.base_model.model.blocks.23.attn.proj.weight | 1048576    | [FROZEN]
2026-06-25 01:43:00,992 | INFO | vit_model.base_model.model.blocks.23.attn.proj.bias | 1024       | [FROZEN]
2026-06-25 01:43:00,992 | INFO | vit_model.base_model.model.blocks.23.ls1.gamma | 1024       | [FROZEN]
2026-06-25 01:43:00,992 | INFO | vit_model.base_model.model.blocks.23.norm2.weight | 1024       | [FROZEN]
2026-06-25 01:43:00,992 | INFO | vit_model.base_model.model.blocks.23.norm2.bias | 1024       | [FROZEN]
2026-06-25 01:43:00,992 | INFO | vit_model.base_model.model.blocks.23.mlp.fc1.weight | 4194304    | [FROZEN]
2026-06-25 01:43:00,992 | INFO | vit_model.base_model.model.blocks.23.mlp.fc1.bias | 4096       | [FROZEN]
2026-06-25 01:43:00,992 | INFO | vit_model.base_model.model.blocks.23.mlp.fc2.weight | 4194304    | [FROZEN]
2026-06-25 01:43:00,992 | INFO | vit_model.base_model.model.blocks.23.mlp.fc2.bias | 1024       | [FROZEN]
2026-06-25 01:43:00,992 | INFO | vit_model.base_model.model.blocks.23.ls2.gamma | 1024       | [FROZEN]
2026-06-25 01:43:00,992 | INFO | vit_model.base_model.model.norm.weight   | 1024       | [FROZEN]
2026-06-25 01:43:00,992 | INFO | vit_model.base_model.model.norm.bias     | 1024       | [FROZEN]
2026-06-25 01:43:00,992 | INFO | mil_model.w_map.0.weight                 | 1024       | [TRAINABLE]
2026-06-25 01:43:00,992 | INFO | mil_model.v_map.0.weight                 | 1048576    | [TRAINABLE]
2026-06-25 01:43:00,992 | INFO | concept_heads.0.weight                   | 4096       | [TRAINABLE]
2026-06-25 01:43:00,992 | INFO | concept_heads.0.bias                     | 4          | [TRAINABLE]
2026-06-25 01:43:00,992 | INFO | concept_heads.1.weight                   | 3072       | [TRAINABLE]
2026-06-25 01:43:00,992 | INFO | concept_heads.1.bias                     | 3          | [TRAINABLE]
2026-06-25 01:43:00,992 | INFO | concept_heads.2.weight                   | 3072       | [TRAINABLE]
2026-06-25 01:43:00,992 | INFO | concept_heads.2.bias                     | 3          | [TRAINABLE]
2026-06-25 01:43:00,992 | INFO | task_model.weight                        | 10         | [TRAINABLE]
2026-06-25 01:43:00,992 | INFO | task_model.bias                          | 1          | [TRAINABLE]
2026-06-25 01:43:00,993 | INFO | Total parameters (incl unnamed): 305.1971M
2026-06-25 01:43:00,993 | INFO | Total named parameters: 305.1971M
2026-06-25 01:43:00,993 | INFO | Trainable parameters: 1.8463M
2026-06-25 01:43:00,993 | INFO | ======== starting epoch 1 ========
2026-06-25 01:43:00,993 | INFO | epoch 1 LR at start of epoch: vit = 0.000000
2026-06-25 01:43:00,993 | INFO | epoch 1 LR at start of epoch: head = 0.010000
2026-06-25 01:43:00,993 | INFO | [VALIDATION STEP]
2026-06-25 01:43:15,311 | INFO | [epoch 1 | val | batch 0 start] allocated=2955.9MB | reserved=31856.0MB | peak=12411.9MB
2026-06-25 01:45:01,051 | INFO | [epoch 1 | val | batch 10 start] allocated=2955.9MB | reserved=31856.0MB | peak=12411.9MB
2026-06-25 01:45:11,585 | INFO | epoch 1 val loss (mean of batches): 1.47
2026-06-25 01:45:11,585 | INFO | epoch 1 val loss history: [1.465999960899353]
2026-06-25 01:45:11,585 | INFO | epoch 1 val c-index (total sample): 0.51
2026-06-25 01:45:11,585 | INFO | epoch 1 val c-index history: [0.51]
2026-06-25 01:45:11,588 | INFO | [TRAINING STEP]
2026-06-25 01:45:22,435 | INFO | [epoch 1 | train | batch 0 start] allocated=2367.9MB | reserved=31856.0MB | peak=12411.9MB
2026-06-25 01:45:24,161 | INFO |     task_logits from  -0.34765625 to 0.29296875
2026-06-25 01:46:19,029 | INFO | [epoch 1 | train | batch 10 start] allocated=2389.0MB | reserved=31856.0MB | peak=30391.5MB
2026-06-25 01:47:15,720 | INFO | [epoch 1 | train | batch 20 start] allocated=2389.0MB | reserved=31856.0MB | peak=30391.5MB
2026-06-25 01:48:12,413 | INFO | [epoch 1 | train | batch 30 start] allocated=2389.0MB | reserved=31856.0MB | peak=30391.5MB
2026-06-25 01:49:09,149 | INFO | [epoch 1 | train | batch 40 start] allocated=2389.0MB | reserved=31856.0MB | peak=30391.5MB
2026-06-25 01:49:43,147 | INFO | epoch 1 train total loss: 1.77
2026-06-25 01:49:43,147 | INFO | epoch 1 train concept loss: 1.51
2026-06-25 01:49:43,147 | INFO | epoch 1 train task loss: 0.26
2026-06-25 01:49:43,147 | INFO | epoch 1 train total loss history: [1.7719999551773071]
2026-06-25 01:49:43,147 | INFO | epoch 1 train concept loss history: [1.5089999437332153]
2026-06-25 01:49:43,147 | INFO | epoch 1 train task loss history: [0.2630000114440918]
2026-06-25 01:49:43,147 | INFO | epoch 1 complete
2026-06-25 01:49:43,147 | INFO | ======== starting epoch 2 ========
2026-06-25 01:49:43,147 | INFO | epoch 2 LR at start of epoch: vit = 0.000000
2026-06-25 01:49:43,147 | INFO | epoch 2 LR at start of epoch: head = 0.009755
2026-06-25 01:49:43,147 | INFO | [VALIDATION STEP]
2026-06-25 01:49:57,303 | INFO | [epoch 2 | val | batch 0 start] allocated=2977.0MB | reserved=31856.0MB | peak=30391.5MB
2026-06-25 01:51:43,832 | INFO | [epoch 2 | val | batch 10 start] allocated=2977.0MB | reserved=31856.0MB | peak=30391.5MB
2026-06-25 01:51:54,928 | INFO | epoch 2 val loss (mean of batches): 1.45
2026-06-25 01:51:54,928 | INFO | epoch 2 val loss history: [1.465999960899353, 1.4539999961853027]
2026-06-25 01:51:54,928 | INFO | epoch 2 val c-index (total sample): 0.55
2026-06-25 01:51:54,928 | INFO | epoch 2 val c-index history: [0.51, 0.549]
2026-06-25 01:51:54,931 | INFO | [TRAINING STEP]
2026-06-25 01:52:04,057 | INFO | [epoch 2 | train | batch 0 start] allocated=2389.0MB | reserved=31856.0MB | peak=30391.5MB
2026-06-25 01:52:05,788 | INFO |     task_logits from  -2.234375 to 0.3828125
2026-06-25 01:53:01,939 | INFO | [epoch 2 | train | batch 10 start] allocated=2389.0MB | reserved=31856.0MB | peak=30391.5MB
2026-06-25 01:53:58,765 | INFO | [epoch 2 | train | batch 20 start] allocated=2389.0MB | reserved=31856.0MB | peak=30391.5MB
2026-06-25 01:54:55,472 | INFO | [epoch 2 | train | batch 30 start] allocated=2389.0MB | reserved=31856.0MB | peak=30391.5MB
2026-06-25 01:55:55,221 | INFO | [epoch 2 | train | batch 40 start] allocated=2389.0MB | reserved=31856.0MB | peak=30391.5MB
2026-06-25 01:56:29,166 | INFO | epoch 2 train total loss: 1.44
2026-06-25 01:56:29,166 | INFO | epoch 2 train concept loss: 1.23
2026-06-25 01:56:29,166 | INFO | epoch 2 train task loss: 0.21
2026-06-25 01:56:29,166 | INFO | epoch 2 train total loss history: [1.7719999551773071, 1.437999963760376]
2026-06-25 01:56:29,166 | INFO | epoch 2 train concept loss history: [1.5089999437332153, 1.2300000190734863]
2026-06-25 01:56:29,166 | INFO | epoch 2 train task loss history: [0.2630000114440918, 0.20900000631809235]
2026-06-25 01:56:29,166 | INFO | epoch 2 complete
2026-06-25 01:56:29,166 | INFO | ======== starting epoch 3 ========
2026-06-25 01:56:29,166 | INFO | epoch 3 LR at start of epoch: vit = 0.000000
2026-06-25 01:56:29,167 | INFO | epoch 3 LR at start of epoch: head = 0.009045
2026-06-25 01:56:29,167 | INFO | [VALIDATION STEP]
2026-06-25 01:56:43,068 | INFO | [epoch 3 | val | batch 0 start] allocated=2977.0MB | reserved=31856.0MB | peak=30391.5MB
2026-06-25 01:58:29,469 | INFO | [epoch 3 | val | batch 10 start] allocated=2977.0MB | reserved=31856.0MB | peak=30391.5MB
2026-06-25 01:58:40,104 | INFO | epoch 3 val loss (mean of batches): 1.44
2026-06-25 01:58:40,104 | INFO | epoch 3 val loss history: [1.465999960899353, 1.4539999961853027, 1.440000057220459]
2026-06-25 01:58:40,104 | INFO | epoch 3 val c-index (total sample): 0.69
2026-06-25 01:58:40,104 | INFO | epoch 3 val c-index history: [0.51, 0.549, 0.685]
2026-06-25 01:58:40,106 | INFO | [TRAINING STEP]
2026-06-25 01:58:49,826 | INFO | [epoch 3 | train | batch 0 start] allocated=2389.0MB | reserved=31856.0MB | peak=30391.5MB
2026-06-25 01:58:51,551 | INFO |     task_logits from  -3.09375 to 0.77734375
2026-06-25 01:59:46,588 | INFO | [epoch 3 | train | batch 10 start] allocated=2389.0MB | reserved=31856.0MB | peak=30391.5MB
2026-06-25 02:00:43,713 | INFO | [epoch 3 | train | batch 20 start] allocated=2389.0MB | reserved=31856.0MB | peak=30391.5MB
2026-06-25 02:01:40,535 | INFO | [epoch 3 | train | batch 30 start] allocated=2389.0MB | reserved=31856.0MB | peak=30391.5MB
2026-06-25 02:02:37,315 | INFO | [epoch 3 | train | batch 40 start] allocated=2389.0MB | reserved=31856.0MB | peak=30391.5MB
2026-06-25 02:03:11,346 | INFO | epoch 3 train total loss: 1.21
2026-06-25 02:03:11,346 | INFO | epoch 3 train concept loss: 1.01
2026-06-25 02:03:11,347 | INFO | epoch 3 train task loss: 0.20
2026-06-25 02:03:11,347 | INFO | epoch 3 train total loss history: [1.7719999551773071, 1.437999963760376, 1.2089999914169312]
2026-06-25 02:03:11,347 | INFO | epoch 3 train concept loss history: [1.5089999437332153, 1.2300000190734863, 1.0130000114440918]
2026-06-25 02:03:11,347 | INFO | epoch 3 train task loss history: [0.2630000114440918, 0.20900000631809235, 0.19599999487400055]
2026-06-25 02:03:11,347 | INFO | epoch 3 complete
2026-06-25 02:03:11,347 | INFO | ======== starting epoch 4 ========
2026-06-25 02:03:11,347 | INFO | epoch 4 LR at start of epoch: vit = 0.000000
2026-06-25 02:03:11,347 | INFO | epoch 4 LR at start of epoch: head = 0.007939
2026-06-25 02:03:11,347 | INFO | [VALIDATION STEP]
2026-06-25 02:03:25,635 | INFO | [epoch 4 | val | batch 0 start] allocated=2977.0MB | reserved=31856.0MB | peak=30391.5MB
2026-06-25 02:05:12,521 | INFO | [epoch 4 | val | batch 10 start] allocated=2977.0MB | reserved=31856.0MB | peak=30391.5MB
2026-06-25 02:05:23,269 | INFO | epoch 4 val loss (mean of batches): 1.44
2026-06-25 02:05:23,269 | INFO | epoch 4 val loss history: [1.465999960899353, 1.4539999961853027, 1.440000057220459, 1.437999963760376]
2026-06-25 02:05:23,269 | INFO | epoch 4 val c-index (total sample): 0.65
2026-06-25 02:05:23,269 | INFO | epoch 4 val c-index history: [0.51, 0.549, 0.685, 0.651]
2026-06-25 02:05:23,272 | INFO | [TRAINING STEP]
2026-06-25 02:05:33,956 | INFO | [epoch 4 | train | batch 0 start] allocated=2389.0MB | reserved=31856.0MB | peak=30391.5MB
2026-06-25 02:05:35,682 | INFO |     task_logits from  -2.515625 to 0.69921875
2026-06-25 02:06:30,522 | INFO | [epoch 4 | train | batch 10 start] allocated=2389.0MB | reserved=31856.0MB | peak=30391.5MB
2026-06-25 02:07:27,234 | INFO | [epoch 4 | train | batch 20 start] allocated=2389.0MB | reserved=31856.0MB | peak=30391.5MB
2026-06-25 02:08:23,923 | INFO | [epoch 4 | train | batch 30 start] allocated=2389.0MB | reserved=31856.0MB | peak=30391.5MB
2026-06-25 02:09:20,598 | INFO | [epoch 4 | train | batch 40 start] allocated=2389.0MB | reserved=31856.0MB | peak=30391.5MB
2026-06-25 02:09:54,599 | INFO | epoch 4 train total loss: 1.12
2026-06-25 02:09:54,599 | INFO | epoch 4 train concept loss: 0.93
2026-06-25 02:09:54,599 | INFO | epoch 4 train task loss: 0.19
2026-06-25 02:09:54,599 | INFO | epoch 4 train total loss history: [1.7719999551773071, 1.437999963760376, 1.2089999914169312, 1.1150000095367432]
2026-06-25 02:09:54,599 | INFO | epoch 4 train concept loss history: [1.5089999437332153, 1.2300000190734863, 1.0130000114440918, 0.9279999732971191]
2026-06-25 02:09:54,599 | INFO | epoch 4 train task loss history: [0.2630000114440918, 0.20900000631809235, 0.19599999487400055, 0.18700000643730164]
2026-06-25 02:09:54,599 | INFO | epoch 4 complete
2026-06-25 02:09:54,600 | INFO | ======== starting epoch 5 ========
2026-06-25 02:09:54,600 | INFO | epoch 5 LR at start of epoch: vit = 0.000000
2026-06-25 02:09:54,600 | INFO | epoch 5 LR at start of epoch: head = 0.006545
2026-06-25 02:09:54,600 | INFO | [VALIDATION STEP]
2026-06-25 02:10:08,784 | INFO | [epoch 5 | val | batch 0 start] allocated=2977.0MB | reserved=31856.0MB | peak=30391.5MB
2026-06-25 02:11:55,014 | INFO | [epoch 5 | val | batch 10 start] allocated=2977.0MB | reserved=31856.0MB | peak=30391.5MB
2026-06-25 02:12:05,658 | INFO | epoch 5 val loss (mean of batches): 1.59
2026-06-25 02:12:05,658 | INFO | epoch 5 val loss history: [1.465999960899353, 1.4539999961853027, 1.440000057220459, 1.437999963760376, 1.590999960899353]
2026-06-25 02:12:05,658 | INFO | epoch 5 val c-index (total sample): 0.69
2026-06-25 02:12:05,658 | INFO | epoch 5 val c-index history: [0.51, 0.549, 0.685, 0.651, 0.689]
2026-06-25 02:12:05,661 | INFO | [TRAINING STEP]
2026-06-25 02:12:16,146 | INFO | [epoch 5 | train | batch 0 start] allocated=2389.0MB | reserved=31856.0MB | peak=30391.5MB
2026-06-25 02:12:17,871 | INFO |     task_logits from  -2.296875 to 3.40625
2026-06-25 02:13:12,754 | INFO | [epoch 5 | train | batch 10 start] allocated=2389.0MB | reserved=31856.0MB | peak=30391.5MB
2026-06-25 02:14:09,431 | INFO | [epoch 5 | train | batch 20 start] allocated=2389.0MB | reserved=31856.0MB | peak=30391.5MB
2026-06-25 02:15:06,239 | INFO | [epoch 5 | train | batch 30 start] allocated=2389.0MB | reserved=31856.0MB | peak=30391.5MB
2026-06-25 02:16:03,031 | INFO | [epoch 5 | train | batch 40 start] allocated=2389.0MB | reserved=31856.0MB | peak=30391.5MB
2026-06-25 02:16:37,032 | INFO | epoch 5 train total loss: 0.95
2026-06-25 02:16:37,032 | INFO | epoch 5 train concept loss: 0.76
2026-06-25 02:16:37,032 | INFO | epoch 5 train task loss: 0.19
2026-06-25 02:16:37,032 | INFO | epoch 5 train total loss history: [1.7719999551773071, 1.437999963760376, 1.2089999914169312, 1.1150000095367432, 0.953000009059906]
2026-06-25 02:16:37,032 | INFO | epoch 5 train concept loss history: [1.5089999437332153, 1.2300000190734863, 1.0130000114440918, 0.9279999732971191, 0.7630000114440918]
2026-06-25 02:16:37,032 | INFO | epoch 5 train task loss history: [0.2630000114440918, 0.20900000631809235, 0.19599999487400055, 0.18700000643730164, 0.1899999976158142]
2026-06-25 02:16:37,033 | INFO | epoch 5 complete
2026-06-25 02:16:37,033 | INFO | ======== starting epoch 6 ========
2026-06-25 02:16:37,033 | INFO | epoch 6 LR at start of epoch: vit = 0.000000
2026-06-25 02:16:37,033 | INFO | epoch 6 LR at start of epoch: head = 0.005000
2026-06-25 02:16:37,033 | INFO | [VALIDATION STEP]
2026-06-25 02:16:51,501 | INFO | [epoch 6 | val | batch 0 start] allocated=2977.0MB | reserved=31856.0MB | peak=30391.5MB
2026-06-25 02:18:38,393 | INFO | [epoch 6 | val | batch 10 start] allocated=2977.0MB | reserved=31856.0MB | peak=30391.5MB
2026-06-25 02:18:49,186 | INFO | epoch 6 val loss (mean of batches): 1.37
2026-06-25 02:18:49,186 | INFO | epoch 6 val loss history: [1.465999960899353, 1.4539999961853027, 1.440000057220459, 1.437999963760376, 1.590999960899353, 1.3739999532699585]
2026-06-25 02:18:49,186 | INFO | epoch 6 val c-index (total sample): 0.68
2026-06-25 02:18:49,186 | INFO | epoch 6 val c-index history: [0.51, 0.549, 0.685, 0.651, 0.689, 0.68]
2026-06-25 02:18:49,189 | INFO | [TRAINING STEP]
2026-06-25 02:18:59,781 | INFO | [epoch 6 | train | batch 0 start] allocated=2389.0MB | reserved=31856.0MB | peak=30391.5MB
2026-06-25 02:19:01,504 | INFO |     task_logits from  -3.390625 to -0.3203125
2026-06-25 02:19:56,526 | INFO | [epoch 6 | train | batch 10 start] allocated=2389.0MB | reserved=31856.0MB | peak=30391.5MB
2026-06-25 02:20:53,244 | INFO | [epoch 6 | train | batch 20 start] allocated=2389.0MB | reserved=31856.0MB | peak=30391.5MB
2026-06-25 02:21:49,960 | INFO | [epoch 6 | train | batch 30 start] allocated=2389.0MB | reserved=31856.0MB | peak=30391.5MB
2026-06-25 02:22:46,685 | INFO | [epoch 6 | train | batch 40 start] allocated=2389.0MB | reserved=31856.0MB | peak=30391.5MB
2026-06-25 02:23:20,679 | INFO | epoch 6 train total loss: 0.78
2026-06-25 02:23:20,679 | INFO | epoch 6 train concept loss: 0.62
2026-06-25 02:23:20,679 | INFO | epoch 6 train task loss: 0.16
2026-06-25 02:23:20,679 | INFO | epoch 6 train total loss history: [1.7719999551773071, 1.437999963760376, 1.2089999914169312, 1.1150000095367432, 0.953000009059906, 0.7760000228881836]
2026-06-25 02:23:20,679 | INFO | epoch 6 train concept loss history: [1.5089999437332153, 1.2300000190734863, 1.0130000114440918, 0.9279999732971191, 0.7630000114440918, 0.6159999966621399]
2026-06-25 02:23:20,679 | INFO | epoch 6 train task loss history: [0.2630000114440918, 0.20900000631809235, 0.19599999487400055, 0.18700000643730164, 0.1899999976158142, 0.1599999964237213]
2026-06-25 02:23:20,679 | INFO | epoch 6 complete
2026-06-25 02:23:20,680 | INFO | ======== starting epoch 7 ========
2026-06-25 02:23:20,680 | INFO | epoch 7 LR at start of epoch: vit = 0.000000
2026-06-25 02:23:20,680 | INFO | epoch 7 LR at start of epoch: head = 0.003455
2026-06-25 02:23:20,680 | INFO | [VALIDATION STEP]
2026-06-25 02:23:34,673 | INFO | [epoch 7 | val | batch 0 start] allocated=2977.0MB | reserved=31856.0MB | peak=30391.5MB
2026-06-25 02:25:20,844 | INFO | [epoch 7 | val | batch 10 start] allocated=2977.0MB | reserved=31856.0MB | peak=30391.5MB
2026-06-25 02:25:31,458 | INFO | epoch 7 val loss (mean of batches): 1.32
2026-06-25 02:25:31,458 | INFO | epoch 7 val loss history: [1.465999960899353, 1.4539999961853027, 1.440000057220459, 1.437999963760376, 1.590999960899353, 1.3739999532699585, 1.3200000524520874]
2026-06-25 02:25:31,458 | INFO | epoch 7 val c-index (total sample): 0.64
2026-06-25 02:25:31,458 | INFO | epoch 7 val c-index history: [0.51, 0.549, 0.685, 0.651, 0.689, 0.68, 0.641]
2026-06-25 02:25:31,461 | INFO | [TRAINING STEP]
2026-06-25 02:25:41,020 | INFO | [epoch 7 | train | batch 0 start] allocated=2389.0MB | reserved=31856.0MB | peak=30391.5MB
2026-06-25 02:25:42,749 | INFO |     task_logits from  -2.546875 to 1.390625
2026-06-25 02:26:37,673 | INFO | [epoch 7 | train | batch 10 start] allocated=2389.0MB | reserved=31856.0MB | peak=30391.5MB
2026-06-25 02:27:34,364 | INFO | [epoch 7 | train | batch 20 start] allocated=2389.0MB | reserved=31856.0MB | peak=30391.5MB
2026-06-25 02:28:31,116 | INFO | [epoch 7 | train | batch 30 start] allocated=2389.0MB | reserved=31856.0MB | peak=30391.5MB
2026-06-25 02:29:27,847 | INFO | [epoch 7 | train | batch 40 start] allocated=2389.0MB | reserved=31856.0MB | peak=30391.5MB
2026-06-25 02:30:01,854 | INFO | epoch 7 train total loss: 0.66
2026-06-25 02:30:01,854 | INFO | epoch 7 train concept loss: 0.52
2026-06-25 02:30:01,854 | INFO | epoch 7 train task loss: 0.14
2026-06-25 02:30:01,854 | INFO | epoch 7 train total loss history: [1.7719999551773071, 1.437999963760376, 1.2089999914169312, 1.1150000095367432, 0.953000009059906, 0.7760000228881836, 0.6589999794960022]
2026-06-25 02:30:01,854 | INFO | epoch 7 train concept loss history: [1.5089999437332153, 1.2300000190734863, 1.0130000114440918, 0.9279999732971191, 0.7630000114440918, 0.6159999966621399, 0.5239999890327454]
2026-06-25 02:30:01,854 | INFO | epoch 7 train task loss history: [0.2630000114440918, 0.20900000631809235, 0.19599999487400055, 0.18700000643730164, 0.1899999976158142, 0.1599999964237213, 0.13500000536441803]
2026-06-25 02:30:01,855 | INFO | epoch 7 complete
2026-06-25 02:30:01,855 | INFO | ======== starting epoch 8 ========
2026-06-25 02:30:01,855 | INFO | epoch 8 LR at start of epoch: vit = 0.000000
2026-06-25 02:30:01,855 | INFO | epoch 8 LR at start of epoch: head = 0.002061
2026-06-25 02:30:01,855 | INFO | [VALIDATION STEP]
2026-06-25 02:30:16,128 | INFO | [epoch 8 | val | batch 0 start] allocated=2977.0MB | reserved=31856.0MB | peak=30391.5MB
2026-06-25 02:32:02,418 | INFO | [epoch 8 | val | batch 10 start] allocated=2977.0MB | reserved=31856.0MB | peak=30391.5MB
2026-06-25 02:32:13,042 | INFO | epoch 8 val loss (mean of batches): 1.27
2026-06-25 02:32:13,042 | INFO | epoch 8 val loss history: [1.465999960899353, 1.4539999961853027, 1.440000057220459, 1.437999963760376, 1.590999960899353, 1.3739999532699585, 1.3200000524520874, 1.2740000486373901]
2026-06-25 02:32:13,042 | INFO | epoch 8 val c-index (total sample): 0.72
2026-06-25 02:32:13,042 | INFO | epoch 8 val c-index history: [0.51, 0.549, 0.685, 0.651, 0.689, 0.68, 0.641, 0.717]
2026-06-25 02:32:13,045 | INFO | [TRAINING STEP]
2026-06-25 02:32:24,033 | INFO | [epoch 8 | train | batch 0 start] allocated=2389.0MB | reserved=31856.0MB | peak=30391.5MB
2026-06-25 02:32:25,763 | INFO |     task_logits from  -3.9375 to 1.4609375
2026-06-25 02:33:20,648 | INFO | [epoch 8 | train | batch 10 start] allocated=2389.0MB | reserved=31856.0MB | peak=30391.5MB
2026-06-25 02:34:17,409 | INFO | [epoch 8 | train | batch 20 start] allocated=2389.0MB | reserved=31856.0MB | peak=30391.5MB
2026-06-25 02:35:14,136 | INFO | [epoch 8 | train | batch 30 start] allocated=2389.0MB | reserved=31856.0MB | peak=30391.5MB
2026-06-25 02:36:10,941 | INFO | [epoch 8 | train | batch 40 start] allocated=2389.0MB | reserved=31856.0MB | peak=30391.5MB
2026-06-25 02:36:45,008 | INFO | epoch 8 train total loss: 0.57
2026-06-25 02:36:45,008 | INFO | epoch 8 train concept loss: 0.44
2026-06-25 02:36:45,008 | INFO | epoch 8 train task loss: 0.13
2026-06-25 02:36:45,008 | INFO | epoch 8 train total loss history: [1.7719999551773071, 1.437999963760376, 1.2089999914169312, 1.1150000095367432, 0.953000009059906, 0.7760000228881836, 0.6589999794960022, 0.5690000057220459]
2026-06-25 02:36:45,008 | INFO | epoch 8 train concept loss history: [1.5089999437332153, 1.2300000190734863, 1.0130000114440918, 0.9279999732971191, 0.7630000114440918, 0.6159999966621399, 0.5239999890327454, 0.4390000104904175]
2026-06-25 02:36:45,008 | INFO | epoch 8 train task loss history: [0.2630000114440918, 0.20900000631809235, 0.19599999487400055, 0.18700000643730164, 0.1899999976158142, 0.1599999964237213, 0.13500000536441803, 0.12999999523162842]
2026-06-25 02:36:45,009 | INFO | epoch 8 complete
2026-06-25 02:36:45,009 | INFO | ======== starting epoch 9 ========
2026-06-25 02:36:45,009 | INFO | epoch 9 LR at start of epoch: vit = 0.000000
2026-06-25 02:36:45,009 | INFO | epoch 9 LR at start of epoch: head = 0.000955
2026-06-25 02:36:45,009 | INFO | [VALIDATION STEP]
2026-06-25 02:36:59,560 | INFO | [epoch 9 | val | batch 0 start] allocated=2977.0MB | reserved=31856.0MB | peak=30391.5MB
2026-06-25 02:38:46,412 | INFO | [epoch 9 | val | batch 10 start] allocated=2977.0MB | reserved=31856.0MB | peak=30391.5MB
2026-06-25 02:38:57,210 | INFO | epoch 9 val loss (mean of batches): 1.26
2026-06-25 02:38:57,210 | INFO | epoch 9 val loss history: [1.465999960899353, 1.4539999961853027, 1.440000057220459, 1.437999963760376, 1.590999960899353, 1.3739999532699585, 1.3200000524520874, 1.2740000486373901, 1.25600004196167]
2026-06-25 02:38:57,210 | INFO | epoch 9 val c-index (total sample): 0.70
2026-06-25 02:38:57,210 | INFO | epoch 9 val c-index history: [0.51, 0.549, 0.685, 0.651, 0.689, 0.68, 0.641, 0.717, 0.704]
2026-06-25 02:38:57,213 | INFO | [TRAINING STEP]
2026-06-25 02:39:07,061 | INFO | [epoch 9 | train | batch 0 start] allocated=2389.0MB | reserved=31856.0MB | peak=30391.5MB
2026-06-25 02:39:08,787 | INFO |     task_logits from  -3.171875 to 3.328125
2026-06-25 02:40:03,690 | INFO | [epoch 9 | train | batch 10 start] allocated=2389.0MB | reserved=31856.0MB | peak=30391.5MB
2026-06-25 02:41:00,404 | INFO | [epoch 9 | train | batch 20 start] allocated=2389.0MB | reserved=31856.0MB | peak=30391.5MB
2026-06-25 02:41:57,134 | INFO | [epoch 9 | train | batch 30 start] allocated=2389.0MB | reserved=31856.0MB | peak=30391.5MB
2026-06-25 02:42:53,840 | INFO | [epoch 9 | train | batch 40 start] allocated=2389.0MB | reserved=31856.0MB | peak=30391.5MB
2026-06-25 02:43:27,833 | INFO | epoch 9 train total loss: 0.50
2026-06-25 02:43:27,833 | INFO | epoch 9 train concept loss: 0.38
2026-06-25 02:43:27,833 | INFO | epoch 9 train task loss: 0.11
2026-06-25 02:43:27,833 | INFO | epoch 9 train total loss history: [1.7719999551773071, 1.437999963760376, 1.2089999914169312, 1.1150000095367432, 0.953000009059906, 0.7760000228881836, 0.6589999794960022, 0.5690000057220459, 0.4970000088214874]
2026-06-25 02:43:27,833 | INFO | epoch 9 train concept loss history: [1.5089999437332153, 1.2300000190734863, 1.0130000114440918, 0.9279999732971191, 0.7630000114440918, 0.6159999966621399, 0.5239999890327454, 0.4390000104904175, 0.3840000033378601]
2026-06-25 02:43:27,833 | INFO | epoch 9 train task loss history: [0.2630000114440918, 0.20900000631809235, 0.19599999487400055, 0.18700000643730164, 0.1899999976158142, 0.1599999964237213, 0.13500000536441803, 0.12999999523162842, 0.11299999803304672]
2026-06-25 02:43:27,833 | INFO | epoch 9 complete
2026-06-25 02:43:27,834 | INFO | ======== starting epoch 10 ========
2026-06-25 02:43:27,834 | INFO | epoch 10 LR at start of epoch: vit = 0.000000
2026-06-25 02:43:27,834 | INFO | epoch 10 LR at start of epoch: head = 0.000245
2026-06-25 02:43:27,834 | INFO | [VALIDATION STEP]
2026-06-25 02:43:42,577 | INFO | [epoch 10 | val | batch 0 start] allocated=2977.0MB | reserved=31856.0MB | peak=30391.5MB
2026-06-25 02:45:29,354 | INFO | [epoch 10 | val | batch 10 start] allocated=2977.0MB | reserved=31856.0MB | peak=30391.5MB
2026-06-25 02:45:40,064 | INFO | epoch 10 val loss (mean of batches): 1.34
2026-06-25 02:45:40,064 | INFO | epoch 10 val loss history: [1.465999960899353, 1.4539999961853027, 1.440000057220459, 1.437999963760376, 1.590999960899353, 1.3739999532699585, 1.3200000524520874, 1.2740000486373901, 1.25600004196167, 1.3350000381469727]
2026-06-25 02:45:40,064 | INFO | epoch 10 val c-index (total sample): 0.65
2026-06-25 02:45:40,064 | INFO | epoch 10 val c-index history: [0.51, 0.549, 0.685, 0.651, 0.689, 0.68, 0.641, 0.717, 0.704, 0.649]
2026-06-25 02:45:40,066 | INFO | [TRAINING STEP]
2026-06-25 02:45:51,024 | INFO | [epoch 10 | train | batch 0 start] allocated=2389.0MB | reserved=31856.0MB | peak=30391.5MB
2026-06-25 02:45:52,749 | INFO |     task_logits from  -4.09375 to 0.7734375
2026-06-25 02:46:47,835 | INFO | [epoch 10 | train | batch 10 start] allocated=2389.0MB | reserved=31856.0MB | peak=30391.5MB
2026-06-25 02:47:44,626 | INFO | [epoch 10 | train | batch 20 start] allocated=2389.0MB | reserved=31856.0MB | peak=30391.5MB
2026-06-25 02:48:41,356 | INFO | [epoch 10 | train | batch 30 start] allocated=2389.0MB | reserved=31856.0MB | peak=30391.5MB
2026-06-25 02:49:38,180 | INFO | [epoch 10 | train | batch 40 start] allocated=2389.0MB | reserved=31856.0MB | peak=30391.5MB
2026-06-25 02:50:12,166 | INFO | epoch 10 train total loss: 0.49
2026-06-25 02:50:12,166 | INFO | epoch 10 train concept loss: 0.37
2026-06-25 02:50:12,166 | INFO | epoch 10 train task loss: 0.12
2026-06-25 02:50:12,166 | INFO | epoch 10 train total loss history: [1.7719999551773071, 1.437999963760376, 1.2089999914169312, 1.1150000095367432, 0.953000009059906, 0.7760000228881836, 0.6589999794960022, 0.5690000057220459, 0.4970000088214874, 0.49300000071525574]
2026-06-25 02:50:12,166 | INFO | epoch 10 train concept loss history: [1.5089999437332153, 1.2300000190734863, 1.0130000114440918, 0.9279999732971191, 0.7630000114440918, 0.6159999966621399, 0.5239999890327454, 0.4390000104904175, 0.3840000033378601, 0.36800000071525574]
2026-06-25 02:50:12,166 | INFO | epoch 10 train task loss history: [0.2630000114440918, 0.20900000631809235, 0.19599999487400055, 0.18700000643730164, 0.1899999976158142, 0.1599999964237213, 0.13500000536441803, 0.12999999523162842, 0.11299999803304672, 0.125]
2026-06-25 02:50:12,166 | INFO | epoch 10 complete
2026-06-25 02:50:12,168 | INFO | training complete
2026-06-25 02:50:12,168 | INFO | predicting on the validation set
2026-06-25 02:51:11,361 | INFO |   starting batch 1 of validation
2026-06-25 02:51:16,495 | INFO |   starting batch 2 of validation
2026-06-25 02:51:21,668 | INFO |   starting batch 3 of validation
2026-06-25 02:51:26,913 | INFO |   starting batch 4 of validation
2026-06-25 02:51:32,157 | INFO |   starting batch 5 of validation
2026-06-25 02:51:37,422 | INFO |   starting batch 6 of validation
2026-06-25 02:51:42,727 | INFO |   starting batch 7 of validation
2026-06-25 02:51:48,282 | INFO |   starting batch 8 of validation
2026-06-25 02:51:53,601 | INFO |   starting batch 9 of validation
2026-06-25 02:51:58,921 | INFO |   starting batch 10 of validation
2026-06-25 02:52:04,239 | INFO |   starting batch 11 of validation
2026-06-25 02:52:09,558 | INFO |   starting batch 12 of validation
2026-06-25 02:52:12,206 | INFO | measuring performance
2026-06-25 02:52:12,206 | INFO | y_test: (184, 2)
2026-06-25 02:52:12,206 | INFO | y_probs: (184, 1)
2026-06-25 02:52:12,206 | INFO | c_test: (184, 3)
2026-06-25 02:52:12,206 | INFO | c_probs: (184, 10)
2026-06-25 02:52:12,207 | INFO | c_test_concept: (184,)
2026-06-25 02:52:12,207 | INFO | c_pred_concept: (184,)
2026-06-25 02:52:12,213 | INFO | c_test_concept: (184,)
2026-06-25 02:52:12,213 | INFO | c_pred_concept: (184,)
2026-06-25 02:52:12,217 | INFO | c_test_concept: (184,)
2026-06-25 02:52:12,217 | INFO | c_pred_concept: (184,)
2026-06-25 02:52:12,221 | INFO | results: {'task': {'c_index': 0.7113268608414239}, 'concepts': {'concept_0': {'0': {'precision': 0.23076923076923078, 'recall': 0.375, 'f1-score': 0.2857142857142857, 'support': 24.0}, '1': {'precision': 0.6153846153846154, 'recall': 0.6666666666666666, 'f1-score': 0.64, 'support': 108.0}, '2': {'precision': 0.35714285714285715, 'recall': 0.20833333333333334, 'f1-score': 0.2631578947368421, 'support': 48.0}, '3': {'precision': nan, 'recall': 0.0, 'f1-score': 0.0, 'support': 4.0}, 'accuracy': 0.4945652173913043, 'macro avg': {'precision': 0.4010989010989012, 'recall': 0.31249999999999994, 'f1-score': 0.29721804511278194, 'support': 184.0}, 'weighted avg': {'precision': 0.4952380952380952, 'recall': 0.4945652173913043, 'f1-score': 0.48156914024190917, 'support': 184.0}, 'auc': {'ovo': 0.7038403420781894}, 'confusion': {'true_0': {'pred_0': 9, 'pred_1': 14, 'pred_2': 1, 'pred_3': 0}, 'true_1': {'pred_0': 21, 'pred_1': 72, 'pred_2': 15, 'pred_3': 0}, 'true_2': {'pred_0': 9, 'pred_1': 29, 'pred_2': 10, 'pred_3': 0}, 'true_3': {'pred_0': 0, 'pred_1': 2, 'pred_2': 2, 'pred_3': 0}}}, 'concept_1': {'0': {'precision': 0.6627906976744186, 'recall': 0.5588235294117647, 'f1-score': 0.6063829787234043, 'support': 102.0}, '1': {'precision': 0.375, 'recall': 0.5294117647058824, 'f1-score': 0.43902439024390244, 'support': 51.0}, '2': {'precision': 0.34615384615384615, 'recall': 0.2903225806451613, 'f1-score': 0.3157894736842105, 'support': 31.0}, 'accuracy': 0.5054347826086957, 'macro avg': {'precision': 0.4613148479427549, 'recall': 0.4595192915876028, 'f1-score': 0.45373228088383905, 'support': 184.0}, 'weighted avg': {'precision': 0.5296761977910865, 'recall': 0.5054347826086957, 'f1-score': 0.5110368555241129, 'support': 184.0}, 'auc': {'ovo': 0.6500580835328017}, 'confusion': {'true_0': {'pred_0': 57, 'pred_1': 32, 'pred_2': 13}, 'true_1': {'pred_0': 20, 'pred_1': 27, 'pred_2': 4}, 'true_2': {'pred_0': 9, 'pred_1': 13, 'pred_2': 9}}}, 'concept_2': {'0': {'precision': 0.832258064516129, 'recall': 0.9020979020979021, 'f1-score': 0.8657718120805369, 'support': 143.0}, '1': {'precision': 0.41379310344827586, 'recall': 0.3157894736842105, 'f1-score': 0.3582089552238806, 'support': 38.0}, '2': {'precision': nan, 'recall': 0.0, 'f1-score': 0.0, 'support': 3.0}, 'accuracy': 0.7663043478260869, 'macro avg': {'precision': 0.6230255839822024, 'recall': 0.40596245859403757, 'f1-score': 0.4079935891014725, 'support': 184.0}, 'weighted avg': {'precision': 0.7444035423029887, 'recall': 0.7663043478260869, 'f1-score': 0.7468332034023055, 'support': 184.0}, 'auc': {'ovo': 0.5563325563325564}, 'confusion': {'true_0': {'pred_0': 129, 'pred_1': 14, 'pred_2': 0}, 'true_1': {'pred_0': 26, 'pred_1': 12, 'pred_2': 0}, 'true_2': {'pred_0': 0, 'pred_1': 3, 'pred_2': 0}}}}}
2026-06-25 02:52:12,244 | INFO | done
