2026-06-12 01:36:38,888 | INFO | starting test with run name: baseline_1781214199/run_2
2026-06-12 01:36:38,894 | INFO | config loaded
2026-06-12 01:36:38,894 | INFO | STARTING TEST WITH:
2026-06-12 01:36:38,894 | INFO | BATCH SIZE 8
2026-06-12 01:36:38,894 | INFO | EPOCHS 10
2026-06-12 01:36:38,894 | INFO | importing
2026-06-12 01:38:28,821 | INFO | imports complete
2026-06-12 01:38:28,925 | INFO | making datasets
2026-06-12 01:38:28,951 | INFO | paitent data for 1000 patients
2026-06-12 01:38:28,951 | INFO | np_bags_dir: data/bags_np/bag_150/
2026-06-12 01:38:28,986 | INFO | np bags for 924 patients
2026-06-12 01:38:28,988 | INFO | 924 patients with data AND bags
2026-06-12 01:38:28,992 | INFO | training fold 0
2026-06-12 01:38:28,992 | INFO | train set size: 739
2026-06-12 01:38:28,993 | INFO | val set size: 185
2026-06-12 01:38:28,995 | INFO | cpu_count: 30
2026-06-12 01:38:28,995 | INFO | num_workers: 2
2026-06-12 01:38:29,017 | INFO | completed building dataloaders
2026-06-12 01:38:29,017 | INFO | training starts
2026-06-12 01:38:42,380 | INFO | model initialized
2026-06-12 01:38:42,676 | INFO | LR scheduler: <torch.optim.lr_scheduler.CosineAnnealingLR object at 0x7c3f404ab2b0>
2026-06-12 01:38:42,676 | INFO | Parameters by layer:
2026-06-12 01:38:42,677 | INFO | Total parameters: 304.4106M
2026-06-12 01:38:42,677 | INFO | Trainable parameters: 1.0599M
2026-06-12 01:38:42,677 | INFO | ======== starting epoch 1 ========
2026-06-12 01:38:42,677 | INFO | epoch 1 LR at start of epoch: 0.001000
2026-06-12 01:38:42,677 | INFO | [VALIDATION STEP]
2026-06-12 01:38:54,423 | INFO | [epoch 1 | val | batch 0 start] allocated=1758.4MB | reserved=12786.0MB | peak=11214.4MB
2026-06-12 01:40:30,643 | INFO | [epoch 1 | val | batch 10 start] allocated=1758.4MB | reserved=12786.0MB | peak=11214.4MB
2026-06-12 01:42:07,130 | INFO | [epoch 1 | val | batch 20 start] allocated=1758.4MB | reserved=12786.0MB | peak=11214.4MB
2026-06-12 01:42:32,484 | INFO | epoch 1 val loss (mean of batches): 1.45
2026-06-12 01:42:32,484 | INFO | epoch 1 val loss history: [1.4450000524520874]
2026-06-12 01:42:32,484 | INFO | epoch 1 val c-index (total sample): 0.46
2026-06-12 01:42:32,484 | INFO | epoch 1 val c-index history: [0.455]
2026-06-12 01:42:32,486 | INFO | [TRAINING STEP]
2026-06-12 01:42:37,560 | INFO | [epoch 1 | train | batch 0 start] allocated=1170.4MB | reserved=12786.0MB | peak=11214.4MB
2026-06-12 01:42:39,026 | INFO |     task_logits from  -0.70703125 to -0.11083984375
2026-06-12 01:43:02,844 | INFO | [epoch 1 | train | batch 10 start] allocated=1190.6MB | reserved=12786.0MB | peak=11214.4MB
2026-06-12 01:43:25,857 | INFO | [epoch 1 | train | batch 20 start] allocated=1190.6MB | reserved=12786.0MB | peak=11214.4MB
2026-06-12 01:43:49,708 | INFO | [epoch 1 | train | batch 30 start] allocated=1190.6MB | reserved=12786.0MB | peak=11214.4MB
2026-06-12 01:44:14,496 | INFO | [epoch 1 | train | batch 40 start] allocated=1190.6MB | reserved=12786.0MB | peak=11214.4MB
2026-06-12 01:44:37,150 | INFO | [epoch 1 | train | batch 50 start] allocated=1190.6MB | reserved=12786.0MB | peak=11214.4MB
2026-06-12 01:45:01,198 | INFO | [epoch 1 | train | batch 60 start] allocated=1190.6MB | reserved=12786.0MB | peak=11214.4MB
2026-06-12 01:45:23,192 | INFO | [epoch 1 | train | batch 70 start] allocated=1190.6MB | reserved=12786.0MB | peak=11214.4MB
2026-06-12 01:45:47,323 | INFO | [epoch 1 | train | batch 80 start] allocated=1190.6MB | reserved=12786.0MB | peak=11214.4MB
2026-06-12 01:46:11,876 | INFO | [epoch 1 | train | batch 90 start] allocated=1190.6MB | reserved=12786.0MB | peak=11214.4MB
2026-06-12 01:46:16,128 | INFO | epoch 1 train total loss: 1.08
2026-06-12 01:46:16,128 | INFO | epoch 1 train concept loss: 0.92
2026-06-12 01:46:16,128 | INFO | epoch 1 train task loss: 0.15
2026-06-12 01:46:16,129 | INFO | epoch 1 train total loss history: [1.0750000476837158]
2026-06-12 01:46:16,129 | INFO | epoch 1 train concept loss history: [0.9210000038146973]
2026-06-12 01:46:16,129 | INFO | epoch 1 train task loss history: [0.15399999916553497]
2026-06-12 01:46:16,129 | INFO | epoch 1 complete
2026-06-12 01:46:16,129 | INFO | ======== starting epoch 2 ========
2026-06-12 01:46:16,129 | INFO | epoch 2 LR at start of epoch: 0.000976
2026-06-12 01:46:16,129 | INFO | [VALIDATION STEP]
2026-06-12 01:46:25,874 | INFO | [epoch 2 | val | batch 0 start] allocated=1778.6MB | reserved=12826.0MB | peak=11234.6MB
2026-06-12 01:48:02,282 | INFO | [epoch 2 | val | batch 10 start] allocated=1778.6MB | reserved=12826.0MB | peak=11234.6MB
2026-06-12 01:49:39,053 | INFO | [epoch 2 | val | batch 20 start] allocated=1778.6MB | reserved=12826.0MB | peak=11234.6MB
2026-06-12 01:50:04,405 | INFO | epoch 2 val loss (mean of batches): 1.01
2026-06-12 01:50:04,405 | INFO | epoch 2 val loss history: [1.4450000524520874, 1.0119999647140503]
2026-06-12 01:50:04,405 | INFO | epoch 2 val c-index (total sample): 0.66
2026-06-12 01:50:04,405 | INFO | epoch 2 val c-index history: [0.455, 0.66]
2026-06-12 01:50:04,407 | INFO | [TRAINING STEP]
2026-06-12 01:50:08,943 | INFO | [epoch 2 | train | batch 0 start] allocated=1190.6MB | reserved=12826.0MB | peak=11234.6MB
2026-06-12 01:50:10,276 | INFO |     task_logits from  -1.15625 to 0.439453125
2026-06-12 01:50:31,672 | INFO | [epoch 2 | train | batch 10 start] allocated=1190.6MB | reserved=12826.0MB | peak=11234.6MB
2026-06-12 01:50:53,376 | INFO | [epoch 2 | train | batch 20 start] allocated=1190.6MB | reserved=12826.0MB | peak=11234.6MB
2026-06-12 01:51:18,250 | INFO | [epoch 2 | train | batch 30 start] allocated=1190.6MB | reserved=12826.0MB | peak=11234.6MB
2026-06-12 01:51:41,070 | INFO | [epoch 2 | train | batch 40 start] allocated=1190.6MB | reserved=12826.0MB | peak=11234.6MB
2026-06-12 01:52:05,092 | INFO | [epoch 2 | train | batch 50 start] allocated=1190.6MB | reserved=12826.0MB | peak=11234.6MB
2026-06-12 01:52:29,835 | INFO | [epoch 2 | train | batch 60 start] allocated=1190.6MB | reserved=12826.0MB | peak=11234.6MB
2026-06-12 01:52:53,861 | INFO | [epoch 2 | train | batch 70 start] allocated=1190.6MB | reserved=12826.0MB | peak=11234.6MB
2026-06-12 01:53:18,445 | INFO | [epoch 2 | train | batch 80 start] allocated=1190.6MB | reserved=12826.0MB | peak=11234.6MB
2026-06-12 01:53:41,720 | INFO | [epoch 2 | train | batch 90 start] allocated=1190.6MB | reserved=12826.0MB | peak=11234.6MB
2026-06-12 01:53:44,376 | INFO | epoch 2 train total loss: 0.92
2026-06-12 01:53:44,376 | INFO | epoch 2 train concept loss: 0.78
2026-06-12 01:53:44,376 | INFO | epoch 2 train task loss: 0.14
2026-06-12 01:53:44,376 | INFO | epoch 2 train total loss history: [1.0750000476837158, 0.9190000295639038]
2026-06-12 01:53:44,376 | INFO | epoch 2 train concept loss history: [0.9210000038146973, 0.7770000100135803]
2026-06-12 01:53:44,376 | INFO | epoch 2 train task loss history: [0.15399999916553497, 0.1420000046491623]
2026-06-12 01:53:44,377 | INFO | epoch 2 complete
2026-06-12 01:53:44,377 | INFO | ======== starting epoch 3 ========
2026-06-12 01:53:44,377 | INFO | epoch 3 LR at start of epoch: 0.000905
2026-06-12 01:53:44,377 | INFO | [VALIDATION STEP]
2026-06-12 01:53:55,109 | INFO | [epoch 3 | val | batch 0 start] allocated=1778.6MB | reserved=12826.0MB | peak=11234.6MB
2026-06-12 01:55:31,685 | INFO | [epoch 3 | val | batch 10 start] allocated=1778.6MB | reserved=12826.0MB | peak=11234.6MB
2026-06-12 01:57:08,396 | INFO | [epoch 3 | val | batch 20 start] allocated=1778.6MB | reserved=12826.0MB | peak=11234.6MB
2026-06-12 01:57:33,783 | INFO | epoch 3 val loss (mean of batches): 1.03
2026-06-12 01:57:33,783 | INFO | epoch 3 val loss history: [1.4450000524520874, 1.0119999647140503, 1.031000018119812]
2026-06-12 01:57:33,783 | INFO | epoch 3 val c-index (total sample): 0.67
2026-06-12 01:57:33,783 | INFO | epoch 3 val c-index history: [0.455, 0.66, 0.669]
2026-06-12 01:57:33,785 | INFO | [TRAINING STEP]
2026-06-12 01:57:38,452 | INFO | [epoch 3 | train | batch 0 start] allocated=1190.6MB | reserved=12826.0MB | peak=11234.6MB
2026-06-12 01:57:39,791 | INFO |     task_logits from  -2.09375 to -0.021728515625
2026-06-12 01:58:01,371 | INFO | [epoch 3 | train | batch 10 start] allocated=1190.6MB | reserved=12826.0MB | peak=11234.6MB
2026-06-12 01:58:26,733 | INFO | [epoch 3 | train | batch 20 start] allocated=1190.6MB | reserved=12826.0MB | peak=11234.6MB
2026-06-12 01:58:50,289 | INFO | [epoch 3 | train | batch 30 start] allocated=1190.6MB | reserved=12826.0MB | peak=11234.6MB
2026-06-12 01:59:14,125 | INFO | [epoch 3 | train | batch 40 start] allocated=1190.6MB | reserved=12826.0MB | peak=11234.6MB
2026-06-12 01:59:37,297 | INFO | [epoch 3 | train | batch 50 start] allocated=1190.6MB | reserved=12826.0MB | peak=11234.6MB
2026-06-12 02:00:01,031 | INFO | [epoch 3 | train | batch 60 start] allocated=1190.6MB | reserved=12826.0MB | peak=11234.6MB
2026-06-12 02:00:24,593 | INFO | [epoch 3 | train | batch 70 start] allocated=1190.6MB | reserved=12826.0MB | peak=11234.6MB
2026-06-12 02:00:48,106 | INFO | [epoch 3 | train | batch 80 start] allocated=1190.6MB | reserved=12826.0MB | peak=11234.6MB
2026-06-12 02:01:12,592 | INFO | [epoch 3 | train | batch 90 start] allocated=1190.6MB | reserved=12826.0MB | peak=11234.6MB
2026-06-12 02:01:16,827 | INFO | epoch 3 train total loss: 0.86
2026-06-12 02:01:16,827 | INFO | epoch 3 train concept loss: 0.73
2026-06-12 02:01:16,827 | INFO | epoch 3 train task loss: 0.13
2026-06-12 02:01:16,827 | INFO | epoch 3 train total loss history: [1.0750000476837158, 0.9190000295639038, 0.859000027179718]
2026-06-12 02:01:16,827 | INFO | epoch 3 train concept loss history: [0.9210000038146973, 0.7770000100135803, 0.7289999723434448]
2026-06-12 02:01:16,828 | INFO | epoch 3 train task loss history: [0.15399999916553497, 0.1420000046491623, 0.12999999523162842]
2026-06-12 02:01:16,828 | INFO | epoch 3 complete
2026-06-12 02:01:16,828 | INFO | ======== starting epoch 4 ========
2026-06-12 02:01:16,828 | INFO | epoch 4 LR at start of epoch: 0.000794
2026-06-12 02:01:16,828 | INFO | [VALIDATION STEP]
2026-06-12 02:01:26,402 | INFO | [epoch 4 | val | batch 0 start] allocated=1778.6MB | reserved=12826.0MB | peak=11234.6MB
2026-06-12 02:03:02,683 | INFO | [epoch 4 | val | batch 10 start] allocated=1778.6MB | reserved=12826.0MB | peak=11234.6MB
2026-06-12 02:04:39,473 | INFO | [epoch 4 | val | batch 20 start] allocated=1778.6MB | reserved=12826.0MB | peak=11234.6MB
2026-06-12 02:05:05,102 | INFO | epoch 4 val loss (mean of batches): 1.02
2026-06-12 02:05:05,102 | INFO | epoch 4 val loss history: [1.4450000524520874, 1.0119999647140503, 1.031000018119812, 1.0160000324249268]
2026-06-12 02:05:05,103 | INFO | epoch 4 val c-index (total sample): 0.65
2026-06-12 02:05:05,103 | INFO | epoch 4 val c-index history: [0.455, 0.66, 0.669, 0.645]
2026-06-12 02:05:05,104 | INFO | [TRAINING STEP]
2026-06-12 02:05:10,741 | INFO | [epoch 4 | train | batch 0 start] allocated=1190.6MB | reserved=12826.0MB | peak=11234.6MB
2026-06-12 02:05:12,079 | INFO |     task_logits from  -1.890625 to 0.29296875
2026-06-12 02:05:36,730 | INFO | [epoch 4 | train | batch 10 start] allocated=1190.6MB | reserved=12826.0MB | peak=11234.6MB
2026-06-12 02:06:02,565 | INFO | [epoch 4 | train | batch 20 start] allocated=1190.6MB | reserved=12826.0MB | peak=11234.6MB
2026-06-12 02:06:27,163 | INFO | [epoch 4 | train | batch 30 start] allocated=1190.6MB | reserved=12826.0MB | peak=11234.6MB
2026-06-12 02:06:51,672 | INFO | [epoch 4 | train | batch 40 start] allocated=1190.6MB | reserved=12826.0MB | peak=11234.6MB
2026-06-12 02:07:17,102 | INFO | [epoch 4 | train | batch 50 start] allocated=1190.6MB | reserved=12826.0MB | peak=11234.6MB
2026-06-12 02:07:41,747 | INFO | [epoch 4 | train | batch 60 start] allocated=1190.6MB | reserved=12826.0MB | peak=11234.6MB
2026-06-12 02:08:06,152 | INFO | [epoch 4 | train | batch 70 start] allocated=1190.6MB | reserved=12826.0MB | peak=11234.6MB
2026-06-12 02:08:31,048 | INFO | [epoch 4 | train | batch 80 start] allocated=1190.6MB | reserved=12826.0MB | peak=11234.6MB
2026-06-12 02:08:54,515 | INFO | [epoch 4 | train | batch 90 start] allocated=1190.6MB | reserved=12826.0MB | peak=11234.6MB
2026-06-12 02:08:57,170 | INFO | epoch 4 train total loss: 0.76
2026-06-12 02:08:57,170 | INFO | epoch 4 train concept loss: 0.65
2026-06-12 02:08:57,170 | INFO | epoch 4 train task loss: 0.12
2026-06-12 02:08:57,170 | INFO | epoch 4 train total loss history: [1.0750000476837158, 0.9190000295639038, 0.859000027179718, 0.7649999856948853]
2026-06-12 02:08:57,170 | INFO | epoch 4 train concept loss history: [0.9210000038146973, 0.7770000100135803, 0.7289999723434448, 0.6480000019073486]
2026-06-12 02:08:57,170 | INFO | epoch 4 train task loss history: [0.15399999916553497, 0.1420000046491623, 0.12999999523162842, 0.11699999868869781]
2026-06-12 02:08:57,170 | INFO | epoch 4 complete
2026-06-12 02:08:57,170 | INFO | ======== starting epoch 5 ========
2026-06-12 02:08:57,170 | INFO | epoch 5 LR at start of epoch: 0.000655
2026-06-12 02:08:57,170 | INFO | [VALIDATION STEP]
2026-06-12 02:09:07,746 | INFO | [epoch 5 | val | batch 0 start] allocated=1778.6MB | reserved=12826.0MB | peak=11234.6MB
2026-06-12 02:10:44,258 | INFO | [epoch 5 | val | batch 10 start] allocated=1778.6MB | reserved=12826.0MB | peak=11234.6MB
2026-06-12 02:12:20,829 | INFO | [epoch 5 | val | batch 20 start] allocated=1778.6MB | reserved=12826.0MB | peak=11234.6MB
2026-06-12 02:12:46,156 | INFO | epoch 5 val loss (mean of batches): 1.02
2026-06-12 02:12:46,156 | INFO | epoch 5 val loss history: [1.4450000524520874, 1.0119999647140503, 1.031000018119812, 1.0160000324249268, 1.024999976158142]
2026-06-12 02:12:46,156 | INFO | epoch 5 val c-index (total sample): 0.66
2026-06-12 02:12:46,156 | INFO | epoch 5 val c-index history: [0.455, 0.66, 0.669, 0.645, 0.658]
2026-06-12 02:12:46,158 | INFO | [TRAINING STEP]
2026-06-12 02:12:49,853 | INFO | [epoch 5 | train | batch 0 start] allocated=1190.6MB | reserved=12826.0MB | peak=11234.6MB
2026-06-12 02:12:51,197 | INFO |     task_logits from  -1.9140625 to 0.6171875
2026-06-12 02:13:13,925 | INFO | [epoch 5 | train | batch 10 start] allocated=1190.6MB | reserved=12826.0MB | peak=11234.6MB
2026-06-12 02:13:38,555 | INFO | [epoch 5 | train | batch 20 start] allocated=1190.6MB | reserved=12826.0MB | peak=11234.6MB
2026-06-12 02:14:02,716 | INFO | [epoch 5 | train | batch 30 start] allocated=1190.6MB | reserved=12826.0MB | peak=11234.6MB
2026-06-12 02:14:25,183 | INFO | [epoch 5 | train | batch 40 start] allocated=1190.6MB | reserved=12826.0MB | peak=11234.6MB
2026-06-12 02:14:49,627 | INFO | [epoch 5 | train | batch 50 start] allocated=1190.6MB | reserved=12826.0MB | peak=11234.6MB
2026-06-12 02:15:15,610 | INFO | [epoch 5 | train | batch 60 start] allocated=1190.6MB | reserved=12826.0MB | peak=11234.6MB
2026-06-12 02:15:40,434 | INFO | [epoch 5 | train | batch 70 start] allocated=1190.6MB | reserved=12826.0MB | peak=11234.6MB
2026-06-12 02:16:05,301 | INFO | [epoch 5 | train | batch 80 start] allocated=1190.6MB | reserved=12826.0MB | peak=11234.6MB
2026-06-12 02:16:31,596 | INFO | [epoch 5 | train | batch 90 start] allocated=1190.6MB | reserved=12826.0MB | peak=11234.6MB
2026-06-12 02:16:35,014 | INFO | epoch 5 train total loss: 0.68
2026-06-12 02:16:35,014 | INFO | epoch 5 train concept loss: 0.58
2026-06-12 02:16:35,014 | INFO | epoch 5 train task loss: 0.10
2026-06-12 02:16:35,014 | INFO | epoch 5 train total loss history: [1.0750000476837158, 0.9190000295639038, 0.859000027179718, 0.7649999856948853, 0.6779999732971191]
2026-06-12 02:16:35,014 | INFO | epoch 5 train concept loss history: [0.9210000038146973, 0.7770000100135803, 0.7289999723434448, 0.6480000019073486, 0.5820000171661377]
2026-06-12 02:16:35,014 | INFO | epoch 5 train task loss history: [0.15399999916553497, 0.1420000046491623, 0.12999999523162842, 0.11699999868869781, 0.09600000083446503]
2026-06-12 02:16:35,014 | INFO | epoch 5 complete
2026-06-12 02:16:35,014 | INFO | ======== starting epoch 6 ========
2026-06-12 02:16:35,014 | INFO | epoch 6 LR at start of epoch: 0.000500
2026-06-12 02:16:35,015 | INFO | [VALIDATION STEP]
2026-06-12 02:16:45,884 | INFO | [epoch 6 | val | batch 0 start] allocated=1778.6MB | reserved=12826.0MB | peak=11234.6MB
2026-06-12 02:18:22,227 | INFO | [epoch 6 | val | batch 10 start] allocated=1778.6MB | reserved=12826.0MB | peak=11234.6MB
2026-06-12 02:19:58,850 | INFO | [epoch 6 | val | batch 20 start] allocated=1778.6MB | reserved=12826.0MB | peak=11234.6MB
2026-06-12 02:20:24,236 | INFO | epoch 6 val loss (mean of batches): 1.05
2026-06-12 02:20:24,236 | INFO | epoch 6 val loss history: [1.4450000524520874, 1.0119999647140503, 1.031000018119812, 1.0160000324249268, 1.024999976158142, 1.0520000457763672]
2026-06-12 02:20:24,236 | INFO | epoch 6 val c-index (total sample): 0.64
2026-06-12 02:20:24,236 | INFO | epoch 6 val c-index history: [0.455, 0.66, 0.669, 0.645, 0.658, 0.643]
2026-06-12 02:20:24,237 | INFO | [TRAINING STEP]
2026-06-12 02:20:29,637 | INFO | [epoch 6 | train | batch 0 start] allocated=1190.6MB | reserved=12826.0MB | peak=11234.6MB
2026-06-12 02:20:30,970 | INFO |     task_logits from  -2.671875 to 0.36328125
2026-06-12 02:20:54,927 | INFO | [epoch 6 | train | batch 10 start] allocated=1190.6MB | reserved=12826.0MB | peak=11234.6MB
2026-06-12 02:21:17,431 | INFO | [epoch 6 | train | batch 20 start] allocated=1190.6MB | reserved=12826.0MB | peak=11234.6MB
2026-06-12 02:21:42,948 | INFO | [epoch 6 | train | batch 30 start] allocated=1190.6MB | reserved=12826.0MB | peak=11234.6MB
2026-06-12 02:22:08,216 | INFO | [epoch 6 | train | batch 40 start] allocated=1190.6MB | reserved=12826.0MB | peak=11234.6MB
2026-06-12 02:22:32,636 | INFO | [epoch 6 | train | batch 50 start] allocated=1190.6MB | reserved=12826.0MB | peak=11234.6MB
2026-06-12 02:22:57,009 | INFO | [epoch 6 | train | batch 60 start] allocated=1190.6MB | reserved=12826.0MB | peak=11234.6MB
2026-06-12 02:23:22,331 | INFO | [epoch 6 | train | batch 70 start] allocated=1190.6MB | reserved=12826.0MB | peak=11234.6MB
2026-06-12 02:23:46,995 | INFO | [epoch 6 | train | batch 80 start] allocated=1190.6MB | reserved=12826.0MB | peak=11234.6MB
2026-06-12 02:24:10,898 | INFO | [epoch 6 | train | batch 90 start] allocated=1190.6MB | reserved=12826.0MB | peak=11234.6MB
2026-06-12 02:24:15,295 | INFO | epoch 6 train total loss: 0.63
2026-06-12 02:24:15,296 | INFO | epoch 6 train concept loss: 0.54
2026-06-12 02:24:15,296 | INFO | epoch 6 train task loss: 0.09
2026-06-12 02:24:15,296 | INFO | epoch 6 train total loss history: [1.0750000476837158, 0.9190000295639038, 0.859000027179718, 0.7649999856948853, 0.6779999732971191, 0.6299999952316284]
2026-06-12 02:24:15,296 | INFO | epoch 6 train concept loss history: [0.9210000038146973, 0.7770000100135803, 0.7289999723434448, 0.6480000019073486, 0.5820000171661377, 0.5389999747276306]
2026-06-12 02:24:15,296 | INFO | epoch 6 train task loss history: [0.15399999916553497, 0.1420000046491623, 0.12999999523162842, 0.11699999868869781, 0.09600000083446503, 0.09099999815225601]
2026-06-12 02:24:15,296 | INFO | epoch 6 complete
2026-06-12 02:24:15,296 | INFO | ======== starting epoch 7 ========
2026-06-12 02:24:15,296 | INFO | epoch 7 LR at start of epoch: 0.000345
2026-06-12 02:24:15,296 | INFO | [VALIDATION STEP]
2026-06-12 02:24:25,264 | INFO | [epoch 7 | val | batch 0 start] allocated=1778.6MB | reserved=12826.0MB | peak=11234.6MB
2026-06-12 02:26:01,533 | INFO | [epoch 7 | val | batch 10 start] allocated=1778.6MB | reserved=12826.0MB | peak=11234.6MB
2026-06-12 02:27:38,083 | INFO | [epoch 7 | val | batch 20 start] allocated=1778.6MB | reserved=12826.0MB | peak=11234.6MB
2026-06-12 02:28:03,366 | INFO | epoch 7 val loss (mean of batches): 1.07
2026-06-12 02:28:03,366 | INFO | epoch 7 val loss history: [1.4450000524520874, 1.0119999647140503, 1.031000018119812, 1.0160000324249268, 1.024999976158142, 1.0520000457763672, 1.069000005722046]
2026-06-12 02:28:03,366 | INFO | epoch 7 val c-index (total sample): 0.66
2026-06-12 02:28:03,366 | INFO | epoch 7 val c-index history: [0.455, 0.66, 0.669, 0.645, 0.658, 0.643, 0.663]
2026-06-12 02:28:03,368 | INFO | [TRAINING STEP]
2026-06-12 02:28:08,136 | INFO | [epoch 7 | train | batch 0 start] allocated=1190.6MB | reserved=12826.0MB | peak=11234.6MB
2026-06-12 02:28:09,474 | INFO |     task_logits from  -2.578125 to 0.5546875
2026-06-12 02:28:32,880 | INFO | [epoch 7 | train | batch 10 start] allocated=1190.6MB | reserved=12826.0MB | peak=11234.6MB
2026-06-12 02:28:58,770 | INFO | [epoch 7 | train | batch 20 start] allocated=1190.6MB | reserved=12826.0MB | peak=11234.6MB
2026-06-12 02:29:23,432 | INFO | [epoch 7 | train | batch 30 start] allocated=1190.6MB | reserved=12826.0MB | peak=11234.6MB
2026-06-12 02:29:47,686 | INFO | [epoch 7 | train | batch 40 start] allocated=1190.6MB | reserved=12826.0MB | peak=11234.6MB
2026-06-12 02:30:12,655 | INFO | [epoch 7 | train | batch 50 start] allocated=1190.6MB | reserved=12826.0MB | peak=11234.6MB
2026-06-12 02:30:37,503 | INFO | [epoch 7 | train | batch 60 start] allocated=1190.6MB | reserved=12826.0MB | peak=11234.6MB
2026-06-12 02:31:02,360 | INFO | [epoch 7 | train | batch 70 start] allocated=1190.6MB | reserved=12826.0MB | peak=11234.6MB
2026-06-12 02:31:27,360 | INFO | [epoch 7 | train | batch 80 start] allocated=1190.6MB | reserved=12826.0MB | peak=11234.6MB
2026-06-12 02:31:52,027 | INFO | [epoch 7 | train | batch 90 start] allocated=1190.6MB | reserved=12826.0MB | peak=11234.6MB
2026-06-12 02:31:54,685 | INFO | epoch 7 train total loss: 0.59
2026-06-12 02:31:54,686 | INFO | epoch 7 train concept loss: 0.50
2026-06-12 02:31:54,686 | INFO | epoch 7 train task loss: 0.10
2026-06-12 02:31:54,686 | INFO | epoch 7 train total loss history: [1.0750000476837158, 0.9190000295639038, 0.859000027179718, 0.7649999856948853, 0.6779999732971191, 0.6299999952316284, 0.5929999947547913]
2026-06-12 02:31:54,686 | INFO | epoch 7 train concept loss history: [0.9210000038146973, 0.7770000100135803, 0.7289999723434448, 0.6480000019073486, 0.5820000171661377, 0.5389999747276306, 0.4959999918937683]
2026-06-12 02:31:54,686 | INFO | epoch 7 train task loss history: [0.15399999916553497, 0.1420000046491623, 0.12999999523162842, 0.11699999868869781, 0.09600000083446503, 0.09099999815225601, 0.09600000083446503]
2026-06-12 02:31:54,686 | INFO | epoch 7 complete
2026-06-12 02:31:54,686 | INFO | ======== starting epoch 8 ========
2026-06-12 02:31:54,686 | INFO | epoch 8 LR at start of epoch: 0.000206
2026-06-12 02:31:54,686 | INFO | [VALIDATION STEP]
2026-06-12 02:32:04,496 | INFO | [epoch 8 | val | batch 0 start] allocated=1778.6MB | reserved=12826.0MB | peak=11234.6MB
2026-06-12 02:33:40,892 | INFO | [epoch 8 | val | batch 10 start] allocated=1778.6MB | reserved=12826.0MB | peak=11234.6MB
2026-06-12 02:35:17,463 | INFO | [epoch 8 | val | batch 20 start] allocated=1778.6MB | reserved=12826.0MB | peak=11234.6MB
2026-06-12 02:35:42,804 | INFO | epoch 8 val loss (mean of batches): 1.07
2026-06-12 02:35:42,804 | INFO | epoch 8 val loss history: [1.4450000524520874, 1.0119999647140503, 1.031000018119812, 1.0160000324249268, 1.024999976158142, 1.0520000457763672, 1.069000005722046, 1.069000005722046]
2026-06-12 02:35:42,804 | INFO | epoch 8 val c-index (total sample): 0.65
2026-06-12 02:35:42,804 | INFO | epoch 8 val c-index history: [0.455, 0.66, 0.669, 0.645, 0.658, 0.643, 0.663, 0.654]
2026-06-12 02:35:42,806 | INFO | [TRAINING STEP]
2026-06-12 02:35:47,788 | INFO | [epoch 8 | train | batch 0 start] allocated=1190.6MB | reserved=12826.0MB | peak=11234.6MB
2026-06-12 02:35:49,127 | INFO |     task_logits from  -2.421875 to 1.15625
2026-06-12 02:36:14,461 | INFO | [epoch 8 | train | batch 10 start] allocated=1190.6MB | reserved=12826.0MB | peak=11234.6MB
2026-06-12 02:36:39,482 | INFO | [epoch 8 | train | batch 20 start] allocated=1190.6MB | reserved=12826.0MB | peak=11234.6MB
2026-06-12 02:37:04,865 | INFO | [epoch 8 | train | batch 30 start] allocated=1190.6MB | reserved=12826.0MB | peak=11234.6MB
2026-06-12 02:37:28,749 | INFO | [epoch 8 | train | batch 40 start] allocated=1190.6MB | reserved=12826.0MB | peak=11234.6MB
2026-06-12 02:37:54,094 | INFO | [epoch 8 | train | batch 50 start] allocated=1190.6MB | reserved=12826.0MB | peak=11234.6MB
2026-06-12 02:38:18,972 | INFO | [epoch 8 | train | batch 60 start] allocated=1190.6MB | reserved=12826.0MB | peak=11234.6MB
2026-06-12 02:38:44,641 | INFO | [epoch 8 | train | batch 70 start] allocated=1190.6MB | reserved=12826.0MB | peak=11234.6MB
2026-06-12 02:39:10,578 | INFO | [epoch 8 | train | batch 80 start] allocated=1190.6MB | reserved=12826.0MB | peak=11234.6MB
2026-06-12 02:39:37,953 | INFO | [epoch 8 | train | batch 90 start] allocated=1190.6MB | reserved=12826.0MB | peak=11234.6MB
2026-06-12 02:39:40,608 | INFO | epoch 8 train total loss: 0.55
2026-06-12 02:39:40,608 | INFO | epoch 8 train concept loss: 0.46
2026-06-12 02:39:40,608 | INFO | epoch 8 train task loss: 0.09
2026-06-12 02:39:40,608 | INFO | epoch 8 train total loss history: [1.0750000476837158, 0.9190000295639038, 0.859000027179718, 0.7649999856948853, 0.6779999732971191, 0.6299999952316284, 0.5929999947547913, 0.5479999780654907]
2026-06-12 02:39:40,608 | INFO | epoch 8 train concept loss history: [0.9210000038146973, 0.7770000100135803, 0.7289999723434448, 0.6480000019073486, 0.5820000171661377, 0.5389999747276306, 0.4959999918937683, 0.460999995470047]
2026-06-12 02:39:40,608 | INFO | epoch 8 train task loss history: [0.15399999916553497, 0.1420000046491623, 0.12999999523162842, 0.11699999868869781, 0.09600000083446503, 0.09099999815225601, 0.09600000083446503, 0.08699999749660492]
2026-06-12 02:39:40,608 | INFO | epoch 8 complete
2026-06-12 02:39:40,608 | INFO | ======== starting epoch 9 ========
2026-06-12 02:39:40,609 | INFO | epoch 9 LR at start of epoch: 0.000095
2026-06-12 02:39:40,609 | INFO | [VALIDATION STEP]
2026-06-12 02:39:51,265 | INFO | [epoch 9 | val | batch 0 start] allocated=1778.6MB | reserved=12826.0MB | peak=11234.6MB
2026-06-12 02:41:27,547 | INFO | [epoch 9 | val | batch 10 start] allocated=1778.6MB | reserved=12826.0MB | peak=11234.6MB
2026-06-12 02:43:04,210 | INFO | [epoch 9 | val | batch 20 start] allocated=1778.6MB | reserved=12826.0MB | peak=11234.6MB
2026-06-12 02:43:29,585 | INFO | epoch 9 val loss (mean of batches): 1.07
2026-06-12 02:43:29,585 | INFO | epoch 9 val loss history: [1.4450000524520874, 1.0119999647140503, 1.031000018119812, 1.0160000324249268, 1.024999976158142, 1.0520000457763672, 1.069000005722046, 1.069000005722046, 1.0740000009536743]
2026-06-12 02:43:29,585 | INFO | epoch 9 val c-index (total sample): 0.64
2026-06-12 02:43:29,585 | INFO | epoch 9 val c-index history: [0.455, 0.66, 0.669, 0.645, 0.658, 0.643, 0.663, 0.654, 0.644]
2026-06-12 02:43:29,587 | INFO | [TRAINING STEP]
2026-06-12 02:43:34,792 | INFO | [epoch 9 | train | batch 0 start] allocated=1190.6MB | reserved=12826.0MB | peak=11234.6MB
2026-06-12 02:43:36,134 | INFO |     task_logits from  -3.046875 to 0.3828125
2026-06-12 02:44:01,501 | INFO | [epoch 9 | train | batch 10 start] allocated=1190.6MB | reserved=12826.0MB | peak=11234.6MB
2026-06-12 02:44:27,822 | INFO | [epoch 9 | train | batch 20 start] allocated=1190.6MB | reserved=12826.0MB | peak=11234.6MB
2026-06-12 02:44:54,194 | INFO | [epoch 9 | train | batch 30 start] allocated=1190.6MB | reserved=12826.0MB | peak=11234.6MB
2026-06-12 02:45:18,464 | INFO | [epoch 9 | train | batch 40 start] allocated=1190.6MB | reserved=12826.0MB | peak=11234.6MB
2026-06-12 02:45:44,400 | INFO | [epoch 9 | train | batch 50 start] allocated=1190.6MB | reserved=12826.0MB | peak=11234.6MB
2026-06-12 02:46:09,591 | INFO | [epoch 9 | train | batch 60 start] allocated=1190.6MB | reserved=12826.0MB | peak=11234.6MB
2026-06-12 02:46:34,813 | INFO | [epoch 9 | train | batch 70 start] allocated=1190.6MB | reserved=12826.0MB | peak=11234.6MB
2026-06-12 02:47:01,495 | INFO | [epoch 9 | train | batch 80 start] allocated=1190.6MB | reserved=12826.0MB | peak=11234.6MB
2026-06-12 02:47:26,927 | INFO | [epoch 9 | train | batch 90 start] allocated=1190.6MB | reserved=12826.0MB | peak=11234.6MB
2026-06-12 02:47:31,713 | INFO | epoch 9 train total loss: 0.51
2026-06-12 02:47:31,713 | INFO | epoch 9 train concept loss: 0.44
2026-06-12 02:47:31,713 | INFO | epoch 9 train task loss: 0.08
2026-06-12 02:47:31,713 | INFO | epoch 9 train total loss history: [1.0750000476837158, 0.9190000295639038, 0.859000027179718, 0.7649999856948853, 0.6779999732971191, 0.6299999952316284, 0.5929999947547913, 0.5479999780654907, 0.5130000114440918]
2026-06-12 02:47:31,713 | INFO | epoch 9 train concept loss history: [0.9210000038146973, 0.7770000100135803, 0.7289999723434448, 0.6480000019073486, 0.5820000171661377, 0.5389999747276306, 0.4959999918937683, 0.460999995470047, 0.4359999895095825]
2026-06-12 02:47:31,713 | INFO | epoch 9 train task loss history: [0.15399999916553497, 0.1420000046491623, 0.12999999523162842, 0.11699999868869781, 0.09600000083446503, 0.09099999815225601, 0.09600000083446503, 0.08699999749660492, 0.07699999958276749]
2026-06-12 02:47:31,713 | INFO | epoch 9 complete
2026-06-12 02:47:31,713 | INFO | ======== starting epoch 10 ========
2026-06-12 02:47:31,713 | INFO | epoch 10 LR at start of epoch: 0.000024
2026-06-12 02:47:31,713 | INFO | [VALIDATION STEP]
2026-06-12 02:47:41,473 | INFO | [epoch 10 | val | batch 0 start] allocated=1778.6MB | reserved=12826.0MB | peak=11234.6MB
2026-06-12 02:49:17,964 | INFO | [epoch 10 | val | batch 10 start] allocated=1778.6MB | reserved=12826.0MB | peak=11234.6MB
2026-06-12 02:50:54,689 | INFO | [epoch 10 | val | batch 20 start] allocated=1778.6MB | reserved=12826.0MB | peak=11234.6MB
2026-06-12 02:51:20,037 | INFO | epoch 10 val loss (mean of batches): 1.08
2026-06-12 02:51:20,037 | INFO | epoch 10 val loss history: [1.4450000524520874, 1.0119999647140503, 1.031000018119812, 1.0160000324249268, 1.024999976158142, 1.0520000457763672, 1.069000005722046, 1.069000005722046, 1.0740000009536743, 1.0820000171661377]
2026-06-12 02:51:20,037 | INFO | epoch 10 val c-index (total sample): 0.63
2026-06-12 02:51:20,037 | INFO | epoch 10 val c-index history: [0.455, 0.66, 0.669, 0.645, 0.658, 0.643, 0.663, 0.654, 0.644, 0.63]
2026-06-12 02:51:20,038 | INFO | [TRAINING STEP]
2026-06-12 02:51:25,130 | INFO | [epoch 10 | train | batch 0 start] allocated=1190.6MB | reserved=12826.0MB | peak=11234.6MB
2026-06-12 02:51:26,463 | INFO |     task_logits from  -2.671875 to -0.5234375
2026-06-12 02:51:51,264 | INFO | [epoch 10 | train | batch 10 start] allocated=1190.6MB | reserved=12826.0MB | peak=11234.6MB
2026-06-12 02:52:17,999 | INFO | [epoch 10 | train | batch 20 start] allocated=1190.6MB | reserved=12826.0MB | peak=11234.6MB
2026-06-12 02:52:42,906 | INFO | [epoch 10 | train | batch 30 start] allocated=1190.6MB | reserved=12826.0MB | peak=11234.6MB
2026-06-12 02:53:07,414 | INFO | [epoch 10 | train | batch 40 start] allocated=1190.6MB | reserved=12826.0MB | peak=11234.6MB
2026-06-12 02:53:32,471 | INFO | [epoch 10 | train | batch 50 start] allocated=1190.6MB | reserved=12826.0MB | peak=11234.6MB
2026-06-12 02:53:58,825 | INFO | [epoch 10 | train | batch 60 start] allocated=1190.6MB | reserved=12826.0MB | peak=11234.6MB
2026-06-12 02:54:23,595 | INFO | [epoch 10 | train | batch 70 start] allocated=1190.6MB | reserved=12826.0MB | peak=11234.6MB
2026-06-12 02:54:49,497 | INFO | [epoch 10 | train | batch 80 start] allocated=1190.6MB | reserved=12826.0MB | peak=11234.6MB
2026-06-12 02:55:15,111 | INFO | [epoch 10 | train | batch 90 start] allocated=1190.6MB | reserved=12826.0MB | peak=11234.6MB
2026-06-12 02:55:18,319 | INFO | epoch 10 train total loss: 0.50
2026-06-12 02:55:18,319 | INFO | epoch 10 train concept loss: 0.42
2026-06-12 02:55:18,319 | INFO | epoch 10 train task loss: 0.08
2026-06-12 02:55:18,319 | INFO | epoch 10 train total loss history: [1.0750000476837158, 0.9190000295639038, 0.859000027179718, 0.7649999856948853, 0.6779999732971191, 0.6299999952316284, 0.5929999947547913, 0.5479999780654907, 0.5130000114440918, 0.49799999594688416]
2026-06-12 02:55:18,319 | INFO | epoch 10 train concept loss history: [0.9210000038146973, 0.7770000100135803, 0.7289999723434448, 0.6480000019073486, 0.5820000171661377, 0.5389999747276306, 0.4959999918937683, 0.460999995470047, 0.4359999895095825, 0.421999990940094]
2026-06-12 02:55:18,319 | INFO | epoch 10 train task loss history: [0.15399999916553497, 0.1420000046491623, 0.12999999523162842, 0.11699999868869781, 0.09600000083446503, 0.09099999815225601, 0.09600000083446503, 0.08699999749660492, 0.07699999958276749, 0.07599999755620956]
2026-06-12 02:55:18,319 | INFO | epoch 10 complete
2026-06-12 02:55:18,319 | INFO | training complete
2026-06-12 02:55:18,319 | INFO | predicting on the validation set
2026-06-12 02:56:25,991 | INFO |   starting batch 1 of validation
2026-06-12 02:56:31,521 | INFO |   starting batch 2 of validation
2026-06-12 02:56:36,299 | INFO |   starting batch 3 of validation
2026-06-12 02:56:41,121 | INFO |   starting batch 4 of validation
2026-06-12 02:56:45,962 | INFO |   starting batch 5 of validation
2026-06-12 02:56:50,703 | INFO |   starting batch 6 of validation
2026-06-12 02:56:55,451 | INFO |   starting batch 7 of validation
2026-06-12 02:57:00,294 | INFO |   starting batch 8 of validation
2026-06-12 02:57:05,115 | INFO |   starting batch 9 of validation
2026-06-12 02:57:09,932 | INFO |   starting batch 10 of validation
2026-06-12 02:57:14,772 | INFO |   starting batch 11 of validation
2026-06-12 02:57:19,609 | INFO |   starting batch 12 of validation
2026-06-12 02:57:24,450 | INFO |   starting batch 13 of validation
2026-06-12 02:57:29,290 | INFO |   starting batch 14 of validation
2026-06-12 02:57:34,127 | INFO |   starting batch 15 of validation
2026-06-12 02:57:38,966 | INFO |   starting batch 16 of validation
2026-06-12 02:57:43,802 | INFO |   starting batch 17 of validation
2026-06-12 02:57:48,624 | INFO |   starting batch 18 of validation
2026-06-12 02:57:53,439 | INFO |   starting batch 19 of validation
2026-06-12 02:57:58,259 | INFO |   starting batch 20 of validation
2026-06-12 02:58:03,099 | INFO |   starting batch 21 of validation
2026-06-12 02:58:07,912 | INFO |   starting batch 22 of validation
2026-06-12 02:58:12,732 | INFO |   starting batch 23 of validation
2026-06-12 02:58:17,550 | INFO |   starting batch 24 of validation
2026-06-12 02:58:18,145 | INFO | measuring performance
2026-06-12 02:58:18,146 | INFO | y_test: (185, 2)
2026-06-12 02:58:18,146 | INFO | y_probs: (185, 1)
2026-06-12 02:58:18,146 | INFO | c_test: (185, 3)
2026-06-12 02:58:18,146 | INFO | c_probs: (185, 10)
2026-06-12 02:58:18,162 | INFO | results: {'task': {'c_index': 0.644803229061554}, 'concepts': {'concept_0': {'0': {'precision': 0.2857142857142857, 'recall': 0.1935483870967742, 'f1-score': 0.23076923076923078, 'support': 31.0}, '1': {'precision': 0.5606060606060606, 'recall': 0.6981132075471698, 'f1-score': 0.6218487394957983, 'support': 106.0}, '2': {'precision': 0.3125, 'recall': 0.2222222222222222, 'f1-score': 0.2597402597402597, 'support': 45.0}, '3': {'precision': nan, 'recall': 0.0, 'f1-score': 0.0, 'support': 3.0}, 'accuracy': 0.4864864864864865, 'macro avg': {'precision': 0.3862734487734487, 'recall': 0.27847095421654156, 'f1-score': 0.27808955750132225, 'support': 185.0}, 'weighted avg': {'precision': 0.4524389301175016, 'recall': 0.4864864864864865, 'f1-score': 0.4581520228579053, 'support': 185.0}, 'auc': {'ovo': 0.5820469180887115}}, 'concept_1': {'0': {'precision': 0.6574074074074074, 'recall': 0.7888888888888889, 'f1-score': 0.7171717171717171, 'support': 90.0}, '1': {'precision': 0.425531914893617, 'recall': 0.3389830508474576, 'f1-score': 0.37735849056603776, 'support': 59.0}, '2': {'precision': 0.4, 'recall': 0.3333333333333333, 'f1-score': 0.36363636363636365, 'support': 36.0}, 'accuracy': 0.5567567567567567, 'macro avg': {'precision': 0.49431310743367485, 'recall': 0.4870684243565599, 'f1-score': 0.48605552379137285, 'support': 185.0}, 'weighted avg': {'precision': 0.5333678359210274, 'recall': 0.5567567567567567, 'f1-score': 0.5400027815122155, 'support': 185.0}, 'auc': {'ovo': 0.6667102601660041}}, 'concept_2': {'0': {'precision': 0.8580246913580247, 'recall': 0.9455782312925171, 'f1-score': 0.8996763754045307, 'support': 147.0}, '1': {'precision': 0.5454545454545454, 'recall': 0.35294117647058826, 'f1-score': 0.42857142857142855, 'support': 34.0}, '2': {'precision': 0.0, 'recall': 0.0, 'f1-score': 0.0, 'support': 4.0}, 'accuracy': 0.8162162162162162, 'macro avg': {'precision': 0.4678264122708567, 'recall': 0.43283980258770177, 'f1-score': 0.44274926799198644, 'support': 185.0}, 'weighted avg': {'precision': 0.7820274820274821, 'recall': 0.8162162162162162, 'f1-score': 0.7936424635453763, 'support': 185.0}, 'auc': {'ovo': 0.6838818860877685}}}}
2026-06-12 02:58:18,163 | INFO | training fold 1
2026-06-12 02:58:18,164 | INFO | train set size: 739
2026-06-12 02:58:18,164 | INFO | val set size: 185
2026-06-12 02:58:18,167 | INFO | cpu_count: 30
2026-06-12 02:58:18,167 | INFO | num_workers: 2
2026-06-12 02:58:18,218 | INFO | completed building dataloaders
2026-06-12 02:58:18,218 | INFO | training starts
2026-06-12 02:58:30,006 | INFO | model initialized
2026-06-12 02:58:30,065 | INFO | LR scheduler: <torch.optim.lr_scheduler.CosineAnnealingLR object at 0x7c3f40489030>
2026-06-12 02:58:30,065 | INFO | Parameters by layer:
2026-06-12 02:58:30,065 | INFO | Total parameters: 304.4106M
2026-06-12 02:58:30,065 | INFO | Trainable parameters: 1.0599M
2026-06-12 02:58:30,065 | INFO | ======== starting epoch 1 ========
2026-06-12 02:58:30,065 | INFO | epoch 1 LR at start of epoch: 0.001000
2026-06-12 02:58:30,065 | INFO | [VALIDATION STEP]
2026-06-12 02:58:39,865 | INFO | [epoch 1 | val | batch 0 start] allocated=2939.9MB | reserved=14188.0MB | peak=12395.9MB
2026-06-12 03:00:16,374 | INFO | [epoch 1 | val | batch 10 start] allocated=2939.9MB | reserved=14188.0MB | peak=12395.9MB
2026-06-12 03:01:52,946 | INFO | [epoch 1 | val | batch 20 start] allocated=2939.9MB | reserved=14188.0MB | peak=12395.9MB
2026-06-12 03:02:18,277 | INFO | epoch 1 val loss (mean of batches): 1.46
2026-06-12 03:02:18,277 | INFO | epoch 1 val loss history: [1.4620000123977661]
2026-06-12 03:02:18,277 | INFO | epoch 1 val c-index (total sample): 0.32
2026-06-12 03:02:18,277 | INFO | epoch 1 val c-index history: [0.322]
2026-06-12 03:02:18,279 | INFO | [TRAINING STEP]
2026-06-12 03:02:23,458 | INFO | [epoch 1 | train | batch 0 start] allocated=2351.9MB | reserved=14188.0MB | peak=12395.9MB
2026-06-12 03:02:24,802 | INFO |     task_logits from  -0.07080078125 to 0.349609375
2026-06-12 03:02:47,240 | INFO | [epoch 1 | train | batch 10 start] allocated=2364.0MB | reserved=14188.0MB | peak=12395.9MB
2026-06-12 03:03:11,296 | INFO | [epoch 1 | train | batch 20 start] allocated=2364.0MB | reserved=14188.0MB | peak=12395.9MB
2026-06-12 03:03:35,486 | INFO | [epoch 1 | train | batch 30 start] allocated=2364.0MB | reserved=14188.0MB | peak=12395.9MB
2026-06-12 03:03:58,893 | INFO | [epoch 1 | train | batch 40 start] allocated=2364.0MB | reserved=14188.0MB | peak=12395.9MB
2026-06-12 03:04:22,923 | INFO | [epoch 1 | train | batch 50 start] allocated=2364.0MB | reserved=14188.0MB | peak=12395.9MB
2026-06-12 03:04:46,551 | INFO | [epoch 1 | train | batch 60 start] allocated=2364.0MB | reserved=14188.0MB | peak=12395.9MB
2026-06-12 03:05:10,428 | INFO | [epoch 1 | train | batch 70 start] allocated=2364.0MB | reserved=14188.0MB | peak=12395.9MB
2026-06-12 03:05:33,591 | INFO | [epoch 1 | train | batch 80 start] allocated=2364.0MB | reserved=14188.0MB | peak=12395.9MB
2026-06-12 03:05:56,308 | INFO | [epoch 1 | train | batch 90 start] allocated=2364.0MB | reserved=14188.0MB | peak=12395.9MB
2026-06-12 03:05:58,970 | INFO | epoch 1 train total loss: 1.03
2026-06-12 03:05:58,970 | INFO | epoch 1 train concept loss: 0.89
2026-06-12 03:05:58,970 | INFO | epoch 1 train task loss: 0.14
2026-06-12 03:05:58,970 | INFO | epoch 1 train total loss history: [1.031000018119812]
2026-06-12 03:05:58,970 | INFO | epoch 1 train concept loss history: [0.8880000114440918]
2026-06-12 03:05:58,970 | INFO | epoch 1 train task loss history: [0.14300000667572021]
2026-06-12 03:05:58,970 | INFO | epoch 1 complete
2026-06-12 03:05:58,970 | INFO | ======== starting epoch 2 ========
2026-06-12 03:05:58,970 | INFO | epoch 2 LR at start of epoch: 0.000976
2026-06-12 03:05:58,970 | INFO | [VALIDATION STEP]
2026-06-12 03:06:07,745 | INFO | [epoch 2 | val | batch 0 start] allocated=2952.0MB | reserved=14188.0MB | peak=12408.0MB
2026-06-12 03:07:44,177 | INFO | [epoch 2 | val | batch 10 start] allocated=2952.0MB | reserved=14188.0MB | peak=12408.0MB
2026-06-12 03:09:20,806 | INFO | [epoch 2 | val | batch 20 start] allocated=2952.0MB | reserved=14188.0MB | peak=12408.0MB
2026-06-12 03:09:46,135 | INFO | epoch 2 val loss (mean of batches): 1.09
2026-06-12 03:09:46,135 | INFO | epoch 2 val loss history: [1.4620000123977661, 1.090999960899353]
2026-06-12 03:09:46,135 | INFO | epoch 2 val c-index (total sample): 0.64
2026-06-12 03:09:46,135 | INFO | epoch 2 val c-index history: [0.322, 0.636]
2026-06-12 03:09:46,137 | INFO | [TRAINING STEP]
2026-06-12 03:09:50,291 | INFO | [epoch 2 | train | batch 0 start] allocated=2364.0MB | reserved=14188.0MB | peak=12408.0MB
2026-06-12 03:09:51,636 | INFO |     task_logits from  0.07861328125 to 0.8203125
2026-06-12 03:10:13,785 | INFO | [epoch 2 | train | batch 10 start] allocated=2364.0MB | reserved=14188.0MB | peak=12408.0MB
2026-06-12 03:10:36,678 | INFO | [epoch 2 | train | batch 20 start] allocated=2364.0MB | reserved=14188.0MB | peak=12408.0MB
2026-06-12 03:11:00,950 | INFO | [epoch 2 | train | batch 30 start] allocated=2364.0MB | reserved=14188.0MB | peak=12408.0MB
2026-06-12 03:11:32,492 | INFO | [epoch 2 | train | batch 40 start] allocated=2364.0MB | reserved=14188.0MB | peak=12408.0MB
2026-06-12 03:11:56,438 | INFO | [epoch 2 | train | batch 50 start] allocated=2364.0MB | reserved=14188.0MB | peak=12408.0MB
2026-06-12 03:12:20,078 | INFO | [epoch 2 | train | batch 60 start] allocated=2364.0MB | reserved=14188.0MB | peak=12408.0MB
2026-06-12 03:12:44,610 | INFO | [epoch 2 | train | batch 70 start] allocated=2364.0MB | reserved=14188.0MB | peak=12408.0MB
2026-06-12 03:13:08,634 | INFO | [epoch 2 | train | batch 80 start] allocated=2364.0MB | reserved=14188.0MB | peak=12408.0MB
2026-06-12 03:13:31,316 | INFO | [epoch 2 | train | batch 90 start] allocated=2364.0MB | reserved=14188.0MB | peak=12408.0MB
2026-06-12 03:13:34,737 | INFO | epoch 2 train total loss: 0.91
2026-06-12 03:13:34,737 | INFO | epoch 2 train concept loss: 0.77
2026-06-12 03:13:34,737 | INFO | epoch 2 train task loss: 0.14
2026-06-12 03:13:34,737 | INFO | epoch 2 train total loss history: [1.031000018119812, 0.9100000262260437]
2026-06-12 03:13:34,737 | INFO | epoch 2 train concept loss history: [0.8880000114440918, 0.7680000066757202]
2026-06-12 03:13:34,737 | INFO | epoch 2 train task loss history: [0.14300000667572021, 0.14100000262260437]
2026-06-12 03:13:34,737 | INFO | epoch 2 complete
2026-06-12 03:13:34,737 | INFO | ======== starting epoch 3 ========
2026-06-12 03:13:34,737 | INFO | epoch 3 LR at start of epoch: 0.000905
2026-06-12 03:13:34,737 | INFO | [VALIDATION STEP]
2026-06-12 03:13:43,365 | INFO | [epoch 3 | val | batch 0 start] allocated=2952.0MB | reserved=14188.0MB | peak=12408.0MB
2026-06-12 03:15:19,794 | INFO | [epoch 3 | val | batch 10 start] allocated=2952.0MB | reserved=14188.0MB | peak=12408.0MB
2026-06-12 03:16:56,666 | INFO | [epoch 3 | val | batch 20 start] allocated=2952.0MB | reserved=14188.0MB | peak=12408.0MB
2026-06-12 03:17:22,049 | INFO | epoch 3 val loss (mean of batches): 1.12
2026-06-12 03:17:22,049 | INFO | epoch 3 val loss history: [1.4620000123977661, 1.090999960899353, 1.1180000305175781]
2026-06-12 03:17:22,049 | INFO | epoch 3 val c-index (total sample): 0.65
2026-06-12 03:17:22,049 | INFO | epoch 3 val c-index history: [0.322, 0.636, 0.649]
2026-06-12 03:17:22,051 | INFO | [TRAINING STEP]
2026-06-12 03:17:27,272 | INFO | [epoch 3 | train | batch 0 start] allocated=2364.0MB | reserved=14188.0MB | peak=12408.0MB
2026-06-12 03:17:28,606 | INFO |     task_logits from  -0.67578125 to 1.03125
2026-06-12 03:17:52,459 | INFO | [epoch 3 | train | batch 10 start] allocated=2364.0MB | reserved=14188.0MB | peak=12408.0MB
2026-06-12 03:18:17,698 | INFO | [epoch 3 | train | batch 20 start] allocated=2364.0MB | reserved=14188.0MB | peak=12408.0MB
2026-06-12 03:18:40,886 | INFO | [epoch 3 | train | batch 30 start] allocated=2364.0MB | reserved=14188.0MB | peak=12408.0MB
2026-06-12 03:19:06,169 | INFO | [epoch 3 | train | batch 40 start] allocated=2364.0MB | reserved=14188.0MB | peak=12408.0MB
2026-06-12 03:19:29,879 | INFO | [epoch 3 | train | batch 50 start] allocated=2364.0MB | reserved=14188.0MB | peak=12408.0MB
2026-06-12 03:19:53,112 | INFO | [epoch 3 | train | batch 60 start] allocated=2364.0MB | reserved=14188.0MB | peak=12408.0MB
2026-06-12 03:20:16,884 | INFO | [epoch 3 | train | batch 70 start] allocated=2364.0MB | reserved=14188.0MB | peak=12408.0MB
2026-06-12 03:20:42,355 | INFO | [epoch 3 | train | batch 80 start] allocated=2364.0MB | reserved=14188.0MB | peak=12408.0MB
2026-06-12 03:21:05,271 | INFO | [epoch 3 | train | batch 90 start] allocated=2364.0MB | reserved=14188.0MB | peak=12408.0MB
2026-06-12 03:21:08,211 | INFO | epoch 3 train total loss: 0.82
2026-06-12 03:21:08,211 | INFO | epoch 3 train concept loss: 0.70
2026-06-12 03:21:08,211 | INFO | epoch 3 train task loss: 0.12
2026-06-12 03:21:08,211 | INFO | epoch 3 train total loss history: [1.031000018119812, 0.9100000262260437, 0.8169999718666077]
2026-06-12 03:21:08,211 | INFO | epoch 3 train concept loss history: [0.8880000114440918, 0.7680000066757202, 0.6959999799728394]
2026-06-12 03:21:08,211 | INFO | epoch 3 train task loss history: [0.14300000667572021, 0.14100000262260437, 0.12099999934434891]
2026-06-12 03:21:08,211 | INFO | epoch 3 complete
2026-06-12 03:21:08,211 | INFO | ======== starting epoch 4 ========
2026-06-12 03:21:08,212 | INFO | epoch 4 LR at start of epoch: 0.000794
2026-06-12 03:21:08,212 | INFO | [VALIDATION STEP]
2026-06-12 03:21:17,024 | INFO | [epoch 4 | val | batch 0 start] allocated=2952.0MB | reserved=14188.0MB | peak=12408.0MB
2026-06-12 03:22:53,570 | INFO | [epoch 4 | val | batch 10 start] allocated=2952.0MB | reserved=14188.0MB | peak=12408.0MB
2026-06-12 03:24:30,101 | INFO | [epoch 4 | val | batch 20 start] allocated=2952.0MB | reserved=14188.0MB | peak=12408.0MB
2026-06-12 03:24:55,427 | INFO | epoch 4 val loss (mean of batches): 1.11
2026-06-12 03:24:55,427 | INFO | epoch 4 val loss history: [1.4620000123977661, 1.090999960899353, 1.1180000305175781, 1.1080000400543213]
2026-06-12 03:24:55,427 | INFO | epoch 4 val c-index (total sample): 0.72
2026-06-12 03:24:55,427 | INFO | epoch 4 val c-index history: [0.322, 0.636, 0.649, 0.716]
2026-06-12 03:24:55,429 | INFO | [TRAINING STEP]
2026-06-12 03:25:00,766 | INFO | [epoch 4 | train | batch 0 start] allocated=2364.0MB | reserved=14188.0MB | peak=12408.0MB
2026-06-12 03:25:02,105 | INFO |     task_logits from  -0.99609375 to -0.037841796875
2026-06-12 03:25:25,679 | INFO | [epoch 4 | train | batch 10 start] allocated=2364.0MB | reserved=14188.0MB | peak=12408.0MB
2026-06-12 03:25:48,561 | INFO | [epoch 4 | train | batch 20 start] allocated=2364.0MB | reserved=14188.0MB | peak=12408.0MB
2026-06-12 03:26:11,942 | INFO | [epoch 4 | train | batch 30 start] allocated=2364.0MB | reserved=14188.0MB | peak=12408.0MB
2026-06-12 03:26:35,813 | INFO | [epoch 4 | train | batch 40 start] allocated=2364.0MB | reserved=14188.0MB | peak=12408.0MB
2026-06-12 03:27:00,598 | INFO | [epoch 4 | train | batch 50 start] allocated=2364.0MB | reserved=14188.0MB | peak=12408.0MB
2026-06-12 03:27:26,342 | INFO | [epoch 4 | train | batch 60 start] allocated=2364.0MB | reserved=14188.0MB | peak=12408.0MB
2026-06-12 03:27:50,402 | INFO | [epoch 4 | train | batch 70 start] allocated=2364.0MB | reserved=14188.0MB | peak=12408.0MB
2026-06-12 03:28:14,701 | INFO | [epoch 4 | train | batch 80 start] allocated=2364.0MB | reserved=14188.0MB | peak=12408.0MB
2026-06-12 03:28:37,410 | INFO | [epoch 4 | train | batch 90 start] allocated=2364.0MB | reserved=14188.0MB | peak=12408.0MB
2026-06-12 03:28:41,294 | INFO | epoch 4 train total loss: 0.76
2026-06-12 03:28:41,294 | INFO | epoch 4 train concept loss: 0.64
2026-06-12 03:28:41,294 | INFO | epoch 4 train task loss: 0.12
2026-06-12 03:28:41,294 | INFO | epoch 4 train total loss history: [1.031000018119812, 0.9100000262260437, 0.8169999718666077, 0.7590000033378601]
2026-06-12 03:28:41,294 | INFO | epoch 4 train concept loss history: [0.8880000114440918, 0.7680000066757202, 0.6959999799728394, 0.6399999856948853]
2026-06-12 03:28:41,294 | INFO | epoch 4 train task loss history: [0.14300000667572021, 0.14100000262260437, 0.12099999934434891, 0.11800000071525574]
2026-06-12 03:28:41,295 | INFO | epoch 4 complete
2026-06-12 03:28:41,295 | INFO | ======== starting epoch 5 ========
2026-06-12 03:28:41,295 | INFO | epoch 5 LR at start of epoch: 0.000655
2026-06-12 03:28:41,295 | INFO | [VALIDATION STEP]
2026-06-12 03:28:49,951 | INFO | [epoch 5 | val | batch 0 start] allocated=2952.0MB | reserved=14188.0MB | peak=12408.0MB
2026-06-12 03:30:26,431 | INFO | [epoch 5 | val | batch 10 start] allocated=2952.0MB | reserved=14188.0MB | peak=12408.0MB
2026-06-12 03:32:03,002 | INFO | [epoch 5 | val | batch 20 start] allocated=2952.0MB | reserved=14188.0MB | peak=12408.0MB
2026-06-12 03:32:28,327 | INFO | epoch 5 val loss (mean of batches): 1.08
2026-06-12 03:32:28,328 | INFO | epoch 5 val loss history: [1.4620000123977661, 1.090999960899353, 1.1180000305175781, 1.1080000400543213, 1.0779999494552612]
2026-06-12 03:32:28,328 | INFO | epoch 5 val c-index (total sample): 0.76
2026-06-12 03:32:28,328 | INFO | epoch 5 val c-index history: [0.322, 0.636, 0.649, 0.716, 0.763]
2026-06-12 03:32:28,330 | INFO | [TRAINING STEP]
2026-06-12 03:32:33,664 | INFO | [epoch 5 | train | batch 0 start] allocated=2364.0MB | reserved=14188.0MB | peak=12408.0MB
2026-06-12 03:32:35,032 | INFO |     task_logits from  -0.98046875 to 0.875
2026-06-12 03:32:58,424 | INFO | [epoch 5 | train | batch 10 start] allocated=2364.0MB | reserved=14188.0MB | peak=12408.0MB
2026-06-12 03:33:23,474 | INFO | [epoch 5 | train | batch 20 start] allocated=2364.0MB | reserved=14188.0MB | peak=12408.0MB
2026-06-12 03:33:48,881 | INFO | [epoch 5 | train | batch 30 start] allocated=2364.0MB | reserved=14188.0MB | peak=12408.0MB
2026-06-12 03:34:14,667 | INFO | [epoch 5 | train | batch 40 start] allocated=2364.0MB | reserved=14188.0MB | peak=12408.0MB
2026-06-12 03:34:39,993 | INFO | [epoch 5 | train | batch 50 start] allocated=2364.0MB | reserved=14188.0MB | peak=12408.0MB
2026-06-12 03:35:05,043 | INFO | [epoch 5 | train | batch 60 start] allocated=2364.0MB | reserved=14188.0MB | peak=12408.0MB
2026-06-12 03:35:29,347 | INFO | [epoch 5 | train | batch 70 start] allocated=2364.0MB | reserved=14188.0MB | peak=12408.0MB
2026-06-12 03:35:53,774 | INFO | [epoch 5 | train | batch 80 start] allocated=2364.0MB | reserved=14188.0MB | peak=12408.0MB
2026-06-12 03:36:18,425 | INFO | [epoch 5 | train | batch 90 start] allocated=2364.0MB | reserved=14188.0MB | peak=12408.0MB
2026-06-12 03:36:21,971 | INFO | epoch 5 train total loss: 0.68
2026-06-12 03:36:21,971 | INFO | epoch 5 train concept loss: 0.58
2026-06-12 03:36:21,971 | INFO | epoch 5 train task loss: 0.10
2026-06-12 03:36:21,971 | INFO | epoch 5 train total loss history: [1.031000018119812, 0.9100000262260437, 0.8169999718666077, 0.7590000033378601, 0.6830000281333923]
2026-06-12 03:36:21,971 | INFO | epoch 5 train concept loss history: [0.8880000114440918, 0.7680000066757202, 0.6959999799728394, 0.6399999856948853, 0.578000009059906]
2026-06-12 03:36:21,971 | INFO | epoch 5 train task loss history: [0.14300000667572021, 0.14100000262260437, 0.12099999934434891, 0.11800000071525574, 0.10499999672174454]
2026-06-12 03:36:21,971 | INFO | epoch 5 complete
2026-06-12 03:36:21,971 | INFO | ======== starting epoch 6 ========
2026-06-12 03:36:21,971 | INFO | epoch 6 LR at start of epoch: 0.000500
2026-06-12 03:36:21,971 | INFO | [VALIDATION STEP]
2026-06-12 03:36:30,840 | INFO | [epoch 6 | val | batch 0 start] allocated=2952.0MB | reserved=14188.0MB | peak=12408.0MB
2026-06-12 03:38:07,330 | INFO | [epoch 6 | val | batch 10 start] allocated=2952.0MB | reserved=14188.0MB | peak=12408.0MB
2026-06-12 03:39:43,942 | INFO | [epoch 6 | val | batch 20 start] allocated=2952.0MB | reserved=14188.0MB | peak=12408.0MB
2026-06-12 03:40:09,306 | INFO | epoch 6 val loss (mean of batches): 1.14
2026-06-12 03:40:09,306 | INFO | epoch 6 val loss history: [1.4620000123977661, 1.090999960899353, 1.1180000305175781, 1.1080000400543213, 1.0779999494552612, 1.1449999809265137]
2026-06-12 03:40:09,306 | INFO | epoch 6 val c-index (total sample): 0.69
2026-06-12 03:40:09,306 | INFO | epoch 6 val c-index history: [0.322, 0.636, 0.649, 0.716, 0.763, 0.687]
2026-06-12 03:40:09,308 | INFO | [TRAINING STEP]
2026-06-12 03:40:14,013 | INFO | [epoch 6 | train | batch 0 start] allocated=2364.0MB | reserved=14188.0MB | peak=12408.0MB
2026-06-12 03:40:15,353 | INFO |     task_logits from  -1.5 to 0.91796875
2026-06-12 03:40:37,869 | INFO | [epoch 6 | train | batch 10 start] allocated=2364.0MB | reserved=14188.0MB | peak=12408.0MB
2026-06-12 03:41:01,292 | INFO | [epoch 6 | train | batch 20 start] allocated=2364.0MB | reserved=14188.0MB | peak=12408.0MB
2026-06-12 03:41:26,249 | INFO | [epoch 6 | train | batch 30 start] allocated=2364.0MB | reserved=14188.0MB | peak=12408.0MB
2026-06-12 03:41:50,233 | INFO | [epoch 6 | train | batch 40 start] allocated=2364.0MB | reserved=14188.0MB | peak=12408.0MB
2026-06-12 03:42:14,920 | INFO | [epoch 6 | train | batch 50 start] allocated=2364.0MB | reserved=14188.0MB | peak=12408.0MB
2026-06-12 03:42:40,176 | INFO | [epoch 6 | train | batch 60 start] allocated=2364.0MB | reserved=14188.0MB | peak=12408.0MB
2026-06-12 03:43:05,225 | INFO | [epoch 6 | train | batch 70 start] allocated=2364.0MB | reserved=14188.0MB | peak=12408.0MB
2026-06-12 03:43:31,288 | INFO | [epoch 6 | train | batch 80 start] allocated=2364.0MB | reserved=14188.0MB | peak=12408.0MB
2026-06-12 03:43:55,934 | INFO | [epoch 6 | train | batch 90 start] allocated=2364.0MB | reserved=14188.0MB | peak=12408.0MB
2026-06-12 03:43:59,429 | INFO | epoch 6 train total loss: 0.64
2026-06-12 03:43:59,429 | INFO | epoch 6 train concept loss: 0.54
2026-06-12 03:43:59,429 | INFO | epoch 6 train task loss: 0.10
2026-06-12 03:43:59,429 | INFO | epoch 6 train total loss history: [1.031000018119812, 0.9100000262260437, 0.8169999718666077, 0.7590000033378601, 0.6830000281333923, 0.6380000114440918]
2026-06-12 03:43:59,429 | INFO | epoch 6 train concept loss history: [0.8880000114440918, 0.7680000066757202, 0.6959999799728394, 0.6399999856948853, 0.578000009059906, 0.5389999747276306]
2026-06-12 03:43:59,429 | INFO | epoch 6 train task loss history: [0.14300000667572021, 0.14100000262260437, 0.12099999934434891, 0.11800000071525574, 0.10499999672174454, 0.0989999994635582]
2026-06-12 03:43:59,430 | INFO | epoch 6 complete
2026-06-12 03:43:59,430 | INFO | ======== starting epoch 7 ========
2026-06-12 03:43:59,430 | INFO | epoch 7 LR at start of epoch: 0.000345
2026-06-12 03:43:59,430 | INFO | [VALIDATION STEP]
2026-06-12 03:44:08,273 | INFO | [epoch 7 | val | batch 0 start] allocated=2952.0MB | reserved=14188.0MB | peak=12408.0MB
2026-06-12 03:45:44,826 | INFO | [epoch 7 | val | batch 10 start] allocated=2952.0MB | reserved=14188.0MB | peak=12408.0MB
2026-06-12 03:47:21,417 | INFO | [epoch 7 | val | batch 20 start] allocated=2952.0MB | reserved=14188.0MB | peak=12408.0MB
2026-06-12 03:47:46,746 | INFO | epoch 7 val loss (mean of batches): 1.18
2026-06-12 03:47:46,747 | INFO | epoch 7 val loss history: [1.4620000123977661, 1.090999960899353, 1.1180000305175781, 1.1080000400543213, 1.0779999494552612, 1.1449999809265137, 1.1759999990463257]
2026-06-12 03:47:46,747 | INFO | epoch 7 val c-index (total sample): 0.72
2026-06-12 03:47:46,747 | INFO | epoch 7 val c-index history: [0.322, 0.636, 0.649, 0.716, 0.763, 0.687, 0.725]
2026-06-12 03:47:46,748 | INFO | [TRAINING STEP]
2026-06-12 03:47:51,344 | INFO | [epoch 7 | train | batch 0 start] allocated=2364.0MB | reserved=14188.0MB | peak=12408.0MB
2026-06-12 03:47:52,689 | INFO |     task_logits from  -0.78515625 to 2.1875
2026-06-12 03:48:15,308 | INFO | [epoch 7 | train | batch 10 start] allocated=2364.0MB | reserved=14188.0MB | peak=12408.0MB
2026-06-12 03:48:40,137 | INFO | [epoch 7 | train | batch 20 start] allocated=2364.0MB | reserved=14188.0MB | peak=12408.0MB
2026-06-12 03:49:04,554 | INFO | [epoch 7 | train | batch 30 start] allocated=2364.0MB | reserved=14188.0MB | peak=12408.0MB
2026-06-12 03:49:31,831 | INFO | [epoch 7 | train | batch 40 start] allocated=2364.0MB | reserved=14188.0MB | peak=12408.0MB
2026-06-12 03:49:58,317 | INFO | [epoch 7 | train | batch 50 start] allocated=2364.0MB | reserved=14188.0MB | peak=12408.0MB
2026-06-12 03:50:22,511 | INFO | [epoch 7 | train | batch 60 start] allocated=2364.0MB | reserved=14188.0MB | peak=12408.0MB
2026-06-12 03:50:46,493 | INFO | [epoch 7 | train | batch 70 start] allocated=2364.0MB | reserved=14188.0MB | peak=12408.0MB
2026-06-12 03:51:10,996 | INFO | [epoch 7 | train | batch 80 start] allocated=2364.0MB | reserved=14188.0MB | peak=12408.0MB
2026-06-12 03:51:34,828 | INFO | [epoch 7 | train | batch 90 start] allocated=2364.0MB | reserved=14188.0MB | peak=12408.0MB
2026-06-12 03:51:38,968 | INFO | epoch 7 train total loss: 0.58
2026-06-12 03:51:38,968 | INFO | epoch 7 train concept loss: 0.50
2026-06-12 03:51:38,968 | INFO | epoch 7 train task loss: 0.08
2026-06-12 03:51:38,968 | INFO | epoch 7 train total loss history: [1.031000018119812, 0.9100000262260437, 0.8169999718666077, 0.7590000033378601, 0.6830000281333923, 0.6380000114440918, 0.578000009059906]
2026-06-12 03:51:38,968 | INFO | epoch 7 train concept loss history: [0.8880000114440918, 0.7680000066757202, 0.6959999799728394, 0.6399999856948853, 0.578000009059906, 0.5389999747276306, 0.4950000047683716]
2026-06-12 03:51:38,968 | INFO | epoch 7 train task loss history: [0.14300000667572021, 0.14100000262260437, 0.12099999934434891, 0.11800000071525574, 0.10499999672174454, 0.0989999994635582, 0.08299999684095383]
2026-06-12 03:51:38,968 | INFO | epoch 7 complete
2026-06-12 03:51:38,968 | INFO | ======== starting epoch 8 ========
2026-06-12 03:51:38,968 | INFO | epoch 8 LR at start of epoch: 0.000206
2026-06-12 03:51:38,968 | INFO | [VALIDATION STEP]
2026-06-12 03:51:48,001 | INFO | [epoch 8 | val | batch 0 start] allocated=2952.0MB | reserved=14188.0MB | peak=12408.0MB
2026-06-12 03:53:24,466 | INFO | [epoch 8 | val | batch 10 start] allocated=2952.0MB | reserved=14188.0MB | peak=12408.0MB
2026-06-12 03:55:01,096 | INFO | [epoch 8 | val | batch 20 start] allocated=2952.0MB | reserved=14188.0MB | peak=12408.0MB
2026-06-12 03:55:26,441 | INFO | epoch 8 val loss (mean of batches): 1.19
2026-06-12 03:55:26,441 | INFO | epoch 8 val loss history: [1.4620000123977661, 1.090999960899353, 1.1180000305175781, 1.1080000400543213, 1.0779999494552612, 1.1449999809265137, 1.1759999990463257, 1.190999984741211]
2026-06-12 03:55:26,441 | INFO | epoch 8 val c-index (total sample): 0.74
2026-06-12 03:55:26,441 | INFO | epoch 8 val c-index history: [0.322, 0.636, 0.649, 0.716, 0.763, 0.687, 0.725, 0.739]
2026-06-12 03:55:26,443 | INFO | [TRAINING STEP]
2026-06-12 03:55:31,840 | INFO | [epoch 8 | train | batch 0 start] allocated=2364.0MB | reserved=14188.0MB | peak=12408.0MB
2026-06-12 03:55:33,183 | INFO |     task_logits from  -1.828125 to 1.8515625
2026-06-12 03:55:55,207 | INFO | [epoch 8 | train | batch 10 start] allocated=2364.0MB | reserved=14188.0MB | peak=12408.0MB
2026-06-12 03:56:19,579 | INFO | [epoch 8 | train | batch 20 start] allocated=2364.0MB | reserved=14188.0MB | peak=12408.0MB
2026-06-12 03:56:44,068 | INFO | [epoch 8 | train | batch 30 start] allocated=2364.0MB | reserved=14188.0MB | peak=12408.0MB
2026-06-12 03:57:07,727 | INFO | [epoch 8 | train | batch 40 start] allocated=2364.0MB | reserved=14188.0MB | peak=12408.0MB
2026-06-12 03:57:30,793 | INFO | [epoch 8 | train | batch 50 start] allocated=2364.0MB | reserved=14188.0MB | peak=12408.0MB
2026-06-12 03:57:56,491 | INFO | [epoch 8 | train | batch 60 start] allocated=2364.0MB | reserved=14188.0MB | peak=12408.0MB
2026-06-12 03:58:21,620 | INFO | [epoch 8 | train | batch 70 start] allocated=2364.0MB | reserved=14188.0MB | peak=12408.0MB
2026-06-12 03:58:46,520 | INFO | [epoch 8 | train | batch 80 start] allocated=2364.0MB | reserved=14188.0MB | peak=12408.0MB
2026-06-12 03:59:11,011 | INFO | [epoch 8 | train | batch 90 start] allocated=2364.0MB | reserved=14188.0MB | peak=12408.0MB
2026-06-12 03:59:14,417 | INFO | epoch 8 train total loss: 0.54
2026-06-12 03:59:14,417 | INFO | epoch 8 train concept loss: 0.46
2026-06-12 03:59:14,417 | INFO | epoch 8 train task loss: 0.08
2026-06-12 03:59:14,417 | INFO | epoch 8 train total loss history: [1.031000018119812, 0.9100000262260437, 0.8169999718666077, 0.7590000033378601, 0.6830000281333923, 0.6380000114440918, 0.578000009059906, 0.5370000004768372]
2026-06-12 03:59:14,417 | INFO | epoch 8 train concept loss history: [0.8880000114440918, 0.7680000066757202, 0.6959999799728394, 0.6399999856948853, 0.578000009059906, 0.5389999747276306, 0.4950000047683716, 0.45899999141693115]
2026-06-12 03:59:14,417 | INFO | epoch 8 train task loss history: [0.14300000667572021, 0.14100000262260437, 0.12099999934434891, 0.11800000071525574, 0.10499999672174454, 0.0989999994635582, 0.08299999684095383, 0.07800000160932541]
2026-06-12 03:59:14,417 | INFO | epoch 8 complete
2026-06-12 03:59:14,417 | INFO | ======== starting epoch 9 ========
2026-06-12 03:59:14,417 | INFO | epoch 9 LR at start of epoch: 0.000095
2026-06-12 03:59:14,417 | INFO | [VALIDATION STEP]
2026-06-12 03:59:23,708 | INFO | [epoch 9 | val | batch 0 start] allocated=2952.0MB | reserved=14188.0MB | peak=12408.0MB
2026-06-12 04:01:00,003 | INFO | [epoch 9 | val | batch 10 start] allocated=2952.0MB | reserved=14188.0MB | peak=12408.0MB
2026-06-12 04:02:36,573 | INFO | [epoch 9 | val | batch 20 start] allocated=2952.0MB | reserved=14188.0MB | peak=12408.0MB
2026-06-12 04:03:02,479 | INFO | epoch 9 val loss (mean of batches): 1.19
2026-06-12 04:03:02,479 | INFO | epoch 9 val loss history: [1.4620000123977661, 1.090999960899353, 1.1180000305175781, 1.1080000400543213, 1.0779999494552612, 1.1449999809265137, 1.1759999990463257, 1.190999984741211, 1.194000005722046]
2026-06-12 04:03:02,479 | INFO | epoch 9 val c-index (total sample): 0.74
2026-06-12 04:03:02,479 | INFO | epoch 9 val c-index history: [0.322, 0.636, 0.649, 0.716, 0.763, 0.687, 0.725, 0.739, 0.737]
2026-06-12 04:03:02,480 | INFO | [TRAINING STEP]
2026-06-12 04:03:07,933 | INFO | [epoch 9 | train | batch 0 start] allocated=2364.0MB | reserved=14188.0MB | peak=12408.0MB
2026-06-12 04:03:09,273 | INFO |     task_logits from  -1.6484375 to 1.4140625
2026-06-12 04:03:30,999 | INFO | [epoch 9 | train | batch 10 start] allocated=2364.0MB | reserved=14188.0MB | peak=12408.0MB
2026-06-12 04:03:54,199 | INFO | [epoch 9 | train | batch 20 start] allocated=2364.0MB | reserved=14188.0MB | peak=12408.0MB
2026-06-12 04:04:19,517 | INFO | [epoch 9 | train | batch 30 start] allocated=2364.0MB | reserved=14188.0MB | peak=12408.0MB
2026-06-12 04:04:45,324 | INFO | [epoch 9 | train | batch 40 start] allocated=2364.0MB | reserved=14188.0MB | peak=12408.0MB
2026-06-12 04:05:11,754 | INFO | [epoch 9 | train | batch 50 start] allocated=2364.0MB | reserved=14188.0MB | peak=12408.0MB
2026-06-12 04:05:37,275 | INFO | [epoch 9 | train | batch 60 start] allocated=2364.0MB | reserved=14188.0MB | peak=12408.0MB
2026-06-12 04:06:02,078 | INFO | [epoch 9 | train | batch 70 start] allocated=2364.0MB | reserved=14188.0MB | peak=12408.0MB
2026-06-12 04:06:26,677 | INFO | [epoch 9 | train | batch 80 start] allocated=2364.0MB | reserved=14188.0MB | peak=12408.0MB
2026-06-12 04:06:50,163 | INFO | [epoch 9 | train | batch 90 start] allocated=2364.0MB | reserved=14188.0MB | peak=12408.0MB
2026-06-12 04:06:53,954 | INFO | epoch 9 train total loss: 0.52
2026-06-12 04:06:53,955 | INFO | epoch 9 train concept loss: 0.44
2026-06-12 04:06:53,955 | INFO | epoch 9 train task loss: 0.08
2026-06-12 04:06:53,955 | INFO | epoch 9 train total loss history: [1.031000018119812, 0.9100000262260437, 0.8169999718666077, 0.7590000033378601, 0.6830000281333923, 0.6380000114440918, 0.578000009059906, 0.5370000004768372, 0.5239999890327454]
2026-06-12 04:06:53,955 | INFO | epoch 9 train concept loss history: [0.8880000114440918, 0.7680000066757202, 0.6959999799728394, 0.6399999856948853, 0.578000009059906, 0.5389999747276306, 0.4950000047683716, 0.45899999141693115, 0.4410000145435333]
2026-06-12 04:06:53,955 | INFO | epoch 9 train task loss history: [0.14300000667572021, 0.14100000262260437, 0.12099999934434891, 0.11800000071525574, 0.10499999672174454, 0.0989999994635582, 0.08299999684095383, 0.07800000160932541, 0.08299999684095383]
2026-06-12 04:06:53,955 | INFO | epoch 9 complete
2026-06-12 04:06:53,955 | INFO | ======== starting epoch 10 ========
2026-06-12 04:06:53,955 | INFO | epoch 10 LR at start of epoch: 0.000024
2026-06-12 04:06:53,955 | INFO | [VALIDATION STEP]
2026-06-12 04:07:02,869 | INFO | [epoch 10 | val | batch 0 start] allocated=2952.0MB | reserved=14188.0MB | peak=12408.0MB
2026-06-12 04:08:39,421 | INFO | [epoch 10 | val | batch 10 start] allocated=2952.0MB | reserved=14188.0MB | peak=12408.0MB
2026-06-12 04:10:16,191 | INFO | [epoch 10 | val | batch 20 start] allocated=2952.0MB | reserved=14188.0MB | peak=12408.0MB
2026-06-12 04:10:41,561 | INFO | epoch 10 val loss (mean of batches): 1.21
2026-06-12 04:10:41,562 | INFO | epoch 10 val loss history: [1.4620000123977661, 1.090999960899353, 1.1180000305175781, 1.1080000400543213, 1.0779999494552612, 1.1449999809265137, 1.1759999990463257, 1.190999984741211, 1.194000005722046, 1.2139999866485596]
2026-06-12 04:10:41,562 | INFO | epoch 10 val c-index (total sample): 0.72
2026-06-12 04:10:41,562 | INFO | epoch 10 val c-index history: [0.322, 0.636, 0.649, 0.716, 0.763, 0.687, 0.725, 0.739, 0.737, 0.721]
2026-06-12 04:10:41,564 | INFO | [TRAINING STEP]
2026-06-12 04:10:47,039 | INFO | [epoch 10 | train | batch 0 start] allocated=2364.0MB | reserved=14188.0MB | peak=12408.0MB
2026-06-12 04:10:48,381 | INFO |     task_logits from  -2.09375 to 0.1162109375
2026-06-12 04:11:12,046 | INFO | [epoch 10 | train | batch 10 start] allocated=2364.0MB | reserved=14188.0MB | peak=12408.0MB
2026-06-12 04:11:43,287 | INFO | [epoch 10 | train | batch 20 start] allocated=2364.0MB | reserved=14188.0MB | peak=12408.0MB
2026-06-12 04:12:08,003 | INFO | [epoch 10 | train | batch 30 start] allocated=2364.0MB | reserved=14188.0MB | peak=12408.0MB
2026-06-12 04:12:33,770 | INFO | [epoch 10 | train | batch 40 start] allocated=2364.0MB | reserved=14188.0MB | peak=12408.0MB
2026-06-12 04:12:56,404 | INFO | [epoch 10 | train | batch 50 start] allocated=2364.0MB | reserved=14188.0MB | peak=12408.0MB
2026-06-12 04:13:20,161 | INFO | [epoch 10 | train | batch 60 start] allocated=2364.0MB | reserved=14188.0MB | peak=12408.0MB
2026-06-12 04:13:44,904 | INFO | [epoch 10 | train | batch 70 start] allocated=2364.0MB | reserved=14188.0MB | peak=12408.0MB
2026-06-12 04:14:08,839 | INFO | [epoch 10 | train | batch 80 start] allocated=2364.0MB | reserved=14188.0MB | peak=12408.0MB
2026-06-12 04:14:33,279 | INFO | [epoch 10 | train | batch 90 start] allocated=2364.0MB | reserved=14188.0MB | peak=12408.0MB
2026-06-12 04:14:37,587 | INFO | epoch 10 train total loss: 0.50
2026-06-12 04:14:37,587 | INFO | epoch 10 train concept loss: 0.42
2026-06-12 04:14:37,587 | INFO | epoch 10 train task loss: 0.08
2026-06-12 04:14:37,587 | INFO | epoch 10 train total loss history: [1.031000018119812, 0.9100000262260437, 0.8169999718666077, 0.7590000033378601, 0.6830000281333923, 0.6380000114440918, 0.578000009059906, 0.5370000004768372, 0.5239999890327454, 0.49900001287460327]
2026-06-12 04:14:37,588 | INFO | epoch 10 train concept loss history: [0.8880000114440918, 0.7680000066757202, 0.6959999799728394, 0.6399999856948853, 0.578000009059906, 0.5389999747276306, 0.4950000047683716, 0.45899999141693115, 0.4410000145435333, 0.421999990940094]
2026-06-12 04:14:37,588 | INFO | epoch 10 train task loss history: [0.14300000667572021, 0.14100000262260437, 0.12099999934434891, 0.11800000071525574, 0.10499999672174454, 0.0989999994635582, 0.08299999684095383, 0.07800000160932541, 0.08299999684095383, 0.07599999755620956]
2026-06-12 04:14:37,588 | INFO | epoch 10 complete
2026-06-12 04:14:37,590 | INFO | training complete
2026-06-12 04:14:37,590 | INFO | predicting on the validation set
2026-06-12 04:15:35,904 | INFO |   starting batch 1 of validation
2026-06-12 04:15:40,593 | INFO |   starting batch 2 of validation
2026-06-12 04:15:45,335 | INFO |   starting batch 3 of validation
2026-06-12 04:15:50,099 | INFO |   starting batch 4 of validation
2026-06-12 04:15:54,883 | INFO |   starting batch 5 of validation
2026-06-12 04:15:59,701 | INFO |   starting batch 6 of validation
2026-06-12 04:16:04,523 | INFO |   starting batch 7 of validation
2026-06-12 04:16:09,359 | INFO |   starting batch 8 of validation
2026-06-12 04:16:14,202 | INFO |   starting batch 9 of validation
2026-06-12 04:16:19,041 | INFO |   starting batch 10 of validation
2026-06-12 04:16:23,878 | INFO |   starting batch 11 of validation
2026-06-12 04:16:28,713 | INFO |   starting batch 12 of validation
2026-06-12 04:16:33,532 | INFO |   starting batch 13 of validation
2026-06-12 04:16:38,369 | INFO |   starting batch 14 of validation
2026-06-12 04:16:43,189 | INFO |   starting batch 15 of validation
2026-06-12 04:16:48,028 | INFO |   starting batch 16 of validation
2026-06-12 04:16:52,866 | INFO |   starting batch 17 of validation
2026-06-12 04:16:57,704 | INFO |   starting batch 18 of validation
2026-06-12 04:17:02,544 | INFO |   starting batch 19 of validation
2026-06-12 04:17:07,387 | INFO |   starting batch 20 of validation
2026-06-12 04:17:12,220 | INFO |   starting batch 21 of validation
2026-06-12 04:17:17,058 | INFO |   starting batch 22 of validation
2026-06-12 04:17:21,897 | INFO |   starting batch 23 of validation
2026-06-12 04:17:26,736 | INFO |   starting batch 24 of validation
2026-06-12 04:17:27,338 | INFO | measuring performance
2026-06-12 04:17:27,338 | INFO | y_test: (185, 2)
2026-06-12 04:17:27,338 | INFO | y_probs: (185, 1)
2026-06-12 04:17:27,338 | INFO | c_test: (185, 3)
2026-06-12 04:17:27,338 | INFO | c_probs: (185, 10)
2026-06-12 04:17:27,355 | INFO | results: {'task': {'c_index': 0.7178082191780822}, 'concepts': {'concept_0': {'0': {'precision': 0.47368421052631576, 'recall': 0.24324324324324326, 'f1-score': 0.32142857142857145, 'support': 37.0}, '1': {'precision': 0.5227272727272727, 'recall': 0.711340206185567, 'f1-score': 0.6026200873362445, 'support': 97.0}, '2': {'precision': 0.36363636363636365, 'recall': 0.26666666666666666, 'f1-score': 0.3076923076923077, 'support': 45.0}, '3': {'precision': 0.0, 'recall': 0.0, 'f1-score': 0.0, 'support': 6.0}, 'accuracy': 0.4864864864864865, 'macro avg': {'precision': 0.34001196172248804, 'recall': 0.30531252902386924, 'f1-score': 0.30793524161428093, 'support': 185.0}, 'weighted avg': {'precision': 0.4572675546359757, 'recall': 0.4864864864864865, 'f1-score': 0.45509815924663083, 'support': 185.0}, 'auc': {'ovo': 0.6166025991627366}}, 'concept_1': {'0': {'precision': 0.5575221238938053, 'recall': 0.7, 'f1-score': 0.6206896551724138, 'support': 90.0}, '1': {'precision': 0.40816326530612246, 'recall': 0.39215686274509803, 'f1-score': 0.4, 'support': 51.0}, '2': {'precision': 0.4782608695652174, 'recall': 0.25, 'f1-score': 0.3283582089552239, 'support': 44.0}, 'accuracy': 0.5081081081081081, 'macro avg': {'precision': 0.48131541958838175, 'recall': 0.44738562091503264, 'f1-score': 0.4496826213758793, 'support': 185.0}, 'weighted avg': {'precision': 0.4974961942806718, 'recall': 0.5081081081081081, 'f1-score': 0.4903234062678221, 'support': 185.0}, 'auc': {'ovo': 0.6586246451442529}}, 'concept_2': {'0': {'precision': 0.7730061349693251, 'recall': 0.9197080291970803, 'f1-score': 0.84, 'support': 137.0}, '1': {'precision': 0.3181818181818182, 'recall': 0.16666666666666666, 'f1-score': 0.21875, 'support': 42.0}, '2': {'precision': nan, 'recall': 0.0, 'f1-score': 0.0, 'support': 6.0}, 'accuracy': 0.7189189189189189, 'macro avg': {'precision': 0.5455939765755716, 'recall': 0.362124898621249, 'f1-score': 0.3529166666666666, 'support': 185.0}, 'weighted avg': {'precision': 0.6662875801923681, 'recall': 0.7189189189189189, 'f1-score': 0.6717162162162162, 'support': 185.0}, 'auc': {'ovo': 0.6858610435252771}}}}
2026-06-12 04:17:27,360 | INFO | training fold 2
2026-06-12 04:17:27,361 | INFO | train set size: 739
2026-06-12 04:17:27,362 | INFO | val set size: 185
2026-06-12 04:17:27,364 | INFO | cpu_count: 30
2026-06-12 04:17:27,364 | INFO | num_workers: 2
2026-06-12 04:17:27,458 | INFO | completed building dataloaders
2026-06-12 04:17:27,458 | INFO | training starts
2026-06-12 04:17:39,110 | INFO | model initialized
2026-06-12 04:17:39,168 | INFO | LR scheduler: <torch.optim.lr_scheduler.CosineAnnealingLR object at 0x7c3f795dfc70>
2026-06-12 04:17:39,168 | INFO | Parameters by layer:
2026-06-12 04:17:39,169 | INFO | Total parameters: 304.4106M
2026-06-12 04:17:39,169 | INFO | Trainable parameters: 1.0599M
2026-06-12 04:17:39,169 | INFO | ======== starting epoch 1 ========
2026-06-12 04:17:39,169 | INFO | epoch 1 LR at start of epoch: 0.001000
2026-06-12 04:17:39,169 | INFO | [VALIDATION STEP]
2026-06-12 04:17:49,282 | INFO | [epoch 1 | val | batch 0 start] allocated=2939.9MB | reserved=14188.0MB | peak=12395.9MB
2026-06-12 04:19:25,781 | INFO | [epoch 1 | val | batch 10 start] allocated=2939.9MB | reserved=14188.0MB | peak=12395.9MB
2026-06-12 04:21:02,489 | INFO | [epoch 1 | val | batch 20 start] allocated=2939.9MB | reserved=14188.0MB | peak=12395.9MB
2026-06-12 04:21:27,852 | INFO | epoch 1 val loss (mean of batches): 1.47
2026-06-12 04:21:27,852 | INFO | epoch 1 val loss history: [1.468999981880188]
2026-06-12 04:21:27,852 | INFO | epoch 1 val c-index (total sample): 0.42
2026-06-12 04:21:27,852 | INFO | epoch 1 val c-index history: [0.42]
2026-06-12 04:21:27,854 | INFO | [TRAINING STEP]
2026-06-12 04:21:33,382 | INFO | [epoch 1 | train | batch 0 start] allocated=2351.9MB | reserved=14188.0MB | peak=12395.9MB
2026-06-12 04:21:34,724 | INFO |     task_logits from  0.2197265625 to 0.515625
2026-06-12 04:21:57,901 | INFO | [epoch 1 | train | batch 10 start] allocated=2364.0MB | reserved=14188.0MB | peak=12395.9MB
2026-06-12 04:22:20,690 | INFO | [epoch 1 | train | batch 20 start] allocated=2364.0MB | reserved=14188.0MB | peak=12395.9MB
2026-06-12 04:22:43,927 | INFO | [epoch 1 | train | batch 30 start] allocated=2364.0MB | reserved=14188.0MB | peak=12395.9MB
2026-06-12 04:23:08,044 | INFO | [epoch 1 | train | batch 40 start] allocated=2364.0MB | reserved=14188.0MB | peak=12395.9MB
2026-06-12 04:23:32,662 | INFO | [epoch 1 | train | batch 50 start] allocated=2364.0MB | reserved=14188.0MB | peak=12395.9MB
2026-06-12 04:23:55,343 | INFO | [epoch 1 | train | batch 60 start] allocated=2364.0MB | reserved=14188.0MB | peak=12395.9MB
2026-06-12 04:24:18,944 | INFO | [epoch 1 | train | batch 70 start] allocated=2364.0MB | reserved=14188.0MB | peak=12395.9MB
2026-06-12 04:24:45,092 | INFO | [epoch 1 | train | batch 80 start] allocated=2364.0MB | reserved=14188.0MB | peak=12395.9MB
2026-06-12 04:25:09,893 | INFO | [epoch 1 | train | batch 90 start] allocated=2364.0MB | reserved=14188.0MB | peak=12395.9MB
2026-06-12 04:25:13,181 | INFO | epoch 1 train total loss: 1.07
2026-06-12 04:25:13,181 | INFO | epoch 1 train concept loss: 0.92
2026-06-12 04:25:13,181 | INFO | epoch 1 train task loss: 0.15
2026-06-12 04:25:13,181 | INFO | epoch 1 train total loss history: [1.0729999542236328]
2026-06-12 04:25:13,181 | INFO | epoch 1 train concept loss history: [0.9240000247955322]
2026-06-12 04:25:13,181 | INFO | epoch 1 train task loss history: [0.14900000393390656]
2026-06-12 04:25:13,181 | INFO | epoch 1 complete
2026-06-12 04:25:13,182 | INFO | ======== starting epoch 2 ========
2026-06-12 04:25:13,182 | INFO | epoch 2 LR at start of epoch: 0.000976
2026-06-12 04:25:13,182 | INFO | [VALIDATION STEP]
2026-06-12 04:25:23,140 | INFO | [epoch 2 | val | batch 0 start] allocated=2952.0MB | reserved=14188.0MB | peak=12408.0MB
2026-06-12 04:26:59,538 | INFO | [epoch 2 | val | batch 10 start] allocated=2952.0MB | reserved=14188.0MB | peak=12408.0MB
2026-06-12 04:28:36,208 | INFO | [epoch 2 | val | batch 20 start] allocated=2952.0MB | reserved=14188.0MB | peak=12408.0MB
2026-06-12 04:29:01,971 | INFO | epoch 2 val loss (mean of batches): 0.96
2026-06-12 04:29:01,971 | INFO | epoch 2 val loss history: [1.468999981880188, 0.9639999866485596]
2026-06-12 04:29:01,971 | INFO | epoch 2 val c-index (total sample): 0.56
2026-06-12 04:29:01,971 | INFO | epoch 2 val c-index history: [0.42, 0.557]
2026-06-12 04:29:01,973 | INFO | [TRAINING STEP]
2026-06-12 04:29:07,130 | INFO | [epoch 2 | train | batch 0 start] allocated=2364.0MB | reserved=14188.0MB | peak=12408.0MB
2026-06-12 04:29:08,470 | INFO |     task_logits from  -0.030517578125 to 0.6484375
2026-06-12 04:29:31,396 | INFO | [epoch 2 | train | batch 10 start] allocated=2364.0MB | reserved=14188.0MB | peak=12408.0MB
2026-06-12 04:29:54,164 | INFO | [epoch 2 | train | batch 20 start] allocated=2364.0MB | reserved=14188.0MB | peak=12408.0MB
2026-06-12 04:30:17,090 | INFO | [epoch 2 | train | batch 30 start] allocated=2364.0MB | reserved=14188.0MB | peak=12408.0MB
2026-06-12 04:30:41,325 | INFO | [epoch 2 | train | batch 40 start] allocated=2364.0MB | reserved=14188.0MB | peak=12408.0MB
2026-06-12 04:31:06,289 | INFO | [epoch 2 | train | batch 50 start] allocated=2364.0MB | reserved=14188.0MB | peak=12408.0MB
2026-06-12 04:31:31,361 | INFO | [epoch 2 | train | batch 60 start] allocated=2364.0MB | reserved=14188.0MB | peak=12408.0MB
2026-06-12 04:31:54,517 | INFO | [epoch 2 | train | batch 70 start] allocated=2364.0MB | reserved=14188.0MB | peak=12408.0MB
2026-06-12 04:32:18,744 | INFO | [epoch 2 | train | batch 80 start] allocated=2364.0MB | reserved=14188.0MB | peak=12408.0MB
2026-06-12 04:32:42,366 | INFO | [epoch 2 | train | batch 90 start] allocated=2364.0MB | reserved=14188.0MB | peak=12408.0MB
2026-06-12 04:32:46,138 | INFO | epoch 2 train total loss: 0.95
2026-06-12 04:32:46,138 | INFO | epoch 2 train concept loss: 0.80
2026-06-12 04:32:46,138 | INFO | epoch 2 train task loss: 0.15
2026-06-12 04:32:46,138 | INFO | epoch 2 train total loss history: [1.0729999542236328, 0.9490000009536743]
2026-06-12 04:32:46,138 | INFO | epoch 2 train concept loss history: [0.9240000247955322, 0.8019999861717224]
2026-06-12 04:32:46,138 | INFO | epoch 2 train task loss history: [0.14900000393390656, 0.1469999998807907]
2026-06-12 04:32:46,138 | INFO | epoch 2 complete
2026-06-12 04:32:46,138 | INFO | ======== starting epoch 3 ========
2026-06-12 04:32:46,138 | INFO | epoch 3 LR at start of epoch: 0.000905
2026-06-12 04:32:46,138 | INFO | [VALIDATION STEP]
2026-06-12 04:32:57,406 | INFO | [epoch 3 | val | batch 0 start] allocated=2952.0MB | reserved=14188.0MB | peak=12408.0MB
2026-06-12 04:34:33,994 | INFO | [epoch 3 | val | batch 10 start] allocated=2952.0MB | reserved=14188.0MB | peak=12408.0MB
2026-06-12 04:36:10,604 | INFO | [epoch 3 | val | batch 20 start] allocated=2952.0MB | reserved=14188.0MB | peak=12408.0MB
2026-06-12 04:36:35,936 | INFO | epoch 3 val loss (mean of batches): 0.95
2026-06-12 04:36:35,936 | INFO | epoch 3 val loss history: [1.468999981880188, 0.9639999866485596, 0.9459999799728394]
2026-06-12 04:36:35,936 | INFO | epoch 3 val c-index (total sample): 0.60
2026-06-12 04:36:35,936 | INFO | epoch 3 val c-index history: [0.42, 0.557, 0.599]
2026-06-12 04:36:35,938 | INFO | [TRAINING STEP]
2026-06-12 04:36:40,923 | INFO | [epoch 3 | train | batch 0 start] allocated=2364.0MB | reserved=14188.0MB | peak=12408.0MB
2026-06-12 04:36:42,267 | INFO |     task_logits from  0.216796875 to 1.0078125
2026-06-12 04:37:04,468 | INFO | [epoch 3 | train | batch 10 start] allocated=2364.0MB | reserved=14188.0MB | peak=12408.0MB
2026-06-12 04:37:28,745 | INFO | [epoch 3 | train | batch 20 start] allocated=2364.0MB | reserved=14188.0MB | peak=12408.0MB
2026-06-12 04:37:52,066 | INFO | [epoch 3 | train | batch 30 start] allocated=2364.0MB | reserved=14188.0MB | peak=12408.0MB
2026-06-12 04:38:15,911 | INFO | [epoch 3 | train | batch 40 start] allocated=2364.0MB | reserved=14188.0MB | peak=12408.0MB
2026-06-12 04:38:40,529 | INFO | [epoch 3 | train | batch 50 start] allocated=2364.0MB | reserved=14188.0MB | peak=12408.0MB
2026-06-12 04:39:04,749 | INFO | [epoch 3 | train | batch 60 start] allocated=2364.0MB | reserved=14188.0MB | peak=12408.0MB
2026-06-12 04:39:28,200 | INFO | [epoch 3 | train | batch 70 start] allocated=2364.0MB | reserved=14188.0MB | peak=12408.0MB
2026-06-12 04:39:53,796 | INFO | [epoch 3 | train | batch 80 start] allocated=2364.0MB | reserved=14188.0MB | peak=12408.0MB
2026-06-12 04:40:18,070 | INFO | [epoch 3 | train | batch 90 start] allocated=2364.0MB | reserved=14188.0MB | peak=12408.0MB
2026-06-12 04:40:21,927 | INFO | epoch 3 train total loss: 0.84
2026-06-12 04:40:21,927 | INFO | epoch 3 train concept loss: 0.72
2026-06-12 04:40:21,927 | INFO | epoch 3 train task loss: 0.12
2026-06-12 04:40:21,927 | INFO | epoch 3 train total loss history: [1.0729999542236328, 0.9490000009536743, 0.8379999995231628]
2026-06-12 04:40:21,927 | INFO | epoch 3 train concept loss history: [0.9240000247955322, 0.8019999861717224, 0.7229999899864197]
2026-06-12 04:40:21,927 | INFO | epoch 3 train task loss history: [0.14900000393390656, 0.1469999998807907, 0.11599999666213989]
2026-06-12 04:40:21,927 | INFO | epoch 3 complete
2026-06-12 04:40:21,927 | INFO | ======== starting epoch 4 ========
2026-06-12 04:40:21,927 | INFO | epoch 4 LR at start of epoch: 0.000794
2026-06-12 04:40:21,927 | INFO | [VALIDATION STEP]
2026-06-12 04:40:32,044 | INFO | [epoch 4 | val | batch 0 start] allocated=2952.0MB | reserved=14188.0MB | peak=12408.0MB
2026-06-12 04:42:08,454 | INFO | [epoch 4 | val | batch 10 start] allocated=2952.0MB | reserved=14188.0MB | peak=12408.0MB
2026-06-12 04:43:45,186 | INFO | [epoch 4 | val | batch 20 start] allocated=2952.0MB | reserved=14188.0MB | peak=12408.0MB
2026-06-12 04:44:10,597 | INFO | epoch 4 val loss (mean of batches): 0.95
2026-06-12 04:44:10,597 | INFO | epoch 4 val loss history: [1.468999981880188, 0.9639999866485596, 0.9459999799728394, 0.9509999752044678]
2026-06-12 04:44:10,597 | INFO | epoch 4 val c-index (total sample): 0.60
2026-06-12 04:44:10,597 | INFO | epoch 4 val c-index history: [0.42, 0.557, 0.599, 0.601]
2026-06-12 04:44:10,599 | INFO | [TRAINING STEP]
2026-06-12 04:44:14,765 | INFO | [epoch 4 | train | batch 0 start] allocated=2364.0MB | reserved=14188.0MB | peak=12408.0MB
2026-06-12 04:44:16,103 | INFO |     task_logits from  -1.734375 to 1.5859375
2026-06-12 04:44:37,252 | INFO | [epoch 4 | train | batch 10 start] allocated=2364.0MB | reserved=14188.0MB | peak=12408.0MB
2026-06-12 04:45:00,491 | INFO | [epoch 4 | train | batch 20 start] allocated=2364.0MB | reserved=14188.0MB | peak=12408.0MB
2026-06-12 04:45:24,200 | INFO | [epoch 4 | train | batch 30 start] allocated=2364.0MB | reserved=14188.0MB | peak=12408.0MB
2026-06-12 04:45:48,079 | INFO | [epoch 4 | train | batch 40 start] allocated=2364.0MB | reserved=14188.0MB | peak=12408.0MB
2026-06-12 04:46:12,536 | INFO | [epoch 4 | train | batch 50 start] allocated=2364.0MB | reserved=14188.0MB | peak=12408.0MB
2026-06-12 04:46:36,137 | INFO | [epoch 4 | train | batch 60 start] allocated=2364.0MB | reserved=14188.0MB | peak=12408.0MB
2026-06-12 04:47:00,786 | INFO | [epoch 4 | train | batch 70 start] allocated=2364.0MB | reserved=14188.0MB | peak=12408.0MB
2026-06-12 04:47:26,000 | INFO | [epoch 4 | train | batch 80 start] allocated=2364.0MB | reserved=14188.0MB | peak=12408.0MB
2026-06-12 04:47:50,615 | INFO | [epoch 4 | train | batch 90 start] allocated=2364.0MB | reserved=14188.0MB | peak=12408.0MB
2026-06-12 04:47:54,563 | INFO | epoch 4 train total loss: 0.77
2026-06-12 04:47:54,563 | INFO | epoch 4 train concept loss: 0.67
2026-06-12 04:47:54,563 | INFO | epoch 4 train task loss: 0.10
2026-06-12 04:47:54,563 | INFO | epoch 4 train total loss history: [1.0729999542236328, 0.9490000009536743, 0.8379999995231628, 0.7689999938011169]
2026-06-12 04:47:54,563 | INFO | epoch 4 train concept loss history: [0.9240000247955322, 0.8019999861717224, 0.7229999899864197, 0.6710000038146973]
2026-06-12 04:47:54,563 | INFO | epoch 4 train task loss history: [0.14900000393390656, 0.1469999998807907, 0.11599999666213989, 0.09799999743700027]
2026-06-12 04:47:54,563 | INFO | epoch 4 complete
2026-06-12 04:47:54,563 | INFO | ======== starting epoch 5 ========
2026-06-12 04:47:54,563 | INFO | epoch 5 LR at start of epoch: 0.000655
2026-06-12 04:47:54,563 | INFO | [VALIDATION STEP]
2026-06-12 04:48:04,202 | INFO | [epoch 5 | val | batch 0 start] allocated=2952.0MB | reserved=14188.0MB | peak=12408.0MB
2026-06-12 04:49:40,795 | INFO | [epoch 5 | val | batch 10 start] allocated=2952.0MB | reserved=14188.0MB | peak=12408.0MB
2026-06-12 04:51:18,046 | INFO | [epoch 5 | val | batch 20 start] allocated=2952.0MB | reserved=14188.0MB | peak=12408.0MB
2026-06-12 04:51:43,454 | INFO | epoch 5 val loss (mean of batches): 0.94
2026-06-12 04:51:43,454 | INFO | epoch 5 val loss history: [1.468999981880188, 0.9639999866485596, 0.9459999799728394, 0.9509999752044678, 0.9399999976158142]
2026-06-12 04:51:43,454 | INFO | epoch 5 val c-index (total sample): 0.57
2026-06-12 04:51:43,454 | INFO | epoch 5 val c-index history: [0.42, 0.557, 0.599, 0.601, 0.571]
2026-06-12 04:51:43,456 | INFO | [TRAINING STEP]
2026-06-12 04:51:47,899 | INFO | [epoch 5 | train | batch 0 start] allocated=2364.0MB | reserved=14188.0MB | peak=12408.0MB
2026-06-12 04:51:49,243 | INFO |     task_logits from  -1.34375 to 0.7890625
2026-06-12 04:52:10,621 | INFO | [epoch 5 | train | batch 10 start] allocated=2364.0MB | reserved=14188.0MB | peak=12408.0MB
2026-06-12 04:52:34,215 | INFO | [epoch 5 | train | batch 20 start] allocated=2364.0MB | reserved=14188.0MB | peak=12408.0MB
2026-06-12 04:52:58,046 | INFO | [epoch 5 | train | batch 30 start] allocated=2364.0MB | reserved=14188.0MB | peak=12408.0MB
2026-06-12 04:53:21,834 | INFO | [epoch 5 | train | batch 40 start] allocated=2364.0MB | reserved=14188.0MB | peak=12408.0MB
2026-06-12 04:53:45,649 | INFO | [epoch 5 | train | batch 50 start] allocated=2364.0MB | reserved=14188.0MB | peak=12408.0MB
2026-06-12 04:54:09,902 | INFO | [epoch 5 | train | batch 60 start] allocated=2364.0MB | reserved=14188.0MB | peak=12408.0MB
2026-06-12 04:54:34,483 | INFO | [epoch 5 | train | batch 70 start] allocated=2364.0MB | reserved=14188.0MB | peak=12408.0MB
2026-06-12 04:54:59,088 | INFO | [epoch 5 | train | batch 80 start] allocated=2364.0MB | reserved=14188.0MB | peak=12408.0MB
2026-06-12 04:55:22,365 | INFO | [epoch 5 | train | batch 90 start] allocated=2364.0MB | reserved=14188.0MB | peak=12408.0MB
2026-06-12 04:55:25,442 | INFO | epoch 5 train total loss: 0.70
2026-06-12 04:55:25,442 | INFO | epoch 5 train concept loss: 0.61
2026-06-12 04:55:25,442 | INFO | epoch 5 train task loss: 0.10
2026-06-12 04:55:25,442 | INFO | epoch 5 train total loss history: [1.0729999542236328, 0.9490000009536743, 0.8379999995231628, 0.7689999938011169, 0.703000009059906]
2026-06-12 04:55:25,442 | INFO | epoch 5 train concept loss history: [0.9240000247955322, 0.8019999861717224, 0.7229999899864197, 0.6710000038146973, 0.6060000061988831]
2026-06-12 04:55:25,442 | INFO | epoch 5 train task loss history: [0.14900000393390656, 0.1469999998807907, 0.11599999666213989, 0.09799999743700027, 0.09700000286102295]
2026-06-12 04:55:25,442 | INFO | epoch 5 complete
2026-06-12 04:55:25,443 | INFO | ======== starting epoch 6 ========
2026-06-12 04:55:25,443 | INFO | epoch 6 LR at start of epoch: 0.000500
2026-06-12 04:55:25,443 | INFO | [VALIDATION STEP]
2026-06-12 04:55:35,343 | INFO | [epoch 6 | val | batch 0 start] allocated=2952.0MB | reserved=14188.0MB | peak=12408.0MB
2026-06-12 04:57:11,837 | INFO | [epoch 6 | val | batch 10 start] allocated=2952.0MB | reserved=14188.0MB | peak=12408.0MB
2026-06-12 04:58:48,586 | INFO | [epoch 6 | val | batch 20 start] allocated=2952.0MB | reserved=14188.0MB | peak=12408.0MB
2026-06-12 04:59:14,152 | INFO | epoch 6 val loss (mean of batches): 0.97
2026-06-12 04:59:14,152 | INFO | epoch 6 val loss history: [1.468999981880188, 0.9639999866485596, 0.9459999799728394, 0.9509999752044678, 0.9399999976158142, 0.9729999899864197]
2026-06-12 04:59:14,152 | INFO | epoch 6 val c-index (total sample): 0.54
2026-06-12 04:59:14,152 | INFO | epoch 6 val c-index history: [0.42, 0.557, 0.599, 0.601, 0.571, 0.541]
2026-06-12 04:59:14,154 | INFO | [TRAINING STEP]
2026-06-12 04:59:18,446 | INFO | [epoch 6 | train | batch 0 start] allocated=2364.0MB | reserved=14188.0MB | peak=12408.0MB
2026-06-12 04:59:19,784 | INFO |     task_logits from  -1.421875 to 1.1328125
2026-06-12 04:59:41,055 | INFO | [epoch 6 | train | batch 10 start] allocated=2364.0MB | reserved=14188.0MB | peak=12408.0MB
2026-06-12 05:00:06,463 | INFO | [epoch 6 | train | batch 20 start] allocated=2364.0MB | reserved=14188.0MB | peak=12408.0MB
2026-06-12 05:00:30,499 | INFO | [epoch 6 | train | batch 30 start] allocated=2364.0MB | reserved=14188.0MB | peak=12408.0MB
2026-06-12 05:00:54,196 | INFO | [epoch 6 | train | batch 40 start] allocated=2364.0MB | reserved=14188.0MB | peak=12408.0MB
2026-06-12 05:01:18,705 | INFO | [epoch 6 | train | batch 50 start] allocated=2364.0MB | reserved=14188.0MB | peak=12408.0MB
2026-06-12 05:01:42,332 | INFO | [epoch 6 | train | batch 60 start] allocated=2364.0MB | reserved=14188.0MB | peak=12408.0MB
2026-06-12 05:02:07,591 | INFO | [epoch 6 | train | batch 70 start] allocated=2364.0MB | reserved=14188.0MB | peak=12408.0MB
2026-06-12 05:02:32,172 | INFO | [epoch 6 | train | batch 80 start] allocated=2364.0MB | reserved=14188.0MB | peak=12408.0MB
2026-06-12 05:02:56,703 | INFO | [epoch 6 | train | batch 90 start] allocated=2364.0MB | reserved=14188.0MB | peak=12408.0MB
2026-06-12 05:03:00,712 | INFO | epoch 6 train total loss: 0.64
2026-06-12 05:03:00,712 | INFO | epoch 6 train concept loss: 0.56
2026-06-12 05:03:00,712 | INFO | epoch 6 train task loss: 0.08
2026-06-12 05:03:00,712 | INFO | epoch 6 train total loss history: [1.0729999542236328, 0.9490000009536743, 0.8379999995231628, 0.7689999938011169, 0.703000009059906, 0.6399999856948853]
2026-06-12 05:03:00,712 | INFO | epoch 6 train concept loss history: [0.9240000247955322, 0.8019999861717224, 0.7229999899864197, 0.6710000038146973, 0.6060000061988831, 0.5580000281333923]
2026-06-12 05:03:00,712 | INFO | epoch 6 train task loss history: [0.14900000393390656, 0.1469999998807907, 0.11599999666213989, 0.09799999743700027, 0.09700000286102295, 0.0820000022649765]
2026-06-12 05:03:00,712 | INFO | epoch 6 complete
2026-06-12 05:03:00,712 | INFO | ======== starting epoch 7 ========
2026-06-12 05:03:00,712 | INFO | epoch 7 LR at start of epoch: 0.000345
2026-06-12 05:03:00,712 | INFO | [VALIDATION STEP]
2026-06-12 05:03:10,826 | INFO | [epoch 7 | val | batch 0 start] allocated=2952.0MB | reserved=14188.0MB | peak=12408.0MB
2026-06-12 05:04:47,215 | INFO | [epoch 7 | val | batch 10 start] allocated=2952.0MB | reserved=14188.0MB | peak=12408.0MB
2026-06-12 05:06:24,005 | INFO | [epoch 7 | val | batch 20 start] allocated=2952.0MB | reserved=14188.0MB | peak=12408.0MB
2026-06-12 05:06:49,412 | INFO | epoch 7 val loss (mean of batches): 0.96
2026-06-12 05:06:49,412 | INFO | epoch 7 val loss history: [1.468999981880188, 0.9639999866485596, 0.9459999799728394, 0.9509999752044678, 0.9399999976158142, 0.9729999899864197, 0.9559999704360962]
2026-06-12 05:06:49,412 | INFO | epoch 7 val c-index (total sample): 0.54
2026-06-12 05:06:49,412 | INFO | epoch 7 val c-index history: [0.42, 0.557, 0.599, 0.601, 0.571, 0.541, 0.536]
2026-06-12 05:06:49,414 | INFO | [TRAINING STEP]
2026-06-12 05:06:54,366 | INFO | [epoch 7 | train | batch 0 start] allocated=2364.0MB | reserved=14188.0MB | peak=12408.0MB
2026-06-12 05:06:55,711 | INFO |     task_logits from  -1.796875 to 2.25
2026-06-12 05:07:17,321 | INFO | [epoch 7 | train | batch 10 start] allocated=2364.0MB | reserved=14188.0MB | peak=12408.0MB
2026-06-12 05:07:40,908 | INFO | [epoch 7 | train | batch 20 start] allocated=2364.0MB | reserved=14188.0MB | peak=12408.0MB
2026-06-12 05:08:05,429 | INFO | [epoch 7 | train | batch 30 start] allocated=2364.0MB | reserved=14188.0MB | peak=12408.0MB
2026-06-12 05:08:28,734 | INFO | [epoch 7 | train | batch 40 start] allocated=2364.0MB | reserved=14188.0MB | peak=12408.0MB
2026-06-12 05:08:51,045 | INFO | [epoch 7 | train | batch 50 start] allocated=2364.0MB | reserved=14188.0MB | peak=12408.0MB
2026-06-12 05:09:16,481 | INFO | [epoch 7 | train | batch 60 start] allocated=2364.0MB | reserved=14188.0MB | peak=12408.0MB
2026-06-12 05:09:40,688 | INFO | [epoch 7 | train | batch 70 start] allocated=2364.0MB | reserved=14188.0MB | peak=12408.0MB
2026-06-12 05:10:04,344 | INFO | [epoch 7 | train | batch 80 start] allocated=2364.0MB | reserved=14188.0MB | peak=12408.0MB
2026-06-12 05:10:27,987 | INFO | [epoch 7 | train | batch 90 start] allocated=2364.0MB | reserved=14188.0MB | peak=12408.0MB
2026-06-12 05:10:31,074 | INFO | epoch 7 train total loss: 0.59
2026-06-12 05:10:31,074 | INFO | epoch 7 train concept loss: 0.51
2026-06-12 05:10:31,074 | INFO | epoch 7 train task loss: 0.08
2026-06-12 05:10:31,074 | INFO | epoch 7 train total loss history: [1.0729999542236328, 0.9490000009536743, 0.8379999995231628, 0.7689999938011169, 0.703000009059906, 0.6399999856948853, 0.5920000076293945]
2026-06-12 05:10:31,074 | INFO | epoch 7 train concept loss history: [0.9240000247955322, 0.8019999861717224, 0.7229999899864197, 0.6710000038146973, 0.6060000061988831, 0.5580000281333923, 0.5099999904632568]
2026-06-12 05:10:31,074 | INFO | epoch 7 train task loss history: [0.14900000393390656, 0.1469999998807907, 0.11599999666213989, 0.09799999743700027, 0.09700000286102295, 0.0820000022649765, 0.0820000022649765]
2026-06-12 05:10:31,074 | INFO | epoch 7 complete
2026-06-12 05:10:31,074 | INFO | ======== starting epoch 8 ========
2026-06-12 05:10:31,074 | INFO | epoch 8 LR at start of epoch: 0.000206
2026-06-12 05:10:31,074 | INFO | [VALIDATION STEP]
2026-06-12 05:10:40,823 | INFO | [epoch 8 | val | batch 0 start] allocated=2952.0MB | reserved=14188.0MB | peak=12408.0MB
2026-06-12 05:12:17,375 | INFO | [epoch 8 | val | batch 10 start] allocated=2952.0MB | reserved=14188.0MB | peak=12408.0MB
2026-06-12 05:13:54,145 | INFO | [epoch 8 | val | batch 20 start] allocated=2952.0MB | reserved=14188.0MB | peak=12408.0MB
2026-06-12 05:14:19,507 | INFO | epoch 8 val loss (mean of batches): 0.99
2026-06-12 05:14:19,507 | INFO | epoch 8 val loss history: [1.468999981880188, 0.9639999866485596, 0.9459999799728394, 0.9509999752044678, 0.9399999976158142, 0.9729999899864197, 0.9559999704360962, 0.9850000143051147]
2026-06-12 05:14:19,507 | INFO | epoch 8 val c-index (total sample): 0.54
2026-06-12 05:14:19,507 | INFO | epoch 8 val c-index history: [0.42, 0.557, 0.599, 0.601, 0.571, 0.541, 0.536, 0.538]
2026-06-12 05:14:19,509 | INFO | [TRAINING STEP]
2026-06-12 05:14:23,909 | INFO | [epoch 8 | train | batch 0 start] allocated=2364.0MB | reserved=14188.0MB | peak=12408.0MB
2026-06-12 05:14:25,242 | INFO |     task_logits from  -0.890625 to 1.640625
2026-06-12 05:14:47,086 | INFO | [epoch 8 | train | batch 10 start] allocated=2364.0MB | reserved=14188.0MB | peak=12408.0MB
2026-06-12 05:15:11,176 | INFO | [epoch 8 | train | batch 20 start] allocated=2364.0MB | reserved=14188.0MB | peak=12408.0MB
2026-06-12 05:15:35,929 | INFO | [epoch 8 | train | batch 30 start] allocated=2364.0MB | reserved=14188.0MB | peak=12408.0MB
2026-06-12 05:16:00,741 | INFO | [epoch 8 | train | batch 40 start] allocated=2364.0MB | reserved=14188.0MB | peak=12408.0MB
2026-06-12 05:16:24,330 | INFO | [epoch 8 | train | batch 50 start] allocated=2364.0MB | reserved=14188.0MB | peak=12408.0MB
2026-06-12 05:16:47,058 | INFO | [epoch 8 | train | batch 60 start] allocated=2364.0MB | reserved=14188.0MB | peak=12408.0MB
2026-06-12 05:17:10,050 | INFO | [epoch 8 | train | batch 70 start] allocated=2364.0MB | reserved=14188.0MB | peak=12408.0MB
2026-06-12 05:17:32,444 | INFO | [epoch 8 | train | batch 80 start] allocated=2364.0MB | reserved=14188.0MB | peak=12408.0MB
2026-06-12 05:17:54,983 | INFO | [epoch 8 | train | batch 90 start] allocated=2364.0MB | reserved=14188.0MB | peak=12408.0MB
2026-06-12 05:17:58,735 | INFO | epoch 8 train total loss: 0.55
2026-06-12 05:17:58,735 | INFO | epoch 8 train concept loss: 0.48
2026-06-12 05:17:58,735 | INFO | epoch 8 train task loss: 0.06
2026-06-12 05:17:58,735 | INFO | epoch 8 train total loss history: [1.0729999542236328, 0.9490000009536743, 0.8379999995231628, 0.7689999938011169, 0.703000009059906, 0.6399999856948853, 0.5920000076293945, 0.546999990940094]
2026-06-12 05:17:58,735 | INFO | epoch 8 train concept loss history: [0.9240000247955322, 0.8019999861717224, 0.7229999899864197, 0.6710000038146973, 0.6060000061988831, 0.5580000281333923, 0.5099999904632568, 0.4819999933242798]
2026-06-12 05:17:58,736 | INFO | epoch 8 train task loss history: [0.14900000393390656, 0.1469999998807907, 0.11599999666213989, 0.09799999743700027, 0.09700000286102295, 0.0820000022649765, 0.0820000022649765, 0.06499999761581421]
2026-06-12 05:17:58,736 | INFO | epoch 8 complete
2026-06-12 05:17:58,736 | INFO | ======== starting epoch 9 ========
2026-06-12 05:17:58,736 | INFO | epoch 9 LR at start of epoch: 0.000095
2026-06-12 05:17:58,736 | INFO | [VALIDATION STEP]
2026-06-12 05:18:09,107 | INFO | [epoch 9 | val | batch 0 start] allocated=2952.0MB | reserved=14188.0MB | peak=12408.0MB
2026-06-12 05:19:45,574 | INFO | [epoch 9 | val | batch 10 start] allocated=2952.0MB | reserved=14188.0MB | peak=12408.0MB
2026-06-12 05:21:22,143 | INFO | [epoch 9 | val | batch 20 start] allocated=2952.0MB | reserved=14188.0MB | peak=12408.0MB
2026-06-12 05:21:47,454 | INFO | epoch 9 val loss (mean of batches): 0.98
2026-06-12 05:21:47,454 | INFO | epoch 9 val loss history: [1.468999981880188, 0.9639999866485596, 0.9459999799728394, 0.9509999752044678, 0.9399999976158142, 0.9729999899864197, 0.9559999704360962, 0.9850000143051147, 0.9819999933242798]
2026-06-12 05:21:47,454 | INFO | epoch 9 val c-index (total sample): 0.58
2026-06-12 05:21:47,454 | INFO | epoch 9 val c-index history: [0.42, 0.557, 0.599, 0.601, 0.571, 0.541, 0.536, 0.538, 0.577]
2026-06-12 05:21:47,456 | INFO | [TRAINING STEP]
2026-06-12 05:21:51,937 | INFO | [epoch 9 | train | batch 0 start] allocated=2364.0MB | reserved=14188.0MB | peak=12408.0MB
2026-06-12 05:21:53,284 | INFO |     task_logits from  -2.359375 to 1.1875
2026-06-12 05:22:16,337 | INFO | [epoch 9 | train | batch 10 start] allocated=2364.0MB | reserved=14188.0MB | peak=12408.0MB
2026-06-12 05:22:38,671 | INFO | [epoch 9 | train | batch 20 start] allocated=2364.0MB | reserved=14188.0MB | peak=12408.0MB
2026-06-12 05:23:01,710 | INFO | [epoch 9 | train | batch 30 start] allocated=2364.0MB | reserved=14188.0MB | peak=12408.0MB
2026-06-12 05:23:25,604 | INFO | [epoch 9 | train | batch 40 start] allocated=2364.0MB | reserved=14188.0MB | peak=12408.0MB
2026-06-12 05:23:50,387 | INFO | [epoch 9 | train | batch 50 start] allocated=2364.0MB | reserved=14188.0MB | peak=12408.0MB
2026-06-12 05:24:14,514 | INFO | [epoch 9 | train | batch 60 start] allocated=2364.0MB | reserved=14188.0MB | peak=12408.0MB
2026-06-12 05:24:37,909 | INFO | [epoch 9 | train | batch 70 start] allocated=2364.0MB | reserved=14188.0MB | peak=12408.0MB
2026-06-12 05:25:01,268 | INFO | [epoch 9 | train | batch 80 start] allocated=2364.0MB | reserved=14188.0MB | peak=12408.0MB
2026-06-12 05:25:24,480 | INFO | [epoch 9 | train | batch 90 start] allocated=2364.0MB | reserved=14188.0MB | peak=12408.0MB
2026-06-12 05:25:28,296 | INFO | epoch 9 train total loss: 0.53
2026-06-12 05:25:28,296 | INFO | epoch 9 train concept loss: 0.46
2026-06-12 05:25:28,296 | INFO | epoch 9 train task loss: 0.07
2026-06-12 05:25:28,296 | INFO | epoch 9 train total loss history: [1.0729999542236328, 0.9490000009536743, 0.8379999995231628, 0.7689999938011169, 0.703000009059906, 0.6399999856948853, 0.5920000076293945, 0.546999990940094, 0.527999997138977]
2026-06-12 05:25:28,296 | INFO | epoch 9 train concept loss history: [0.9240000247955322, 0.8019999861717224, 0.7229999899864197, 0.6710000038146973, 0.6060000061988831, 0.5580000281333923, 0.5099999904632568, 0.4819999933242798, 0.4620000123977661]
2026-06-12 05:25:28,296 | INFO | epoch 9 train task loss history: [0.14900000393390656, 0.1469999998807907, 0.11599999666213989, 0.09799999743700027, 0.09700000286102295, 0.0820000022649765, 0.0820000022649765, 0.06499999761581421, 0.06599999964237213]
2026-06-12 05:25:28,296 | INFO | epoch 9 complete
2026-06-12 05:25:28,296 | INFO | ======== starting epoch 10 ========
2026-06-12 05:25:28,296 | INFO | epoch 10 LR at start of epoch: 0.000024
2026-06-12 05:25:28,296 | INFO | [VALIDATION STEP]
2026-06-12 05:25:38,309 | INFO | [epoch 10 | val | batch 0 start] allocated=2952.0MB | reserved=14188.0MB | peak=12408.0MB
2026-06-12 05:27:14,875 | INFO | [epoch 10 | val | batch 10 start] allocated=2952.0MB | reserved=14188.0MB | peak=12408.0MB
2026-06-12 05:28:51,465 | INFO | [epoch 10 | val | batch 20 start] allocated=2952.0MB | reserved=14188.0MB | peak=12408.0MB
2026-06-12 05:29:16,807 | INFO | epoch 10 val loss (mean of batches): 1.00
2026-06-12 05:29:16,807 | INFO | epoch 10 val loss history: [1.468999981880188, 0.9639999866485596, 0.9459999799728394, 0.9509999752044678, 0.9399999976158142, 0.9729999899864197, 0.9559999704360962, 0.9850000143051147, 0.9819999933242798, 0.996999979019165]
2026-06-12 05:29:16,807 | INFO | epoch 10 val c-index (total sample): 0.55
2026-06-12 05:29:16,807 | INFO | epoch 10 val c-index history: [0.42, 0.557, 0.599, 0.601, 0.571, 0.541, 0.536, 0.538, 0.577, 0.552]
2026-06-12 05:29:16,809 | INFO | [TRAINING STEP]
2026-06-12 05:29:21,938 | INFO | [epoch 10 | train | batch 0 start] allocated=2364.0MB | reserved=14188.0MB | peak=12408.0MB
2026-06-12 05:29:23,272 | INFO |     task_logits from  -1.921875 to 2.65625
2026-06-12 05:29:46,902 | INFO | [epoch 10 | train | batch 10 start] allocated=2364.0MB | reserved=14188.0MB | peak=12408.0MB
2026-06-12 05:30:10,388 | INFO | [epoch 10 | train | batch 20 start] allocated=2364.0MB | reserved=14188.0MB | peak=12408.0MB
2026-06-12 05:30:31,914 | INFO | [epoch 10 | train | batch 30 start] allocated=2364.0MB | reserved=14188.0MB | peak=12408.0MB
2026-06-12 05:30:54,873 | INFO | [epoch 10 | train | batch 40 start] allocated=2364.0MB | reserved=14188.0MB | peak=12408.0MB
2026-06-12 05:31:18,785 | INFO | [epoch 10 | train | batch 50 start] allocated=2364.0MB | reserved=14188.0MB | peak=12408.0MB
2026-06-12 05:31:42,573 | INFO | [epoch 10 | train | batch 60 start] allocated=2364.0MB | reserved=14188.0MB | peak=12408.0MB
2026-06-12 05:32:07,012 | INFO | [epoch 10 | train | batch 70 start] allocated=2364.0MB | reserved=14188.0MB | peak=12408.0MB
2026-06-12 05:32:30,457 | INFO | [epoch 10 | train | batch 80 start] allocated=2364.0MB | reserved=14188.0MB | peak=12408.0MB
2026-06-12 05:32:55,266 | INFO | [epoch 10 | train | batch 90 start] allocated=2364.0MB | reserved=14188.0MB | peak=12408.0MB
2026-06-12 05:32:59,236 | INFO | epoch 10 train total loss: 0.51
2026-06-12 05:32:59,236 | INFO | epoch 10 train concept loss: 0.45
2026-06-12 05:32:59,236 | INFO | epoch 10 train task loss: 0.06
2026-06-12 05:32:59,236 | INFO | epoch 10 train total loss history: [1.0729999542236328, 0.9490000009536743, 0.8379999995231628, 0.7689999938011169, 0.703000009059906, 0.6399999856948853, 0.5920000076293945, 0.546999990940094, 0.527999997138977, 0.5139999985694885]
2026-06-12 05:32:59,236 | INFO | epoch 10 train concept loss history: [0.9240000247955322, 0.8019999861717224, 0.7229999899864197, 0.6710000038146973, 0.6060000061988831, 0.5580000281333923, 0.5099999904632568, 0.4819999933242798, 0.4620000123977661, 0.44999998807907104]
2026-06-12 05:32:59,236 | INFO | epoch 10 train task loss history: [0.14900000393390656, 0.1469999998807907, 0.11599999666213989, 0.09799999743700027, 0.09700000286102295, 0.0820000022649765, 0.0820000022649765, 0.06499999761581421, 0.06599999964237213, 0.06400000303983688]
2026-06-12 05:32:59,236 | INFO | epoch 10 complete
2026-06-12 05:32:59,260 | INFO | training complete
2026-06-12 05:32:59,261 | INFO | predicting on the validation set
2026-06-12 05:33:59,261 | INFO |   starting batch 1 of validation
2026-06-12 05:34:04,133 | INFO |   starting batch 2 of validation
2026-06-12 05:34:08,876 | INFO |   starting batch 3 of validation
2026-06-12 05:34:13,623 | INFO |   starting batch 4 of validation
2026-06-12 05:34:18,403 | INFO |   starting batch 5 of validation
2026-06-12 05:34:23,219 | INFO |   starting batch 6 of validation
2026-06-12 05:34:28,040 | INFO |   starting batch 7 of validation
2026-06-12 05:34:32,859 | INFO |   starting batch 8 of validation
2026-06-12 05:34:37,678 | INFO |   starting batch 9 of validation
2026-06-12 05:34:42,496 | INFO |   starting batch 10 of validation
2026-06-12 05:34:47,335 | INFO |   starting batch 11 of validation
2026-06-12 05:34:52,154 | INFO |   starting batch 12 of validation
2026-06-12 05:34:56,992 | INFO |   starting batch 13 of validation
2026-06-12 05:35:01,833 | INFO |   starting batch 14 of validation
2026-06-12 05:35:06,671 | INFO |   starting batch 15 of validation
2026-06-12 05:35:11,509 | INFO |   starting batch 16 of validation
2026-06-12 05:35:16,349 | INFO |   starting batch 17 of validation
2026-06-12 05:35:21,187 | INFO |   starting batch 18 of validation
2026-06-12 05:35:26,045 | INFO |   starting batch 19 of validation
2026-06-12 05:35:30,883 | INFO |   starting batch 20 of validation
2026-06-12 05:35:35,717 | INFO |   starting batch 21 of validation
2026-06-12 05:35:40,554 | INFO |   starting batch 22 of validation
2026-06-12 05:35:45,393 | INFO |   starting batch 23 of validation
2026-06-12 05:35:50,212 | INFO |   starting batch 24 of validation
2026-06-12 05:35:50,808 | INFO | measuring performance
2026-06-12 05:35:50,808 | INFO | y_test: (185, 2)
2026-06-12 05:35:50,808 | INFO | y_probs: (185, 1)
2026-06-12 05:35:50,808 | INFO | c_test: (185, 3)
2026-06-12 05:35:50,808 | INFO | c_probs: (185, 10)
2026-06-12 05:35:50,823 | INFO | results: {'task': {'c_index': 0.6177581863979849}, 'concepts': {'concept_0': {'0': {'precision': 0.3888888888888889, 'recall': 0.22580645161290322, 'f1-score': 0.2857142857142857, 'support': 31.0}, '1': {'precision': 0.6453900709219859, 'recall': 0.8198198198198198, 'f1-score': 0.7222222222222222, 'support': 111.0}, '2': {'precision': 0.38461538461538464, 'recall': 0.25, 'f1-score': 0.30303030303030304, 'support': 40.0}, '3': {'precision': nan, 'recall': 0.0, 'f1-score': 0.0, 'support': 3.0}, 'accuracy': 0.5837837837837838, 'macro avg': {'precision': 0.4729647814754198, 'recall': 0.3239065678581807, 'f1-score': 0.3277417027417027, 'support': 185.0}, 'weighted avg': {'precision': 0.544387191277535, 'recall': 0.5837837837837838, 'f1-score': 0.5467298467298468, 'support': 185.0}, 'auc': {'ovo': 0.7364963754076657}}, 'concept_1': {'0': {'precision': 0.6106194690265486, 'recall': 0.7666666666666667, 'f1-score': 0.6798029556650246, 'support': 90.0}, '1': {'precision': 0.43902439024390244, 'recall': 0.29508196721311475, 'f1-score': 0.35294117647058826, 'support': 61.0}, '2': {'precision': 0.4838709677419355, 'recall': 0.4411764705882353, 'f1-score': 0.46153846153846156, 'support': 34.0}, 'accuracy': 0.5513513513513514, 'macro avg': {'precision': 0.5111716090041288, 'recall': 0.5009750348226722, 'f1-score': 0.49809419789135817, 'support': 185.0}, 'weighted avg': {'precision': 0.530745150921585, 'recall': 0.5513513513513514, 'f1-score': 0.5319134349560313, 'support': 185.0}, 'auc': {'ovo': 0.7006187720990035}}, 'concept_2': {'0': {'precision': 0.8322147651006712, 'recall': 0.8920863309352518, 'f1-score': 0.8611111111111112, 'support': 139.0}, '1': {'precision': 0.5555555555555556, 'recall': 0.4444444444444444, 'f1-score': 0.49382716049382713, 'support': 45.0}, '2': {'precision': nan, 'recall': 0.0, 'f1-score': 0.0, 'support': 1.0}, 'accuracy': 0.7783783783783784, 'macro avg': {'precision': 0.6938851603281133, 'recall': 0.4455102584598987, 'f1-score': 0.45164609053497945, 'support': 185.0}, 'weighted avg': {'precision': 0.7645535453749636, 'recall': 0.7783783783783784, 'f1-score': 0.7671171171171172, 'support': 185.0}, 'auc': {'ovo': 0.7019184652278178}}}}
2026-06-12 05:35:50,857 | INFO | training fold 3
2026-06-12 05:35:50,859 | INFO | train set size: 739
2026-06-12 05:35:50,859 | INFO | val set size: 185
2026-06-12 05:35:50,861 | INFO | cpu_count: 30
2026-06-12 05:35:50,861 | INFO | num_workers: 2
2026-06-12 05:35:51,030 | INFO | completed building dataloaders
2026-06-12 05:35:51,030 | INFO | training starts
2026-06-12 05:36:00,364 | INFO | model initialized
2026-06-12 05:36:00,423 | INFO | LR scheduler: <torch.optim.lr_scheduler.CosineAnnealingLR object at 0x7c3f795dd780>
2026-06-12 05:36:00,423 | INFO | Parameters by layer:
2026-06-12 05:36:00,423 | INFO | Total parameters: 304.4106M
2026-06-12 05:36:00,423 | INFO | Trainable parameters: 1.0599M
2026-06-12 05:36:00,423 | INFO | ======== starting epoch 1 ========
2026-06-12 05:36:00,423 | INFO | epoch 1 LR at start of epoch: 0.001000
2026-06-12 05:36:00,423 | INFO | [VALIDATION STEP]
2026-06-12 05:36:10,188 | INFO | [epoch 1 | val | batch 0 start] allocated=2939.9MB | reserved=14190.0MB | peak=12395.9MB
2026-06-12 05:37:46,661 | INFO | [epoch 1 | val | batch 10 start] allocated=2939.9MB | reserved=14190.0MB | peak=12395.9MB
2026-06-12 05:39:23,309 | INFO | [epoch 1 | val | batch 20 start] allocated=2939.9MB | reserved=14190.0MB | peak=12395.9MB
2026-06-12 05:39:48,659 | INFO | epoch 1 val loss (mean of batches): 1.45
2026-06-12 05:39:48,659 | INFO | epoch 1 val loss history: [1.4450000524520874]
2026-06-12 05:39:48,659 | INFO | epoch 1 val c-index (total sample): 0.55
2026-06-12 05:39:48,659 | INFO | epoch 1 val c-index history: [0.546]
2026-06-12 05:39:48,661 | INFO | [TRAINING STEP]
2026-06-12 05:39:53,702 | INFO | [epoch 1 | train | batch 0 start] allocated=2351.9MB | reserved=14190.0MB | peak=12395.9MB
2026-06-12 05:39:55,048 | INFO |     task_logits from  -0.392578125 to 0.1728515625
2026-06-12 05:40:19,184 | INFO | [epoch 1 | train | batch 10 start] allocated=2364.0MB | reserved=14190.0MB | peak=12395.9MB
2026-06-12 05:40:43,327 | INFO | [epoch 1 | train | batch 20 start] allocated=2364.0MB | reserved=14190.0MB | peak=12395.9MB
2026-06-12 05:41:08,564 | INFO | [epoch 1 | train | batch 30 start] allocated=2364.0MB | reserved=14190.0MB | peak=12395.9MB
2026-06-12 05:41:34,187 | INFO | [epoch 1 | train | batch 40 start] allocated=2364.0MB | reserved=14190.0MB | peak=12395.9MB
2026-06-12 05:41:58,986 | INFO | [epoch 1 | train | batch 50 start] allocated=2364.0MB | reserved=14190.0MB | peak=12395.9MB
2026-06-12 05:42:23,287 | INFO | [epoch 1 | train | batch 60 start] allocated=2364.0MB | reserved=14190.0MB | peak=12395.9MB
2026-06-12 05:42:47,289 | INFO | [epoch 1 | train | batch 70 start] allocated=2364.0MB | reserved=14190.0MB | peak=12395.9MB
2026-06-12 05:43:11,399 | INFO | [epoch 1 | train | batch 80 start] allocated=2364.0MB | reserved=14190.0MB | peak=12395.9MB
2026-06-12 05:43:36,177 | INFO | [epoch 1 | train | batch 90 start] allocated=2364.0MB | reserved=14190.0MB | peak=12395.9MB
2026-06-12 05:43:39,007 | INFO | epoch 1 train total loss: 1.05
2026-06-12 05:43:39,007 | INFO | epoch 1 train concept loss: 0.91
2026-06-12 05:43:39,007 | INFO | epoch 1 train task loss: 0.14
2026-06-12 05:43:39,008 | INFO | epoch 1 train total loss history: [1.0549999475479126]
2026-06-12 05:43:39,008 | INFO | epoch 1 train concept loss history: [0.9129999876022339]
2026-06-12 05:43:39,008 | INFO | epoch 1 train task loss history: [0.1420000046491623]
2026-06-12 05:43:39,008 | INFO | epoch 1 complete
2026-06-12 05:43:39,008 | INFO | ======== starting epoch 2 ========
2026-06-12 05:43:39,008 | INFO | epoch 2 LR at start of epoch: 0.000976
2026-06-12 05:43:39,008 | INFO | [VALIDATION STEP]
2026-06-12 05:43:48,948 | INFO | [epoch 2 | val | batch 0 start] allocated=2952.0MB | reserved=14190.0MB | peak=12408.0MB
2026-06-12 05:45:25,374 | INFO | [epoch 2 | val | batch 10 start] allocated=2952.0MB | reserved=14190.0MB | peak=12408.0MB
2026-06-12 05:47:01,945 | INFO | [epoch 2 | val | batch 20 start] allocated=2952.0MB | reserved=14190.0MB | peak=12408.0MB
2026-06-12 05:47:27,255 | INFO | epoch 2 val loss (mean of batches): 1.05
2026-06-12 05:47:27,255 | INFO | epoch 2 val loss history: [1.4450000524520874, 1.0460000038146973]
2026-06-12 05:47:27,255 | INFO | epoch 2 val c-index (total sample): 0.59
2026-06-12 05:47:27,255 | INFO | epoch 2 val c-index history: [0.546, 0.586]
2026-06-12 05:47:27,257 | INFO | [TRAINING STEP]
2026-06-12 05:47:32,413 | INFO | [epoch 2 | train | batch 0 start] allocated=2364.0MB | reserved=14190.0MB | peak=12408.0MB
2026-06-12 05:47:33,755 | INFO |     task_logits from  -0.609375 to 0.07666015625
2026-06-12 05:47:56,496 | INFO | [epoch 2 | train | batch 10 start] allocated=2364.0MB | reserved=14190.0MB | peak=12408.0MB
2026-06-12 05:48:20,361 | INFO | [epoch 2 | train | batch 20 start] allocated=2364.0MB | reserved=14190.0MB | peak=12408.0MB
2026-06-12 05:48:46,088 | INFO | [epoch 2 | train | batch 30 start] allocated=2364.0MB | reserved=14190.0MB | peak=12408.0MB
2026-06-12 05:49:10,787 | INFO | [epoch 2 | train | batch 40 start] allocated=2364.0MB | reserved=14190.0MB | peak=12408.0MB
2026-06-12 05:49:37,111 | INFO | [epoch 2 | train | batch 50 start] allocated=2364.0MB | reserved=14190.0MB | peak=12408.0MB
2026-06-12 05:50:01,583 | INFO | [epoch 2 | train | batch 60 start] allocated=2364.0MB | reserved=14190.0MB | peak=12408.0MB
2026-06-12 05:50:26,540 | INFO | [epoch 2 | train | batch 70 start] allocated=2364.0MB | reserved=14190.0MB | peak=12408.0MB
2026-06-12 05:50:49,802 | INFO | [epoch 2 | train | batch 80 start] allocated=2364.0MB | reserved=14190.0MB | peak=12408.0MB
2026-06-12 05:51:14,317 | INFO | [epoch 2 | train | batch 90 start] allocated=2364.0MB | reserved=14190.0MB | peak=12408.0MB
2026-06-12 05:51:17,718 | INFO | epoch 2 train total loss: 0.89
2026-06-12 05:51:17,718 | INFO | epoch 2 train concept loss: 0.77
2026-06-12 05:51:17,718 | INFO | epoch 2 train task loss: 0.12
2026-06-12 05:51:17,718 | INFO | epoch 2 train total loss history: [1.0549999475479126, 0.8889999985694885]
2026-06-12 05:51:17,718 | INFO | epoch 2 train concept loss history: [0.9129999876022339, 0.7730000019073486]
2026-06-12 05:51:17,718 | INFO | epoch 2 train task loss history: [0.1420000046491623, 0.11599999666213989]
2026-06-12 05:51:17,718 | INFO | epoch 2 complete
2026-06-12 05:51:17,718 | INFO | ======== starting epoch 3 ========
2026-06-12 05:51:17,718 | INFO | epoch 3 LR at start of epoch: 0.000905
2026-06-12 05:51:17,718 | INFO | [VALIDATION STEP]
2026-06-12 05:51:27,624 | INFO | [epoch 3 | val | batch 0 start] allocated=2952.0MB | reserved=14190.0MB | peak=12408.0MB
2026-06-12 05:53:04,194 | INFO | [epoch 3 | val | batch 10 start] allocated=2952.0MB | reserved=14190.0MB | peak=12408.0MB
2026-06-12 05:54:40,742 | INFO | [epoch 3 | val | batch 20 start] allocated=2952.0MB | reserved=14190.0MB | peak=12408.0MB
2026-06-12 05:55:06,188 | INFO | epoch 3 val loss (mean of batches): 1.04
2026-06-12 05:55:06,188 | INFO | epoch 3 val loss history: [1.4450000524520874, 1.0460000038146973, 1.0449999570846558]
2026-06-12 05:55:06,188 | INFO | epoch 3 val c-index (total sample): 0.56
2026-06-12 05:55:06,188 | INFO | epoch 3 val c-index history: [0.546, 0.586, 0.56]
2026-06-12 05:55:06,190 | INFO | [TRAINING STEP]
2026-06-12 05:55:11,340 | INFO | [epoch 3 | train | batch 0 start] allocated=2364.0MB | reserved=14190.0MB | peak=12408.0MB
2026-06-12 05:55:12,670 | INFO |     task_logits from  -1.2109375 to 1.40625
2026-06-12 05:55:35,943 | INFO | [epoch 3 | train | batch 10 start] allocated=2364.0MB | reserved=14190.0MB | peak=12408.0MB
2026-06-12 05:56:01,155 | INFO | [epoch 3 | train | batch 20 start] allocated=2364.0MB | reserved=14190.0MB | peak=12408.0MB
2026-06-12 05:56:26,788 | INFO | [epoch 3 | train | batch 30 start] allocated=2364.0MB | reserved=14190.0MB | peak=12408.0MB
2026-06-12 05:56:51,357 | INFO | [epoch 3 | train | batch 40 start] allocated=2364.0MB | reserved=14190.0MB | peak=12408.0MB
2026-06-12 05:57:17,068 | INFO | [epoch 3 | train | batch 50 start] allocated=2364.0MB | reserved=14190.0MB | peak=12408.0MB
2026-06-12 05:57:42,680 | INFO | [epoch 3 | train | batch 60 start] allocated=2364.0MB | reserved=14190.0MB | peak=12408.0MB
2026-06-12 05:58:08,318 | INFO | [epoch 3 | train | batch 70 start] allocated=2364.0MB | reserved=14190.0MB | peak=12408.0MB
2026-06-12 05:58:32,550 | INFO | [epoch 3 | train | batch 80 start] allocated=2364.0MB | reserved=14190.0MB | peak=12408.0MB
2026-06-12 05:58:56,442 | INFO | [epoch 3 | train | batch 90 start] allocated=2364.0MB | reserved=14190.0MB | peak=12408.0MB
2026-06-12 05:58:59,583 | INFO | epoch 3 train total loss: 0.80
2026-06-12 05:58:59,583 | INFO | epoch 3 train concept loss: 0.70
2026-06-12 05:58:59,583 | INFO | epoch 3 train task loss: 0.10
2026-06-12 05:58:59,583 | INFO | epoch 3 train total loss history: [1.0549999475479126, 0.8889999985694885, 0.8029999732971191]
2026-06-12 05:58:59,583 | INFO | epoch 3 train concept loss history: [0.9129999876022339, 0.7730000019073486, 0.6980000138282776]
2026-06-12 05:58:59,583 | INFO | epoch 3 train task loss history: [0.1420000046491623, 0.11599999666213989, 0.10499999672174454]
2026-06-12 05:58:59,583 | INFO | epoch 3 complete
2026-06-12 05:58:59,583 | INFO | ======== starting epoch 4 ========
2026-06-12 05:58:59,583 | INFO | epoch 4 LR at start of epoch: 0.000794
2026-06-12 05:58:59,583 | INFO | [VALIDATION STEP]
2026-06-12 05:59:09,698 | INFO | [epoch 4 | val | batch 0 start] allocated=2952.0MB | reserved=14190.0MB | peak=12408.0MB
2026-06-12 06:00:46,090 | INFO | [epoch 4 | val | batch 10 start] allocated=2952.0MB | reserved=14190.0MB | peak=12408.0MB
2026-06-12 06:02:22,878 | INFO | [epoch 4 | val | batch 20 start] allocated=2952.0MB | reserved=14190.0MB | peak=12408.0MB
2026-06-12 06:02:48,250 | INFO | epoch 4 val loss (mean of batches): 1.04
2026-06-12 06:02:48,250 | INFO | epoch 4 val loss history: [1.4450000524520874, 1.0460000038146973, 1.0449999570846558, 1.0379999876022339]
2026-06-12 06:02:48,250 | INFO | epoch 4 val c-index (total sample): 0.62
2026-06-12 06:02:48,250 | INFO | epoch 4 val c-index history: [0.546, 0.586, 0.56, 0.618]
2026-06-12 06:02:48,252 | INFO | [TRAINING STEP]
2026-06-12 06:02:52,787 | INFO | [epoch 4 | train | batch 0 start] allocated=2364.0MB | reserved=14190.0MB | peak=12408.0MB
2026-06-12 06:02:54,127 | INFO |     task_logits from  -1.3671875 to 2.203125
2026-06-12 06:03:17,511 | INFO | [epoch 4 | train | batch 10 start] allocated=2364.0MB | reserved=14190.0MB | peak=12408.0MB
2026-06-12 06:03:43,428 | INFO | [epoch 4 | train | batch 20 start] allocated=2364.0MB | reserved=14190.0MB | peak=12408.0MB
2026-06-12 06:04:08,763 | INFO | [epoch 4 | train | batch 30 start] allocated=2364.0MB | reserved=14190.0MB | peak=12408.0MB
2026-06-12 06:04:34,201 | INFO | [epoch 4 | train | batch 40 start] allocated=2364.0MB | reserved=14190.0MB | peak=12408.0MB
2026-06-12 06:04:58,974 | INFO | [epoch 4 | train | batch 50 start] allocated=2364.0MB | reserved=14190.0MB | peak=12408.0MB
2026-06-12 06:05:23,319 | INFO | [epoch 4 | train | batch 60 start] allocated=2364.0MB | reserved=14190.0MB | peak=12408.0MB
2026-06-12 06:05:47,780 | INFO | [epoch 4 | train | batch 70 start] allocated=2364.0MB | reserved=14190.0MB | peak=12408.0MB
2026-06-12 06:06:13,088 | INFO | [epoch 4 | train | batch 80 start] allocated=2364.0MB | reserved=14190.0MB | peak=12408.0MB
2026-06-12 06:06:37,175 | INFO | [epoch 4 | train | batch 90 start] allocated=2364.0MB | reserved=14190.0MB | peak=12408.0MB
2026-06-12 06:06:41,129 | INFO | epoch 4 train total loss: 0.73
2026-06-12 06:06:41,129 | INFO | epoch 4 train concept loss: 0.64
2026-06-12 06:06:41,129 | INFO | epoch 4 train task loss: 0.09
2026-06-12 06:06:41,129 | INFO | epoch 4 train total loss history: [1.0549999475479126, 0.8889999985694885, 0.8029999732971191, 0.7279999852180481]
2026-06-12 06:06:41,129 | INFO | epoch 4 train concept loss history: [0.9129999876022339, 0.7730000019073486, 0.6980000138282776, 0.6370000243186951]
2026-06-12 06:06:41,129 | INFO | epoch 4 train task loss history: [0.1420000046491623, 0.11599999666213989, 0.10499999672174454, 0.09099999815225601]
2026-06-12 06:06:41,130 | INFO | epoch 4 complete
2026-06-12 06:06:41,130 | INFO | ======== starting epoch 5 ========
2026-06-12 06:06:41,130 | INFO | epoch 5 LR at start of epoch: 0.000655
2026-06-12 06:06:41,130 | INFO | [VALIDATION STEP]
2026-06-12 06:06:50,916 | INFO | [epoch 5 | val | batch 0 start] allocated=2952.0MB | reserved=14190.0MB | peak=12408.0MB
2026-06-12 06:08:27,247 | INFO | [epoch 5 | val | batch 10 start] allocated=2952.0MB | reserved=14190.0MB | peak=12408.0MB
2026-06-12 06:10:04,576 | INFO | [epoch 5 | val | batch 20 start] allocated=2952.0MB | reserved=14190.0MB | peak=12408.0MB
2026-06-12 06:10:30,522 | INFO | epoch 5 val loss (mean of batches): 1.09
2026-06-12 06:10:30,522 | INFO | epoch 5 val loss history: [1.4450000524520874, 1.0460000038146973, 1.0449999570846558, 1.0379999876022339, 1.093000054359436]
2026-06-12 06:10:30,522 | INFO | epoch 5 val c-index (total sample): 0.58
2026-06-12 06:10:30,522 | INFO | epoch 5 val c-index history: [0.546, 0.586, 0.56, 0.618, 0.582]
2026-06-12 06:10:30,525 | INFO | [TRAINING STEP]
2026-06-12 06:10:35,731 | INFO | [epoch 5 | train | batch 0 start] allocated=2364.0MB | reserved=14190.0MB | peak=12408.0MB
2026-06-12 06:10:37,078 | INFO |     task_logits from  -1.8671875 to 1.9375
2026-06-12 06:11:00,417 | INFO | [epoch 5 | train | batch 10 start] allocated=2364.0MB | reserved=14190.0MB | peak=12408.0MB
2026-06-12 06:11:25,710 | INFO | [epoch 5 | train | batch 20 start] allocated=2364.0MB | reserved=14190.0MB | peak=12408.0MB
2026-06-12 06:11:56,711 | INFO | [epoch 5 | train | batch 30 start] allocated=2364.0MB | reserved=14190.0MB | peak=12408.0MB
2026-06-12 06:12:20,984 | INFO | [epoch 5 | train | batch 40 start] allocated=2364.0MB | reserved=14190.0MB | peak=12408.0MB
2026-06-12 06:12:45,834 | INFO | [epoch 5 | train | batch 50 start] allocated=2364.0MB | reserved=14190.0MB | peak=12408.0MB
2026-06-12 06:13:10,288 | INFO | [epoch 5 | train | batch 60 start] allocated=2364.0MB | reserved=14190.0MB | peak=12408.0MB
2026-06-12 06:13:35,458 | INFO | [epoch 5 | train | batch 70 start] allocated=2364.0MB | reserved=14190.0MB | peak=12408.0MB
2026-06-12 06:13:59,722 | INFO | [epoch 5 | train | batch 80 start] allocated=2364.0MB | reserved=14190.0MB | peak=12408.0MB
2026-06-12 06:14:24,194 | INFO | [epoch 5 | train | batch 90 start] allocated=2364.0MB | reserved=14190.0MB | peak=12408.0MB
2026-06-12 06:14:28,284 | INFO | epoch 5 train total loss: 0.68
2026-06-12 06:14:28,284 | INFO | epoch 5 train concept loss: 0.57
2026-06-12 06:14:28,284 | INFO | epoch 5 train task loss: 0.10
2026-06-12 06:14:28,284 | INFO | epoch 5 train total loss history: [1.0549999475479126, 0.8889999985694885, 0.8029999732971191, 0.7279999852180481, 0.6800000071525574]
2026-06-12 06:14:28,284 | INFO | epoch 5 train concept loss history: [0.9129999876022339, 0.7730000019073486, 0.6980000138282776, 0.6370000243186951, 0.574999988079071]
2026-06-12 06:14:28,284 | INFO | epoch 5 train task loss history: [0.1420000046491623, 0.11599999666213989, 0.10499999672174454, 0.09099999815225601, 0.10499999672174454]
2026-06-12 06:14:28,284 | INFO | epoch 5 complete
2026-06-12 06:14:28,284 | INFO | ======== starting epoch 6 ========
2026-06-12 06:14:28,284 | INFO | epoch 6 LR at start of epoch: 0.000500
2026-06-12 06:14:28,284 | INFO | [VALIDATION STEP]
2026-06-12 06:14:37,867 | INFO | [epoch 6 | val | batch 0 start] allocated=2952.0MB | reserved=14190.0MB | peak=12408.0MB
2026-06-12 06:16:14,420 | INFO | [epoch 6 | val | batch 10 start] allocated=2952.0MB | reserved=14190.0MB | peak=12408.0MB
2026-06-12 06:17:51,190 | INFO | [epoch 6 | val | batch 20 start] allocated=2952.0MB | reserved=14190.0MB | peak=12408.0MB
2026-06-12 06:18:16,556 | INFO | epoch 6 val loss (mean of batches): 1.13
2026-06-12 06:18:16,556 | INFO | epoch 6 val loss history: [1.4450000524520874, 1.0460000038146973, 1.0449999570846558, 1.0379999876022339, 1.093000054359436, 1.1269999742507935]
2026-06-12 06:18:16,556 | INFO | epoch 6 val c-index (total sample): 0.56
2026-06-12 06:18:16,556 | INFO | epoch 6 val c-index history: [0.546, 0.586, 0.56, 0.618, 0.582, 0.565]
2026-06-12 06:18:16,558 | INFO | [TRAINING STEP]
2026-06-12 06:18:21,190 | INFO | [epoch 6 | train | batch 0 start] allocated=2364.0MB | reserved=14190.0MB | peak=12408.0MB
2026-06-12 06:18:22,527 | INFO |     task_logits from  -2.375 to 0.25390625
2026-06-12 06:18:45,518 | INFO | [epoch 6 | train | batch 10 start] allocated=2364.0MB | reserved=14190.0MB | peak=12408.0MB
2026-06-12 06:19:11,535 | INFO | [epoch 6 | train | batch 20 start] allocated=2364.0MB | reserved=14190.0MB | peak=12408.0MB
2026-06-12 06:19:37,559 | INFO | [epoch 6 | train | batch 30 start] allocated=2364.0MB | reserved=14190.0MB | peak=12408.0MB
2026-06-12 06:20:02,965 | INFO | [epoch 6 | train | batch 40 start] allocated=2364.0MB | reserved=14190.0MB | peak=12408.0MB
2026-06-12 06:20:29,113 | INFO | [epoch 6 | train | batch 50 start] allocated=2364.0MB | reserved=14190.0MB | peak=12408.0MB
2026-06-12 06:20:54,754 | INFO | [epoch 6 | train | batch 60 start] allocated=2364.0MB | reserved=14190.0MB | peak=12408.0MB
2026-06-12 06:21:21,357 | INFO | [epoch 6 | train | batch 70 start] allocated=2364.0MB | reserved=14190.0MB | peak=12408.0MB
2026-06-12 06:21:47,099 | INFO | [epoch 6 | train | batch 80 start] allocated=2364.0MB | reserved=14190.0MB | peak=12408.0MB
2026-06-12 06:22:12,129 | INFO | [epoch 6 | train | batch 90 start] allocated=2364.0MB | reserved=14190.0MB | peak=12408.0MB
2026-06-12 06:22:15,145 | INFO | epoch 6 train total loss: 0.60
2026-06-12 06:22:15,145 | INFO | epoch 6 train concept loss: 0.53
2026-06-12 06:22:15,145 | INFO | epoch 6 train task loss: 0.08
2026-06-12 06:22:15,145 | INFO | epoch 6 train total loss history: [1.0549999475479126, 0.8889999985694885, 0.8029999732971191, 0.7279999852180481, 0.6800000071525574, 0.6029999852180481]
2026-06-12 06:22:15,145 | INFO | epoch 6 train concept loss history: [0.9129999876022339, 0.7730000019073486, 0.6980000138282776, 0.6370000243186951, 0.574999988079071, 0.527999997138977]
2026-06-12 06:22:15,145 | INFO | epoch 6 train task loss history: [0.1420000046491623, 0.11599999666213989, 0.10499999672174454, 0.09099999815225601, 0.10499999672174454, 0.07500000298023224]
2026-06-12 06:22:15,145 | INFO | epoch 6 complete
2026-06-12 06:22:15,145 | INFO | ======== starting epoch 7 ========
2026-06-12 06:22:15,145 | INFO | epoch 7 LR at start of epoch: 0.000345
2026-06-12 06:22:15,145 | INFO | [VALIDATION STEP]
2026-06-12 06:22:25,320 | INFO | [epoch 7 | val | batch 0 start] allocated=2952.0MB | reserved=14190.0MB | peak=12408.0MB
2026-06-12 06:24:01,973 | INFO | [epoch 7 | val | batch 10 start] allocated=2952.0MB | reserved=14190.0MB | peak=12408.0MB
2026-06-12 06:25:38,544 | INFO | [epoch 7 | val | batch 20 start] allocated=2952.0MB | reserved=14190.0MB | peak=12408.0MB
2026-06-12 06:26:03,896 | INFO | epoch 7 val loss (mean of batches): 1.06
2026-06-12 06:26:03,896 | INFO | epoch 7 val loss history: [1.4450000524520874, 1.0460000038146973, 1.0449999570846558, 1.0379999876022339, 1.093000054359436, 1.1269999742507935, 1.0609999895095825]
2026-06-12 06:26:03,896 | INFO | epoch 7 val c-index (total sample): 0.58
2026-06-12 06:26:03,896 | INFO | epoch 7 val c-index history: [0.546, 0.586, 0.56, 0.618, 0.582, 0.565, 0.576]
2026-06-12 06:26:03,898 | INFO | [TRAINING STEP]
2026-06-12 06:26:09,277 | INFO | [epoch 7 | train | batch 0 start] allocated=2364.0MB | reserved=14190.0MB | peak=12408.0MB
2026-06-12 06:26:10,627 | INFO |     task_logits from  -2.015625 to 1.3671875
2026-06-12 06:26:35,561 | INFO | [epoch 7 | train | batch 10 start] allocated=2364.0MB | reserved=14190.0MB | peak=12408.0MB
2026-06-12 06:27:01,483 | INFO | [epoch 7 | train | batch 20 start] allocated=2364.0MB | reserved=14190.0MB | peak=12408.0MB
2026-06-12 06:27:26,586 | INFO | [epoch 7 | train | batch 30 start] allocated=2364.0MB | reserved=14190.0MB | peak=12408.0MB
2026-06-12 06:27:51,556 | INFO | [epoch 7 | train | batch 40 start] allocated=2364.0MB | reserved=14190.0MB | peak=12408.0MB
2026-06-12 06:28:17,224 | INFO | [epoch 7 | train | batch 50 start] allocated=2364.0MB | reserved=14190.0MB | peak=12408.0MB
2026-06-12 06:28:44,399 | INFO | [epoch 7 | train | batch 60 start] allocated=2364.0MB | reserved=14190.0MB | peak=12408.0MB
2026-06-12 06:29:11,014 | INFO | [epoch 7 | train | batch 70 start] allocated=2364.0MB | reserved=14190.0MB | peak=12408.0MB
2026-06-12 06:29:39,206 | INFO | [epoch 7 | train | batch 80 start] allocated=2364.0MB | reserved=14190.0MB | peak=12408.0MB
2026-06-12 06:30:05,740 | INFO | [epoch 7 | train | batch 90 start] allocated=2364.0MB | reserved=14190.0MB | peak=12408.0MB
2026-06-12 06:30:08,392 | INFO | epoch 7 train total loss: 0.56
2026-06-12 06:30:08,392 | INFO | epoch 7 train concept loss: 0.50
2026-06-12 06:30:08,392 | INFO | epoch 7 train task loss: 0.06
2026-06-12 06:30:08,392 | INFO | epoch 7 train total loss history: [1.0549999475479126, 0.8889999985694885, 0.8029999732971191, 0.7279999852180481, 0.6800000071525574, 0.6029999852180481, 0.5619999766349792]
2026-06-12 06:30:08,392 | INFO | epoch 7 train concept loss history: [0.9129999876022339, 0.7730000019073486, 0.6980000138282776, 0.6370000243186951, 0.574999988079071, 0.527999997138977, 0.5009999871253967]
2026-06-12 06:30:08,392 | INFO | epoch 7 train task loss history: [0.1420000046491623, 0.11599999666213989, 0.10499999672174454, 0.09099999815225601, 0.10499999672174454, 0.07500000298023224, 0.06199999898672104]
2026-06-12 06:30:08,392 | INFO | epoch 7 complete
2026-06-12 06:30:08,392 | INFO | ======== starting epoch 8 ========
2026-06-12 06:30:08,392 | INFO | epoch 8 LR at start of epoch: 0.000206
2026-06-12 06:30:08,392 | INFO | [VALIDATION STEP]
2026-06-12 06:30:17,918 | INFO | [epoch 8 | val | batch 0 start] allocated=2952.0MB | reserved=14190.0MB | peak=12408.0MB
2026-06-12 06:31:54,411 | INFO | [epoch 8 | val | batch 10 start] allocated=2952.0MB | reserved=14190.0MB | peak=12408.0MB
2026-06-12 06:33:31,217 | INFO | [epoch 8 | val | batch 20 start] allocated=2952.0MB | reserved=14190.0MB | peak=12408.0MB
2026-06-12 06:33:56,546 | INFO | epoch 8 val loss (mean of batches): 1.09
2026-06-12 06:33:56,546 | INFO | epoch 8 val loss history: [1.4450000524520874, 1.0460000038146973, 1.0449999570846558, 1.0379999876022339, 1.093000054359436, 1.1269999742507935, 1.0609999895095825, 1.0920000076293945]
2026-06-12 06:33:56,546 | INFO | epoch 8 val c-index (total sample): 0.62
2026-06-12 06:33:56,546 | INFO | epoch 8 val c-index history: [0.546, 0.586, 0.56, 0.618, 0.582, 0.565, 0.576, 0.616]
2026-06-12 06:33:56,548 | INFO | [TRAINING STEP]
2026-06-12 06:34:01,836 | INFO | [epoch 8 | train | batch 0 start] allocated=2364.0MB | reserved=14190.0MB | peak=12408.0MB
2026-06-12 06:34:03,175 | INFO |     task_logits from  -1.34375 to 2.765625
2026-06-12 06:34:27,720 | INFO | [epoch 8 | train | batch 10 start] allocated=2364.0MB | reserved=14190.0MB | peak=12408.0MB
2026-06-12 06:34:54,011 | INFO | [epoch 8 | train | batch 20 start] allocated=2364.0MB | reserved=14190.0MB | peak=12408.0MB
2026-06-12 06:35:19,342 | INFO | [epoch 8 | train | batch 30 start] allocated=2364.0MB | reserved=14190.0MB | peak=12408.0MB
2026-06-12 06:35:45,017 | INFO | [epoch 8 | train | batch 40 start] allocated=2364.0MB | reserved=14190.0MB | peak=12408.0MB
2026-06-12 06:36:11,678 | INFO | [epoch 8 | train | batch 50 start] allocated=2364.0MB | reserved=14190.0MB | peak=12408.0MB
2026-06-12 06:36:35,710 | INFO | [epoch 8 | train | batch 60 start] allocated=2364.0MB | reserved=14190.0MB | peak=12408.0MB
2026-06-12 06:37:00,494 | INFO | [epoch 8 | train | batch 70 start] allocated=2364.0MB | reserved=14190.0MB | peak=12408.0MB
2026-06-12 06:37:26,112 | INFO | [epoch 8 | train | batch 80 start] allocated=2364.0MB | reserved=14190.0MB | peak=12408.0MB
2026-06-12 06:37:52,940 | INFO | [epoch 8 | train | batch 90 start] allocated=2364.0MB | reserved=14190.0MB | peak=12408.0MB
2026-06-12 06:37:55,594 | INFO | epoch 8 train total loss: 0.54
2026-06-12 06:37:55,594 | INFO | epoch 8 train concept loss: 0.46
2026-06-12 06:37:55,594 | INFO | epoch 8 train task loss: 0.07
2026-06-12 06:37:55,594 | INFO | epoch 8 train total loss history: [1.0549999475479126, 0.8889999985694885, 0.8029999732971191, 0.7279999852180481, 0.6800000071525574, 0.6029999852180481, 0.5619999766349792, 0.5350000262260437]
2026-06-12 06:37:55,594 | INFO | epoch 8 train concept loss history: [0.9129999876022339, 0.7730000019073486, 0.6980000138282776, 0.6370000243186951, 0.574999988079071, 0.527999997138977, 0.5009999871253967, 0.46299999952316284]
2026-06-12 06:37:55,594 | INFO | epoch 8 train task loss history: [0.1420000046491623, 0.11599999666213989, 0.10499999672174454, 0.09099999815225601, 0.10499999672174454, 0.07500000298023224, 0.06199999898672104, 0.07199999690055847]
2026-06-12 06:37:55,594 | INFO | epoch 8 complete
2026-06-12 06:37:55,594 | INFO | ======== starting epoch 9 ========
2026-06-12 06:37:55,594 | INFO | epoch 9 LR at start of epoch: 0.000095
2026-06-12 06:37:55,594 | INFO | [VALIDATION STEP]
2026-06-12 06:38:05,908 | INFO | [epoch 9 | val | batch 0 start] allocated=2952.0MB | reserved=14190.0MB | peak=12408.0MB
2026-06-12 06:39:42,461 | INFO | [epoch 9 | val | batch 10 start] allocated=2952.0MB | reserved=14190.0MB | peak=12408.0MB
2026-06-12 06:41:18,909 | INFO | [epoch 9 | val | batch 20 start] allocated=2952.0MB | reserved=14190.0MB | peak=12408.0MB
2026-06-12 06:41:44,198 | INFO | epoch 9 val loss (mean of batches): 1.13
2026-06-12 06:41:44,198 | INFO | epoch 9 val loss history: [1.4450000524520874, 1.0460000038146973, 1.0449999570846558, 1.0379999876022339, 1.093000054359436, 1.1269999742507935, 1.0609999895095825, 1.0920000076293945, 1.1349999904632568]
2026-06-12 06:41:44,198 | INFO | epoch 9 val c-index (total sample): 0.58
2026-06-12 06:41:44,198 | INFO | epoch 9 val c-index history: [0.546, 0.586, 0.56, 0.618, 0.582, 0.565, 0.576, 0.616, 0.576]
2026-06-12 06:41:44,200 | INFO | [TRAINING STEP]
2026-06-12 06:41:49,589 | INFO | [epoch 9 | train | batch 0 start] allocated=2364.0MB | reserved=14190.0MB | peak=12408.0MB
2026-06-12 06:41:50,931 | INFO |     task_logits from  -1.6953125 to 2.4375
2026-06-12 06:42:16,478 | INFO | [epoch 9 | train | batch 10 start] allocated=2364.0MB | reserved=14190.0MB | peak=12408.0MB
2026-06-12 06:42:43,778 | INFO | [epoch 9 | train | batch 20 start] allocated=2364.0MB | reserved=14190.0MB | peak=12408.0MB
2026-06-12 06:43:11,549 | INFO | [epoch 9 | train | batch 30 start] allocated=2364.0MB | reserved=14190.0MB | peak=12408.0MB
2026-06-12 06:43:37,313 | INFO | [epoch 9 | train | batch 40 start] allocated=2364.0MB | reserved=14190.0MB | peak=12408.0MB
2026-06-12 06:44:03,262 | INFO | [epoch 9 | train | batch 50 start] allocated=2364.0MB | reserved=14190.0MB | peak=12408.0MB
2026-06-12 06:44:29,315 | INFO | [epoch 9 | train | batch 60 start] allocated=2364.0MB | reserved=14190.0MB | peak=12408.0MB
2026-06-12 06:44:54,531 | INFO | [epoch 9 | train | batch 70 start] allocated=2364.0MB | reserved=14190.0MB | peak=12408.0MB
2026-06-12 06:45:20,334 | INFO | [epoch 9 | train | batch 80 start] allocated=2364.0MB | reserved=14190.0MB | peak=12408.0MB
2026-06-12 06:45:45,688 | INFO | [epoch 9 | train | batch 90 start] allocated=2364.0MB | reserved=14190.0MB | peak=12408.0MB
2026-06-12 06:45:48,523 | INFO | epoch 9 train total loss: 0.48
2026-06-12 06:45:48,523 | INFO | epoch 9 train concept loss: 0.44
2026-06-12 06:45:48,523 | INFO | epoch 9 train task loss: 0.05
2026-06-12 06:45:48,523 | INFO | epoch 9 train total loss history: [1.0549999475479126, 0.8889999985694885, 0.8029999732971191, 0.7279999852180481, 0.6800000071525574, 0.6029999852180481, 0.5619999766349792, 0.5350000262260437, 0.48399999737739563]
2026-06-12 06:45:48,523 | INFO | epoch 9 train concept loss history: [0.9129999876022339, 0.7730000019073486, 0.6980000138282776, 0.6370000243186951, 0.574999988079071, 0.527999997138977, 0.5009999871253967, 0.46299999952316284, 0.4359999895095825]
2026-06-12 06:45:48,523 | INFO | epoch 9 train task loss history: [0.1420000046491623, 0.11599999666213989, 0.10499999672174454, 0.09099999815225601, 0.10499999672174454, 0.07500000298023224, 0.06199999898672104, 0.07199999690055847, 0.04800000041723251]
2026-06-12 06:45:48,523 | INFO | epoch 9 complete
2026-06-12 06:45:48,523 | INFO | ======== starting epoch 10 ========
2026-06-12 06:45:48,523 | INFO | epoch 10 LR at start of epoch: 0.000024
2026-06-12 06:45:48,523 | INFO | [VALIDATION STEP]
2026-06-12 06:45:58,193 | INFO | [epoch 10 | val | batch 0 start] allocated=2952.0MB | reserved=14190.0MB | peak=12408.0MB
2026-06-12 06:47:34,717 | INFO | [epoch 10 | val | batch 10 start] allocated=2952.0MB | reserved=14190.0MB | peak=12408.0MB
2026-06-12 06:49:11,305 | INFO | [epoch 10 | val | batch 20 start] allocated=2952.0MB | reserved=14190.0MB | peak=12408.0MB
2026-06-12 06:49:36,735 | INFO | epoch 10 val loss (mean of batches): 1.11
2026-06-12 06:49:36,735 | INFO | epoch 10 val loss history: [1.4450000524520874, 1.0460000038146973, 1.0449999570846558, 1.0379999876022339, 1.093000054359436, 1.1269999742507935, 1.0609999895095825, 1.0920000076293945, 1.1349999904632568, 1.1139999628067017]
2026-06-12 06:49:36,735 | INFO | epoch 10 val c-index (total sample): 0.58
2026-06-12 06:49:36,735 | INFO | epoch 10 val c-index history: [0.546, 0.586, 0.56, 0.618, 0.582, 0.565, 0.576, 0.616, 0.576, 0.579]
2026-06-12 06:49:36,737 | INFO | [TRAINING STEP]
2026-06-12 06:49:42,211 | INFO | [epoch 10 | train | batch 0 start] allocated=2364.0MB | reserved=14190.0MB | peak=12408.0MB
2026-06-12 06:49:43,552 | INFO |     task_logits from  -0.92578125 to 2.546875
2026-06-12 06:50:09,160 | INFO | [epoch 10 | train | batch 10 start] allocated=2364.0MB | reserved=14190.0MB | peak=12408.0MB
2026-06-12 06:50:35,963 | INFO | [epoch 10 | train | batch 20 start] allocated=2364.0MB | reserved=14190.0MB | peak=12408.0MB
2026-06-12 06:51:01,994 | INFO | [epoch 10 | train | batch 30 start] allocated=2364.0MB | reserved=14190.0MB | peak=12408.0MB
2026-06-12 06:51:28,000 | INFO | [epoch 10 | train | batch 40 start] allocated=2364.0MB | reserved=14190.0MB | peak=12408.0MB
2026-06-12 06:51:55,238 | INFO | [epoch 10 | train | batch 50 start] allocated=2364.0MB | reserved=14190.0MB | peak=12408.0MB
2026-06-12 06:52:21,465 | INFO | [epoch 10 | train | batch 60 start] allocated=2364.0MB | reserved=14190.0MB | peak=12408.0MB
2026-06-12 06:52:47,718 | INFO | [epoch 10 | train | batch 70 start] allocated=2364.0MB | reserved=14190.0MB | peak=12408.0MB
2026-06-12 06:53:13,501 | INFO | [epoch 10 | train | batch 80 start] allocated=2364.0MB | reserved=14190.0MB | peak=12408.0MB
2026-06-12 06:53:39,035 | INFO | [epoch 10 | train | batch 90 start] allocated=2364.0MB | reserved=14190.0MB | peak=12408.0MB
2026-06-12 06:53:41,671 | INFO | epoch 10 train total loss: 0.48
2026-06-12 06:53:41,671 | INFO | epoch 10 train concept loss: 0.42
2026-06-12 06:53:41,671 | INFO | epoch 10 train task loss: 0.06
2026-06-12 06:53:41,671 | INFO | epoch 10 train total loss history: [1.0549999475479126, 0.8889999985694885, 0.8029999732971191, 0.7279999852180481, 0.6800000071525574, 0.6029999852180481, 0.5619999766349792, 0.5350000262260437, 0.48399999737739563, 0.4819999933242798]
2026-06-12 06:53:41,671 | INFO | epoch 10 train concept loss history: [0.9129999876022339, 0.7730000019073486, 0.6980000138282776, 0.6370000243186951, 0.574999988079071, 0.527999997138977, 0.5009999871253967, 0.46299999952316284, 0.4359999895095825, 0.4230000078678131]
2026-06-12 06:53:41,671 | INFO | epoch 10 train task loss history: [0.1420000046491623, 0.11599999666213989, 0.10499999672174454, 0.09099999815225601, 0.10499999672174454, 0.07500000298023224, 0.06199999898672104, 0.07199999690055847, 0.04800000041723251, 0.057999998331069946]
2026-06-12 06:53:41,672 | INFO | epoch 10 complete
2026-06-12 06:53:41,674 | INFO | training complete
2026-06-12 06:53:41,674 | INFO | predicting on the validation set
2026-06-12 06:54:48,928 | INFO |   starting batch 1 of validation
2026-06-12 06:54:53,712 | INFO |   starting batch 2 of validation
2026-06-12 06:54:58,472 | INFO |   starting batch 3 of validation
2026-06-12 06:55:03,275 | INFO |   starting batch 4 of validation
2026-06-12 06:55:08,092 | INFO |   starting batch 5 of validation
2026-06-12 06:55:12,837 | INFO |   starting batch 6 of validation
2026-06-12 06:55:17,591 | INFO |   starting batch 7 of validation
2026-06-12 06:55:22,406 | INFO |   starting batch 8 of validation
2026-06-12 06:55:27,230 | INFO |   starting batch 9 of validation
2026-06-12 06:55:32,067 | INFO |   starting batch 10 of validation
2026-06-12 06:55:36,909 | INFO |   starting batch 11 of validation
2026-06-12 06:55:41,746 | INFO |   starting batch 12 of validation
2026-06-12 06:55:46,587 | INFO |   starting batch 13 of validation
2026-06-12 06:55:51,422 | INFO |   starting batch 14 of validation
2026-06-12 06:55:56,239 | INFO |   starting batch 15 of validation
2026-06-12 06:56:01,079 | INFO |   starting batch 16 of validation
2026-06-12 06:56:05,919 | INFO |   starting batch 17 of validation
2026-06-12 06:56:10,755 | INFO |   starting batch 18 of validation
2026-06-12 06:56:15,596 | INFO |   starting batch 19 of validation
2026-06-12 06:56:20,433 | INFO |   starting batch 20 of validation
2026-06-12 06:56:25,270 | INFO |   starting batch 21 of validation
2026-06-12 06:56:30,108 | INFO |   starting batch 22 of validation
2026-06-12 06:56:34,947 | INFO |   starting batch 23 of validation
2026-06-12 06:56:39,785 | INFO |   starting batch 24 of validation
2026-06-12 06:56:40,388 | INFO | measuring performance
2026-06-12 06:56:40,388 | INFO | y_test: (185, 2)
2026-06-12 06:56:40,388 | INFO | y_probs: (185, 1)
2026-06-12 06:56:40,388 | INFO | c_test: (185, 3)
2026-06-12 06:56:40,388 | INFO | c_probs: (185, 10)
2026-06-12 06:56:40,403 | INFO | results: {'task': {'c_index': 0.5847766636280766}, 'concepts': {'concept_0': {'0': {'precision': 0.3888888888888889, 'recall': 0.18421052631578946, 'f1-score': 0.25, 'support': 38.0}, '1': {'precision': 0.5426356589147286, 'recall': 0.660377358490566, 'f1-score': 0.5957446808510638, 'support': 106.0}, '2': {'precision': 0.15789473684210525, 'recall': 0.15789473684210525, 'f1-score': 0.15789473684210525, 'support': 38.0}, '3': {'precision': nan, 'recall': 0.0, 'f1-score': 0.0, 'support': 3.0}, 'accuracy': 0.4486486486486487, 'macro avg': {'precision': 0.3631397615485743, 'recall': 0.2506206554121152, 'f1-score': 0.2509098544232923, 'support': 185.0}, 'weighted avg': {'precision': 0.4302041627623022, 'recall': 0.4486486486486487, 'f1-score': 0.42512938470385275, 'support': 185.0}, 'auc': {'ovo': 0.5947276230131768}}, 'concept_1': {'0': {'precision': 0.5648148148148148, 'recall': 0.8133333333333334, 'f1-score': 0.6666666666666666, 'support': 75.0}, '1': {'precision': 0.52, 'recall': 0.3880597014925373, 'f1-score': 0.4444444444444444, 'support': 67.0}, '2': {'precision': 0.5185185185185185, 'recall': 0.32558139534883723, 'f1-score': 0.4, 'support': 43.0}, 'accuracy': 0.5459459459459459, 'macro avg': {'precision': 0.5344444444444445, 'recall': 0.5089914767249026, 'f1-score': 0.5037037037037037, 'support': 185.0}, 'weighted avg': {'precision': 0.5378238238238239, 'recall': 0.5459459459459459, 'f1-score': 0.5242042042042042, 'support': 185.0}, 'auc': {'ovo': 0.66892128504763}}, 'concept_2': {'0': {'precision': 0.8742138364779874, 'recall': 0.9266666666666666, 'f1-score': 0.8996763754045307, 'support': 150.0}, '1': {'precision': 0.5384615384615384, 'recall': 0.42424242424242425, 'f1-score': 0.4745762711864407, 'support': 33.0}, '2': {'precision': nan, 'recall': 0.0, 'f1-score': 0.0, 'support': 2.0}, 'accuracy': 0.827027027027027, 'macro avg': {'precision': 0.7063376874697629, 'recall': 0.45030303030303026, 'f1-score': 0.4580842155303238, 'support': 185.0}, 'weighted avg': {'precision': 0.8136683401143656, 'recall': 0.827027027027027, 'f1-score': 0.8141214770801739, 'support': 185.0}, 'auc': {'ovo': 0.7501683501683502}}}}
2026-06-12 06:56:40,408 | INFO | training fold 4
2026-06-12 06:56:40,410 | INFO | train set size: 740
2026-06-12 06:56:40,410 | INFO | val set size: 184
2026-06-12 06:56:40,413 | INFO | cpu_count: 30
2026-06-12 06:56:40,413 | INFO | num_workers: 2
2026-06-12 06:56:40,525 | INFO | completed building dataloaders
2026-06-12 06:56:40,526 | INFO | training starts
2026-06-12 06:56:52,151 | INFO | model initialized
2026-06-12 06:56:52,212 | INFO | LR scheduler: <torch.optim.lr_scheduler.CosineAnnealingLR object at 0x7c3f7997f6d0>
2026-06-12 06:56:52,212 | INFO | Parameters by layer:
2026-06-12 06:56:52,212 | INFO | Total parameters: 304.4106M
2026-06-12 06:56:52,212 | INFO | Trainable parameters: 1.0599M
2026-06-12 06:56:52,212 | INFO | ======== starting epoch 1 ========
2026-06-12 06:56:52,212 | INFO | epoch 1 LR at start of epoch: 0.001000
2026-06-12 06:56:52,212 | INFO | [VALIDATION STEP]
2026-06-12 06:57:02,317 | INFO | [epoch 1 | val | batch 0 start] allocated=2939.9MB | reserved=14190.0MB | peak=12395.9MB
2026-06-12 06:58:38,771 | INFO | [epoch 1 | val | batch 10 start] allocated=2939.9MB | reserved=14190.0MB | peak=12395.9MB
2026-06-12 07:00:15,601 | INFO | [epoch 1 | val | batch 20 start] allocated=2939.9MB | reserved=14190.0MB | peak=12395.9MB
2026-06-12 07:00:39,774 | INFO | epoch 1 val loss (mean of batches): 1.48
2026-06-12 07:00:39,774 | INFO | epoch 1 val loss history: [1.4780000448226929]
2026-06-12 07:00:39,774 | INFO | epoch 1 val c-index (total sample): 0.49
2026-06-12 07:00:39,774 | INFO | epoch 1 val c-index history: [0.493]
2026-06-12 07:00:39,776 | INFO | [TRAINING STEP]
2026-06-12 07:00:45,392 | INFO | [epoch 1 | train | batch 0 start] allocated=2351.9MB | reserved=14190.0MB | peak=12395.9MB
2026-06-12 07:00:46,734 | INFO |     task_logits from  -0.06494140625 to 0.890625
2026-06-12 07:01:11,616 | INFO | [epoch 1 | train | batch 10 start] allocated=2364.0MB | reserved=14190.0MB | peak=12395.9MB
2026-06-12 07:01:36,906 | INFO | [epoch 1 | train | batch 20 start] allocated=2364.0MB | reserved=14190.0MB | peak=12395.9MB
2026-06-12 07:02:01,509 | INFO | [epoch 1 | train | batch 30 start] allocated=2364.0MB | reserved=14190.0MB | peak=12395.9MB
2026-06-12 07:02:29,023 | INFO | [epoch 1 | train | batch 40 start] allocated=2364.0MB | reserved=14190.0MB | peak=12395.9MB
2026-06-12 07:02:57,555 | INFO | [epoch 1 | train | batch 50 start] allocated=2364.0MB | reserved=14190.0MB | peak=12395.9MB
2026-06-12 07:03:24,776 | INFO | [epoch 1 | train | batch 60 start] allocated=2364.0MB | reserved=14190.0MB | peak=12395.9MB
2026-06-12 07:03:52,170 | INFO | [epoch 1 | train | batch 70 start] allocated=2364.0MB | reserved=14190.0MB | peak=12395.9MB
2026-06-12 07:04:18,629 | INFO | [epoch 1 | train | batch 80 start] allocated=2364.0MB | reserved=14190.0MB | peak=12395.9MB
2026-06-12 07:04:44,522 | INFO | [epoch 1 | train | batch 90 start] allocated=2364.0MB | reserved=14190.0MB | peak=12395.9MB
2026-06-12 07:04:47,182 | INFO | epoch 1 train total loss: 1.11
2026-06-12 07:04:47,182 | INFO | epoch 1 train concept loss: 0.94
2026-06-12 07:04:47,182 | INFO | epoch 1 train task loss: 0.16
2026-06-12 07:04:47,182 | INFO | epoch 1 train total loss history: [1.1069999933242798]
2026-06-12 07:04:47,182 | INFO | epoch 1 train concept loss history: [0.9440000057220459]
2026-06-12 07:04:47,182 | INFO | epoch 1 train task loss history: [0.16300000250339508]
2026-06-12 07:04:47,182 | INFO | epoch 1 complete
2026-06-12 07:04:47,182 | INFO | ======== starting epoch 2 ========
2026-06-12 07:04:47,182 | INFO | epoch 2 LR at start of epoch: 0.000976
2026-06-12 07:04:47,182 | INFO | [VALIDATION STEP]
2026-06-12 07:04:57,374 | INFO | [epoch 2 | val | batch 0 start] allocated=2952.0MB | reserved=14190.0MB | peak=12408.0MB
2026-06-12 07:06:33,782 | INFO | [epoch 2 | val | batch 10 start] allocated=2952.0MB | reserved=14190.0MB | peak=12408.0MB
2026-06-12 07:08:10,530 | INFO | [epoch 2 | val | batch 20 start] allocated=2952.0MB | reserved=14190.0MB | peak=12408.0MB
2026-06-12 07:08:34,683 | INFO | epoch 2 val loss (mean of batches): 0.95
2026-06-12 07:08:34,684 | INFO | epoch 2 val loss history: [1.4780000448226929, 0.9549999833106995]
2026-06-12 07:08:34,684 | INFO | epoch 2 val c-index (total sample): 0.47
2026-06-12 07:08:34,684 | INFO | epoch 2 val c-index history: [0.493, 0.469]
2026-06-12 07:08:34,686 | INFO | [TRAINING STEP]
2026-06-12 07:08:39,045 | INFO | [epoch 2 | train | batch 0 start] allocated=2364.0MB | reserved=14190.0MB | peak=12408.0MB
2026-06-12 07:08:40,396 | INFO |     task_logits from  0.0203857421875 to 1.34375
2026-06-12 07:09:05,773 | INFO | [epoch 2 | train | batch 10 start] allocated=2364.0MB | reserved=14190.0MB | peak=12408.0MB
2026-06-12 07:09:32,629 | INFO | [epoch 2 | train | batch 20 start] allocated=2364.0MB | reserved=14190.0MB | peak=12408.0MB
2026-06-12 07:09:59,333 | INFO | [epoch 2 | train | batch 30 start] allocated=2364.0MB | reserved=14190.0MB | peak=12408.0MB
2026-06-12 07:10:24,891 | INFO | [epoch 2 | train | batch 40 start] allocated=2364.0MB | reserved=14190.0MB | peak=12408.0MB
2026-06-12 07:10:51,221 | INFO | [epoch 2 | train | batch 50 start] allocated=2364.0MB | reserved=14190.0MB | peak=12408.0MB
2026-06-12 07:11:17,908 | INFO | [epoch 2 | train | batch 60 start] allocated=2364.0MB | reserved=14190.0MB | peak=12408.0MB
2026-06-12 07:11:55,529 | INFO | [epoch 2 | train | batch 70 start] allocated=2364.0MB | reserved=14190.0MB | peak=12408.0MB
2026-06-12 07:12:20,505 | INFO | [epoch 2 | train | batch 80 start] allocated=2364.0MB | reserved=14190.0MB | peak=12408.0MB
2026-06-12 07:12:46,649 | INFO | [epoch 2 | train | batch 90 start] allocated=2364.0MB | reserved=14190.0MB | peak=12408.0MB
2026-06-12 07:12:50,576 | INFO | epoch 2 train total loss: 0.95
2026-06-12 07:12:50,576 | INFO | epoch 2 train concept loss: 0.80
2026-06-12 07:12:50,576 | INFO | epoch 2 train task loss: 0.15
2026-06-12 07:12:50,576 | INFO | epoch 2 train total loss history: [1.1069999933242798, 0.9509999752044678]
2026-06-12 07:12:50,576 | INFO | epoch 2 train concept loss history: [0.9440000057220459, 0.8019999861717224]
2026-06-12 07:12:50,576 | INFO | epoch 2 train task loss history: [0.16300000250339508, 0.14900000393390656]
2026-06-12 07:12:50,576 | INFO | epoch 2 complete
2026-06-12 07:12:50,576 | INFO | ======== starting epoch 3 ========
2026-06-12 07:12:50,576 | INFO | epoch 3 LR at start of epoch: 0.000905
2026-06-12 07:12:50,576 | INFO | [VALIDATION STEP]
2026-06-12 07:13:00,436 | INFO | [epoch 3 | val | batch 0 start] allocated=2952.0MB | reserved=14190.0MB | peak=12408.0MB
2026-06-12 07:14:36,830 | INFO | [epoch 3 | val | batch 10 start] allocated=2952.0MB | reserved=14190.0MB | peak=12408.0MB
2026-06-12 07:16:13,539 | INFO | [epoch 3 | val | batch 20 start] allocated=2952.0MB | reserved=14190.0MB | peak=12408.0MB
2026-06-12 07:16:38,013 | INFO | epoch 3 val loss (mean of batches): 0.98
2026-06-12 07:16:38,013 | INFO | epoch 3 val loss history: [1.4780000448226929, 0.9549999833106995, 0.9810000061988831]
2026-06-12 07:16:38,013 | INFO | epoch 3 val c-index (total sample): 0.55
2026-06-12 07:16:38,013 | INFO | epoch 3 val c-index history: [0.493, 0.469, 0.552]
2026-06-12 07:16:38,015 | INFO | [TRAINING STEP]
2026-06-12 07:16:43,548 | INFO | [epoch 3 | train | batch 0 start] allocated=2364.0MB | reserved=14190.0MB | peak=12408.0MB
2026-06-12 07:16:44,887 | INFO |     task_logits from  0.470703125 to 2.3125
2026-06-12 07:17:10,068 | INFO | [epoch 3 | train | batch 10 start] allocated=2364.0MB | reserved=14190.0MB | peak=12408.0MB
2026-06-12 07:17:36,303 | INFO | [epoch 3 | train | batch 20 start] allocated=2364.0MB | reserved=14190.0MB | peak=12408.0MB
2026-06-12 07:18:02,983 | INFO | [epoch 3 | train | batch 30 start] allocated=2364.0MB | reserved=14190.0MB | peak=12408.0MB
2026-06-12 07:18:29,282 | INFO | [epoch 3 | train | batch 40 start] allocated=2364.0MB | reserved=14190.0MB | peak=12408.0MB
2026-06-12 07:18:55,863 | INFO | [epoch 3 | train | batch 50 start] allocated=2364.0MB | reserved=14190.0MB | peak=12408.0MB
2026-06-12 07:19:22,393 | INFO | [epoch 3 | train | batch 60 start] allocated=2364.0MB | reserved=14190.0MB | peak=12408.0MB
2026-06-12 07:19:48,941 | INFO | [epoch 3 | train | batch 70 start] allocated=2364.0MB | reserved=14190.0MB | peak=12408.0MB
2026-06-12 07:20:15,072 | INFO | [epoch 3 | train | batch 80 start] allocated=2364.0MB | reserved=14190.0MB | peak=12408.0MB
2026-06-12 07:20:41,442 | INFO | [epoch 3 | train | batch 90 start] allocated=2364.0MB | reserved=14190.0MB | peak=12408.0MB
2026-06-12 07:20:44,103 | INFO | epoch 3 train total loss: 0.84
2026-06-12 07:20:44,103 | INFO | epoch 3 train concept loss: 0.70
2026-06-12 07:20:44,103 | INFO | epoch 3 train task loss: 0.14
2026-06-12 07:20:44,103 | INFO | epoch 3 train total loss history: [1.1069999933242798, 0.9509999752044678, 0.8399999737739563]
2026-06-12 07:20:44,103 | INFO | epoch 3 train concept loss history: [0.9440000057220459, 0.8019999861717224, 0.7049999833106995]
2026-06-12 07:20:44,103 | INFO | epoch 3 train task loss history: [0.16300000250339508, 0.14900000393390656, 0.13500000536441803]
2026-06-12 07:20:44,103 | INFO | epoch 3 complete
2026-06-12 07:20:44,103 | INFO | ======== starting epoch 4 ========
2026-06-12 07:20:44,103 | INFO | epoch 4 LR at start of epoch: 0.000794
2026-06-12 07:20:44,103 | INFO | [VALIDATION STEP]
2026-06-12 07:20:54,417 | INFO | [epoch 4 | val | batch 0 start] allocated=2952.0MB | reserved=14190.0MB | peak=12408.0MB
2026-06-12 07:22:30,943 | INFO | [epoch 4 | val | batch 10 start] allocated=2952.0MB | reserved=14190.0MB | peak=12408.0MB
2026-06-12 07:24:07,553 | INFO | [epoch 4 | val | batch 20 start] allocated=2952.0MB | reserved=14190.0MB | peak=12408.0MB
2026-06-12 07:24:31,683 | INFO | epoch 4 val loss (mean of batches): 1.01
2026-06-12 07:24:31,683 | INFO | epoch 4 val loss history: [1.4780000448226929, 0.9549999833106995, 0.9810000061988831, 1.00600004196167]
2026-06-12 07:24:31,683 | INFO | epoch 4 val c-index (total sample): 0.56
2026-06-12 07:24:31,683 | INFO | epoch 4 val c-index history: [0.493, 0.469, 0.552, 0.555]
2026-06-12 07:24:31,685 | INFO | [TRAINING STEP]
2026-06-12 07:24:36,972 | INFO | [epoch 4 | train | batch 0 start] allocated=2364.0MB | reserved=14190.0MB | peak=12408.0MB
2026-06-12 07:24:38,306 | INFO |     task_logits from  -0.953125 to 1.3203125
2026-06-12 07:25:02,516 | INFO | [epoch 4 | train | batch 10 start] allocated=2364.0MB | reserved=14190.0MB | peak=12408.0MB
2026-06-12 07:25:28,433 | INFO | [epoch 4 | train | batch 20 start] allocated=2364.0MB | reserved=14190.0MB | peak=12408.0MB
2026-06-12 07:25:54,733 | INFO | [epoch 4 | train | batch 30 start] allocated=2364.0MB | reserved=14190.0MB | peak=12408.0MB
2026-06-12 07:26:20,616 | INFO | [epoch 4 | train | batch 40 start] allocated=2364.0MB | reserved=14190.0MB | peak=12408.0MB
2026-06-12 07:26:47,297 | INFO | [epoch 4 | train | batch 50 start] allocated=2364.0MB | reserved=14190.0MB | peak=12408.0MB
2026-06-12 07:27:13,924 | INFO | [epoch 4 | train | batch 60 start] allocated=2364.0MB | reserved=14190.0MB | peak=12408.0MB
2026-06-12 07:27:40,248 | INFO | [epoch 4 | train | batch 70 start] allocated=2364.0MB | reserved=14190.0MB | peak=12408.0MB
2026-06-12 07:28:05,694 | INFO | [epoch 4 | train | batch 80 start] allocated=2364.0MB | reserved=14190.0MB | peak=12408.0MB
2026-06-12 07:28:30,842 | INFO | [epoch 4 | train | batch 90 start] allocated=2364.0MB | reserved=14190.0MB | peak=12408.0MB
2026-06-12 07:28:35,361 | INFO | epoch 4 train total loss: 0.79
2026-06-12 07:28:35,361 | INFO | epoch 4 train concept loss: 0.67
2026-06-12 07:28:35,361 | INFO | epoch 4 train task loss: 0.12
2026-06-12 07:28:35,361 | INFO | epoch 4 train total loss history: [1.1069999933242798, 0.9509999752044678, 0.8399999737739563, 0.7850000262260437]
2026-06-12 07:28:35,361 | INFO | epoch 4 train concept loss history: [0.9440000057220459, 0.8019999861717224, 0.7049999833106995, 0.6660000085830688]
2026-06-12 07:28:35,361 | INFO | epoch 4 train task loss history: [0.16300000250339508, 0.14900000393390656, 0.13500000536441803, 0.11900000274181366]
2026-06-12 07:28:35,361 | INFO | epoch 4 complete
2026-06-12 07:28:35,361 | INFO | ======== starting epoch 5 ========
2026-06-12 07:28:35,361 | INFO | epoch 5 LR at start of epoch: 0.000655
2026-06-12 07:28:35,361 | INFO | [VALIDATION STEP]
2026-06-12 07:28:45,397 | INFO | [epoch 5 | val | batch 0 start] allocated=2952.0MB | reserved=14190.0MB | peak=12408.0MB
2026-06-12 07:30:21,758 | INFO | [epoch 5 | val | batch 10 start] allocated=2952.0MB | reserved=14190.0MB | peak=12408.0MB
2026-06-12 07:31:58,348 | INFO | [epoch 5 | val | batch 20 start] allocated=2952.0MB | reserved=14190.0MB | peak=12408.0MB
2026-06-12 07:32:22,522 | INFO | epoch 5 val loss (mean of batches): 1.01
2026-06-12 07:32:22,522 | INFO | epoch 5 val loss history: [1.4780000448226929, 0.9549999833106995, 0.9810000061988831, 1.00600004196167, 1.0149999856948853]
2026-06-12 07:32:22,522 | INFO | epoch 5 val c-index (total sample): 0.61
2026-06-12 07:32:22,522 | INFO | epoch 5 val c-index history: [0.493, 0.469, 0.552, 0.555, 0.612]
2026-06-12 07:32:22,524 | INFO | [TRAINING STEP]
2026-06-12 07:32:27,969 | INFO | [epoch 5 | train | batch 0 start] allocated=2364.0MB | reserved=14190.0MB | peak=12408.0MB
2026-06-12 07:32:29,312 | INFO |     task_logits from  0.01507568359375 to 1.9140625
2026-06-12 07:32:54,730 | INFO | [epoch 5 | train | batch 10 start] allocated=2364.0MB | reserved=14190.0MB | peak=12408.0MB
2026-06-12 07:33:20,829 | INFO | [epoch 5 | train | batch 20 start] allocated=2364.0MB | reserved=14190.0MB | peak=12408.0MB
2026-06-12 07:33:47,163 | INFO | [epoch 5 | train | batch 30 start] allocated=2364.0MB | reserved=14190.0MB | peak=12408.0MB
2026-06-12 07:34:13,013 | INFO | [epoch 5 | train | batch 40 start] allocated=2364.0MB | reserved=14190.0MB | peak=12408.0MB
2026-06-12 07:34:38,538 | INFO | [epoch 5 | train | batch 50 start] allocated=2364.0MB | reserved=14190.0MB | peak=12408.0MB
2026-06-12 07:35:03,246 | INFO | [epoch 5 | train | batch 60 start] allocated=2364.0MB | reserved=14190.0MB | peak=12408.0MB
2026-06-12 07:35:29,532 | INFO | [epoch 5 | train | batch 70 start] allocated=2364.0MB | reserved=14190.0MB | peak=12408.0MB
2026-06-12 07:35:55,407 | INFO | [epoch 5 | train | batch 80 start] allocated=2364.0MB | reserved=14190.0MB | peak=12408.0MB
2026-06-12 07:36:20,545 | INFO | [epoch 5 | train | batch 90 start] allocated=2364.0MB | reserved=14190.0MB | peak=12408.0MB
2026-06-12 07:36:23,207 | INFO | epoch 5 train total loss: 0.71
2026-06-12 07:36:23,207 | INFO | epoch 5 train concept loss: 0.60
2026-06-12 07:36:23,207 | INFO | epoch 5 train task loss: 0.11
2026-06-12 07:36:23,207 | INFO | epoch 5 train total loss history: [1.1069999933242798, 0.9509999752044678, 0.8399999737739563, 0.7850000262260437, 0.7089999914169312]
2026-06-12 07:36:23,207 | INFO | epoch 5 train concept loss history: [0.9440000057220459, 0.8019999861717224, 0.7049999833106995, 0.6660000085830688, 0.5979999899864197]
2026-06-12 07:36:23,207 | INFO | epoch 5 train task loss history: [0.16300000250339508, 0.14900000393390656, 0.13500000536441803, 0.11900000274181366, 0.11100000143051147]
2026-06-12 07:36:23,208 | INFO | epoch 5 complete
2026-06-12 07:36:23,208 | INFO | ======== starting epoch 6 ========
2026-06-12 07:36:23,208 | INFO | epoch 6 LR at start of epoch: 0.000500
2026-06-12 07:36:23,208 | INFO | [VALIDATION STEP]
2026-06-12 07:36:32,863 | INFO | [epoch 6 | val | batch 0 start] allocated=2952.0MB | reserved=14190.0MB | peak=12408.0MB
2026-06-12 07:38:09,333 | INFO | [epoch 6 | val | batch 10 start] allocated=2952.0MB | reserved=14190.0MB | peak=12408.0MB
2026-06-12 07:39:45,923 | INFO | [epoch 6 | val | batch 20 start] allocated=2952.0MB | reserved=14190.0MB | peak=12408.0MB
2026-06-12 07:40:10,056 | INFO | epoch 6 val loss (mean of batches): 0.99
2026-06-12 07:40:10,056 | INFO | epoch 6 val loss history: [1.4780000448226929, 0.9549999833106995, 0.9810000061988831, 1.00600004196167, 1.0149999856948853, 0.9869999885559082]
2026-06-12 07:40:10,056 | INFO | epoch 6 val c-index (total sample): 0.59
2026-06-12 07:40:10,056 | INFO | epoch 6 val c-index history: [0.493, 0.469, 0.552, 0.555, 0.612, 0.586]
2026-06-12 07:40:10,058 | INFO | [TRAINING STEP]
2026-06-12 07:40:15,553 | INFO | [epoch 6 | train | batch 0 start] allocated=2364.0MB | reserved=14190.0MB | peak=12408.0MB
2026-06-12 07:40:16,894 | INFO |     task_logits from  -1.953125 to 2.34375
2026-06-12 07:40:41,806 | INFO | [epoch 6 | train | batch 10 start] allocated=2364.0MB | reserved=14190.0MB | peak=12408.0MB
2026-06-12 07:41:07,391 | INFO | [epoch 6 | train | batch 20 start] allocated=2364.0MB | reserved=14190.0MB | peak=12408.0MB
2026-06-12 07:41:33,732 | INFO | [epoch 6 | train | batch 30 start] allocated=2364.0MB | reserved=14190.0MB | peak=12408.0MB
2026-06-12 07:41:59,108 | INFO | [epoch 6 | train | batch 40 start] allocated=2364.0MB | reserved=14190.0MB | peak=12408.0MB
2026-06-12 07:42:25,097 | INFO | [epoch 6 | train | batch 50 start] allocated=2364.0MB | reserved=14190.0MB | peak=12408.0MB
2026-06-12 07:42:51,710 | INFO | [epoch 6 | train | batch 60 start] allocated=2364.0MB | reserved=14190.0MB | peak=12408.0MB
2026-06-12 07:43:16,326 | INFO | [epoch 6 | train | batch 70 start] allocated=2364.0MB | reserved=14190.0MB | peak=12408.0MB
2026-06-12 07:43:41,385 | INFO | [epoch 6 | train | batch 80 start] allocated=2364.0MB | reserved=14190.0MB | peak=12408.0MB
2026-06-12 07:44:07,373 | INFO | [epoch 6 | train | batch 90 start] allocated=2364.0MB | reserved=14190.0MB | peak=12408.0MB
2026-06-12 07:44:10,031 | INFO | epoch 6 train total loss: 0.64
2026-06-12 07:44:10,031 | INFO | epoch 6 train concept loss: 0.55
2026-06-12 07:44:10,031 | INFO | epoch 6 train task loss: 0.09
2026-06-12 07:44:10,032 | INFO | epoch 6 train total loss history: [1.1069999933242798, 0.9509999752044678, 0.8399999737739563, 0.7850000262260437, 0.7089999914169312, 0.6420000195503235]
2026-06-12 07:44:10,032 | INFO | epoch 6 train concept loss history: [0.9440000057220459, 0.8019999861717224, 0.7049999833106995, 0.6660000085830688, 0.5979999899864197, 0.5509999990463257]
2026-06-12 07:44:10,032 | INFO | epoch 6 train task loss history: [0.16300000250339508, 0.14900000393390656, 0.13500000536441803, 0.11900000274181366, 0.11100000143051147, 0.09099999815225601]
2026-06-12 07:44:10,032 | INFO | epoch 6 complete
2026-06-12 07:44:10,032 | INFO | ======== starting epoch 7 ========
2026-06-12 07:44:10,032 | INFO | epoch 7 LR at start of epoch: 0.000345
2026-06-12 07:44:10,032 | INFO | [VALIDATION STEP]
2026-06-12 07:44:20,113 | INFO | [epoch 7 | val | batch 0 start] allocated=2952.0MB | reserved=14190.0MB | peak=12408.0MB
2026-06-12 07:45:56,610 | INFO | [epoch 7 | val | batch 10 start] allocated=2952.0MB | reserved=14190.0MB | peak=12408.0MB
2026-06-12 07:47:33,258 | INFO | [epoch 7 | val | batch 20 start] allocated=2952.0MB | reserved=14190.0MB | peak=12408.0MB
2026-06-12 07:47:57,472 | INFO | epoch 7 val loss (mean of batches): 1.00
2026-06-12 07:47:57,472 | INFO | epoch 7 val loss history: [1.4780000448226929, 0.9549999833106995, 0.9810000061988831, 1.00600004196167, 1.0149999856948853, 0.9869999885559082, 1.0010000467300415]
2026-06-12 07:47:57,472 | INFO | epoch 7 val c-index (total sample): 0.59
2026-06-12 07:47:57,472 | INFO | epoch 7 val c-index history: [0.493, 0.469, 0.552, 0.555, 0.612, 0.586, 0.592]
2026-06-12 07:47:57,474 | INFO | [TRAINING STEP]
2026-06-12 07:48:02,766 | INFO | [epoch 7 | train | batch 0 start] allocated=2364.0MB | reserved=14190.0MB | peak=12408.0MB
2026-06-12 07:48:04,107 | INFO |     task_logits from  -0.392578125 to 1.3515625
2026-06-12 07:48:29,752 | INFO | [epoch 7 | train | batch 10 start] allocated=2364.0MB | reserved=14190.0MB | peak=12408.0MB
2026-06-12 07:48:55,398 | INFO | [epoch 7 | train | batch 20 start] allocated=2364.0MB | reserved=14190.0MB | peak=12408.0MB
2026-06-12 07:49:22,955 | INFO | [epoch 7 | train | batch 30 start] allocated=2364.0MB | reserved=14190.0MB | peak=12408.0MB
2026-06-12 07:49:48,722 | INFO | [epoch 7 | train | batch 40 start] allocated=2364.0MB | reserved=14190.0MB | peak=12408.0MB
2026-06-12 07:50:14,393 | INFO | [epoch 7 | train | batch 50 start] allocated=2364.0MB | reserved=14190.0MB | peak=12408.0MB
2026-06-12 07:50:39,596 | INFO | [epoch 7 | train | batch 60 start] allocated=2364.0MB | reserved=14190.0MB | peak=12408.0MB
2026-06-12 07:51:06,291 | INFO | [epoch 7 | train | batch 70 start] allocated=2364.0MB | reserved=14190.0MB | peak=12408.0MB
2026-06-12 07:51:31,784 | INFO | [epoch 7 | train | batch 80 start] allocated=2364.0MB | reserved=14190.0MB | peak=12408.0MB
2026-06-12 07:51:56,707 | INFO | [epoch 7 | train | batch 90 start] allocated=2364.0MB | reserved=14190.0MB | peak=12408.0MB
2026-06-12 07:51:59,367 | INFO | epoch 7 train total loss: 0.59
2026-06-12 07:51:59,367 | INFO | epoch 7 train concept loss: 0.51
2026-06-12 07:51:59,367 | INFO | epoch 7 train task loss: 0.09
2026-06-12 07:51:59,367 | INFO | epoch 7 train total loss history: [1.1069999933242798, 0.9509999752044678, 0.8399999737739563, 0.7850000262260437, 0.7089999914169312, 0.6420000195503235, 0.5929999947547913]
2026-06-12 07:51:59,367 | INFO | epoch 7 train concept loss history: [0.9440000057220459, 0.8019999861717224, 0.7049999833106995, 0.6660000085830688, 0.5979999899864197, 0.5509999990463257, 0.5059999823570251]
2026-06-12 07:51:59,367 | INFO | epoch 7 train task loss history: [0.16300000250339508, 0.14900000393390656, 0.13500000536441803, 0.11900000274181366, 0.11100000143051147, 0.09099999815225601, 0.08799999952316284]
2026-06-12 07:51:59,367 | INFO | epoch 7 complete
2026-06-12 07:51:59,367 | INFO | ======== starting epoch 8 ========
2026-06-12 07:51:59,367 | INFO | epoch 8 LR at start of epoch: 0.000206
2026-06-12 07:51:59,367 | INFO | [VALIDATION STEP]
2026-06-12 07:52:09,024 | INFO | [epoch 8 | val | batch 0 start] allocated=2952.0MB | reserved=14190.0MB | peak=12408.0MB
2026-06-12 07:53:45,644 | INFO | [epoch 8 | val | batch 10 start] allocated=2952.0MB | reserved=14190.0MB | peak=12408.0MB
2026-06-12 07:55:22,233 | INFO | [epoch 8 | val | batch 20 start] allocated=2952.0MB | reserved=14190.0MB | peak=12408.0MB
2026-06-12 07:55:46,386 | INFO | epoch 8 val loss (mean of batches): 0.99
2026-06-12 07:55:46,386 | INFO | epoch 8 val loss history: [1.4780000448226929, 0.9549999833106995, 0.9810000061988831, 1.00600004196167, 1.0149999856948853, 0.9869999885559082, 1.0010000467300415, 0.9929999709129333]
2026-06-12 07:55:46,386 | INFO | epoch 8 val c-index (total sample): 0.61
2026-06-12 07:55:46,386 | INFO | epoch 8 val c-index history: [0.493, 0.469, 0.552, 0.555, 0.612, 0.586, 0.592, 0.614]
2026-06-12 07:55:46,388 | INFO | [TRAINING STEP]
2026-06-12 07:55:51,749 | INFO | [epoch 8 | train | batch 0 start] allocated=2364.0MB | reserved=14190.0MB | peak=12408.0MB
2026-06-12 07:55:53,088 | INFO |     task_logits from  -0.58203125 to 2.8125
2026-06-12 07:56:18,010 | INFO | [epoch 8 | train | batch 10 start] allocated=2364.0MB | reserved=14190.0MB | peak=12408.0MB
2026-06-12 07:56:43,299 | INFO | [epoch 8 | train | batch 20 start] allocated=2364.0MB | reserved=14190.0MB | peak=12408.0MB
2026-06-12 07:57:10,200 | INFO | [epoch 8 | train | batch 30 start] allocated=2364.0MB | reserved=14190.0MB | peak=12408.0MB
2026-06-12 07:57:37,340 | INFO | [epoch 8 | train | batch 40 start] allocated=2364.0MB | reserved=14190.0MB | peak=12408.0MB
2026-06-12 07:58:05,302 | INFO | [epoch 8 | train | batch 50 start] allocated=2364.0MB | reserved=14190.0MB | peak=12408.0MB
2026-06-12 07:58:31,147 | INFO | [epoch 8 | train | batch 60 start] allocated=2364.0MB | reserved=14190.0MB | peak=12408.0MB
2026-06-12 07:58:57,055 | INFO | [epoch 8 | train | batch 70 start] allocated=2364.0MB | reserved=14190.0MB | peak=12408.0MB
2026-06-12 07:59:23,393 | INFO | [epoch 8 | train | batch 80 start] allocated=2364.0MB | reserved=14190.0MB | peak=12408.0MB
2026-06-12 07:59:49,540 | INFO | [epoch 8 | train | batch 90 start] allocated=2364.0MB | reserved=14190.0MB | peak=12408.0MB
2026-06-12 07:59:52,199 | INFO | epoch 8 train total loss: 0.56
2026-06-12 07:59:52,199 | INFO | epoch 8 train concept loss: 0.48
2026-06-12 07:59:52,199 | INFO | epoch 8 train task loss: 0.08
2026-06-12 07:59:52,199 | INFO | epoch 8 train total loss history: [1.1069999933242798, 0.9509999752044678, 0.8399999737739563, 0.7850000262260437, 0.7089999914169312, 0.6420000195503235, 0.5929999947547913, 0.5580000281333923]
2026-06-12 07:59:52,199 | INFO | epoch 8 train concept loss history: [0.9440000057220459, 0.8019999861717224, 0.7049999833106995, 0.6660000085830688, 0.5979999899864197, 0.5509999990463257, 0.5059999823570251, 0.48100000619888306]
2026-06-12 07:59:52,199 | INFO | epoch 8 train task loss history: [0.16300000250339508, 0.14900000393390656, 0.13500000536441803, 0.11900000274181366, 0.11100000143051147, 0.09099999815225601, 0.08799999952316284, 0.07699999958276749]
2026-06-12 07:59:52,199 | INFO | epoch 8 complete
2026-06-12 07:59:52,199 | INFO | ======== starting epoch 9 ========
2026-06-12 07:59:52,199 | INFO | epoch 9 LR at start of epoch: 0.000095
2026-06-12 07:59:52,199 | INFO | [VALIDATION STEP]
2026-06-12 08:00:01,573 | INFO | [epoch 9 | val | batch 0 start] allocated=2952.0MB | reserved=14190.0MB | peak=12408.0MB
2026-06-12 08:01:37,918 | INFO | [epoch 9 | val | batch 10 start] allocated=2952.0MB | reserved=14190.0MB | peak=12408.0MB
2026-06-12 08:03:14,583 | INFO | [epoch 9 | val | batch 20 start] allocated=2952.0MB | reserved=14190.0MB | peak=12408.0MB
2026-06-12 08:03:38,716 | INFO | epoch 9 val loss (mean of batches): 1.00
2026-06-12 08:03:38,716 | INFO | epoch 9 val loss history: [1.4780000448226929, 0.9549999833106995, 0.9810000061988831, 1.00600004196167, 1.0149999856948853, 0.9869999885559082, 1.0010000467300415, 0.9929999709129333, 1.0019999742507935]
2026-06-12 08:03:38,716 | INFO | epoch 9 val c-index (total sample): 0.61
2026-06-12 08:03:38,716 | INFO | epoch 9 val c-index history: [0.493, 0.469, 0.552, 0.555, 0.612, 0.586, 0.592, 0.614, 0.61]
2026-06-12 08:03:38,718 | INFO | [TRAINING STEP]
2026-06-12 08:03:44,150 | INFO | [epoch 9 | train | batch 0 start] allocated=2364.0MB | reserved=14190.0MB | peak=12408.0MB
2026-06-12 08:03:45,495 | INFO |     task_logits from  -0.80078125 to 2.515625
2026-06-12 08:04:11,677 | INFO | [epoch 9 | train | batch 10 start] allocated=2364.0MB | reserved=14190.0MB | peak=12408.0MB
2026-06-12 08:04:38,812 | INFO | [epoch 9 | train | batch 20 start] allocated=2364.0MB | reserved=14190.0MB | peak=12408.0MB
2026-06-12 08:05:04,804 | INFO | [epoch 9 | train | batch 30 start] allocated=2364.0MB | reserved=14190.0MB | peak=12408.0MB
2026-06-12 08:05:30,392 | INFO | [epoch 9 | train | batch 40 start] allocated=2364.0MB | reserved=14190.0MB | peak=12408.0MB
2026-06-12 08:05:57,994 | INFO | [epoch 9 | train | batch 50 start] allocated=2364.0MB | reserved=14190.0MB | peak=12408.0MB
2026-06-12 08:06:24,958 | INFO | [epoch 9 | train | batch 60 start] allocated=2364.0MB | reserved=14190.0MB | peak=12408.0MB
2026-06-12 08:06:50,890 | INFO | [epoch 9 | train | batch 70 start] allocated=2364.0MB | reserved=14190.0MB | peak=12408.0MB
2026-06-12 08:07:15,701 | INFO | [epoch 9 | train | batch 80 start] allocated=2364.0MB | reserved=14190.0MB | peak=12408.0MB
2026-06-12 08:07:40,504 | INFO | [epoch 9 | train | batch 90 start] allocated=2364.0MB | reserved=14190.0MB | peak=12408.0MB
2026-06-12 08:07:43,921 | INFO | epoch 9 train total loss: 0.54
2026-06-12 08:07:43,921 | INFO | epoch 9 train concept loss: 0.45
2026-06-12 08:07:43,921 | INFO | epoch 9 train task loss: 0.09
2026-06-12 08:07:43,921 | INFO | epoch 9 train total loss history: [1.1069999933242798, 0.9509999752044678, 0.8399999737739563, 0.7850000262260437, 0.7089999914169312, 0.6420000195503235, 0.5929999947547913, 0.5580000281333923, 0.5379999876022339]
2026-06-12 08:07:43,921 | INFO | epoch 9 train concept loss history: [0.9440000057220459, 0.8019999861717224, 0.7049999833106995, 0.6660000085830688, 0.5979999899864197, 0.5509999990463257, 0.5059999823570251, 0.48100000619888306, 0.4519999921321869]
2026-06-12 08:07:43,921 | INFO | epoch 9 train task loss history: [0.16300000250339508, 0.14900000393390656, 0.13500000536441803, 0.11900000274181366, 0.11100000143051147, 0.09099999815225601, 0.08799999952316284, 0.07699999958276749, 0.0860000029206276]
2026-06-12 08:07:43,922 | INFO | epoch 9 complete
2026-06-12 08:07:43,922 | INFO | ======== starting epoch 10 ========
2026-06-12 08:07:43,922 | INFO | epoch 10 LR at start of epoch: 0.000024
2026-06-12 08:07:43,922 | INFO | [VALIDATION STEP]
2026-06-12 08:07:53,776 | INFO | [epoch 10 | val | batch 0 start] allocated=2952.0MB | reserved=14190.0MB | peak=12408.0MB
2026-06-12 08:09:30,088 | INFO | [epoch 10 | val | batch 10 start] allocated=2952.0MB | reserved=14190.0MB | peak=12408.0MB
2026-06-12 08:11:07,137 | INFO | [epoch 10 | val | batch 20 start] allocated=2952.0MB | reserved=14190.0MB | peak=12408.0MB
2026-06-12 08:11:33,307 | INFO | epoch 10 val loss (mean of batches): 1.00
2026-06-12 08:11:33,308 | INFO | epoch 10 val loss history: [1.4780000448226929, 0.9549999833106995, 0.9810000061988831, 1.00600004196167, 1.0149999856948853, 0.9869999885559082, 1.0010000467300415, 0.9929999709129333, 1.0019999742507935, 0.996999979019165]
2026-06-12 08:11:33,308 | INFO | epoch 10 val c-index (total sample): 0.63
2026-06-12 08:11:33,308 | INFO | epoch 10 val c-index history: [0.493, 0.469, 0.552, 0.555, 0.612, 0.586, 0.592, 0.614, 0.61, 0.63]
2026-06-12 08:11:33,310 | INFO | [TRAINING STEP]
2026-06-12 08:11:49,838 | INFO | [epoch 10 | train | batch 0 start] allocated=2364.0MB | reserved=14190.0MB | peak=12408.0MB
2026-06-12 08:11:51,169 | INFO |     task_logits from  -0.8203125 to 3.15625
2026-06-12 08:12:17,273 | INFO | [epoch 10 | train | batch 10 start] allocated=2364.0MB | reserved=14190.0MB | peak=12408.0MB
2026-06-12 08:12:41,998 | INFO | [epoch 10 | train | batch 20 start] allocated=2364.0MB | reserved=14190.0MB | peak=12408.0MB
2026-06-12 08:13:08,817 | INFO | [epoch 10 | train | batch 30 start] allocated=2364.0MB | reserved=14190.0MB | peak=12408.0MB
2026-06-12 08:13:35,453 | INFO | [epoch 10 | train | batch 40 start] allocated=2364.0MB | reserved=14190.0MB | peak=12408.0MB
2026-06-12 08:14:01,807 | INFO | [epoch 10 | train | batch 50 start] allocated=2364.0MB | reserved=14190.0MB | peak=12408.0MB
2026-06-12 08:14:29,554 | INFO | [epoch 10 | train | batch 60 start] allocated=2364.0MB | reserved=14190.0MB | peak=12408.0MB
2026-06-12 08:14:54,835 | INFO | [epoch 10 | train | batch 70 start] allocated=2364.0MB | reserved=14190.0MB | peak=12408.0MB
2026-06-12 08:15:22,200 | INFO | [epoch 10 | train | batch 80 start] allocated=2364.0MB | reserved=14190.0MB | peak=12408.0MB
2026-06-12 08:15:47,729 | INFO | [epoch 10 | train | batch 90 start] allocated=2364.0MB | reserved=14190.0MB | peak=12408.0MB
2026-06-12 08:15:52,376 | INFO | epoch 10 train total loss: 0.51
2026-06-12 08:15:52,376 | INFO | epoch 10 train concept loss: 0.43
2026-06-12 08:15:52,376 | INFO | epoch 10 train task loss: 0.08
2026-06-12 08:15:52,376 | INFO | epoch 10 train total loss history: [1.1069999933242798, 0.9509999752044678, 0.8399999737739563, 0.7850000262260437, 0.7089999914169312, 0.6420000195503235, 0.5929999947547913, 0.5580000281333923, 0.5379999876022339, 0.5059999823570251]
2026-06-12 08:15:52,376 | INFO | epoch 10 train concept loss history: [0.9440000057220459, 0.8019999861717224, 0.7049999833106995, 0.6660000085830688, 0.5979999899864197, 0.5509999990463257, 0.5059999823570251, 0.48100000619888306, 0.4519999921321869, 0.4309999942779541]
2026-06-12 08:15:52,376 | INFO | epoch 10 train task loss history: [0.16300000250339508, 0.14900000393390656, 0.13500000536441803, 0.11900000274181366, 0.11100000143051147, 0.09099999815225601, 0.08799999952316284, 0.07699999958276749, 0.0860000029206276, 0.07500000298023224]
2026-06-12 08:15:52,376 | INFO | epoch 10 complete
2026-06-12 08:15:52,378 | INFO | training complete
2026-06-12 08:15:52,378 | INFO | predicting on the validation set
2026-06-12 08:16:56,610 | INFO |   starting batch 1 of validation
2026-06-12 08:17:01,446 | INFO |   starting batch 2 of validation
2026-06-12 08:17:06,197 | INFO |   starting batch 3 of validation
2026-06-12 08:17:10,980 | INFO |   starting batch 4 of validation
2026-06-12 08:17:15,797 | INFO |   starting batch 5 of validation
2026-06-12 08:17:20,532 | INFO |   starting batch 6 of validation
2026-06-12 08:17:25,284 | INFO |   starting batch 7 of validation
2026-06-12 08:17:30,115 | INFO |   starting batch 8 of validation
2026-06-12 08:17:35,153 | INFO |   starting batch 9 of validation
2026-06-12 08:17:39,955 | INFO |   starting batch 10 of validation
2026-06-12 08:17:44,771 | INFO |   starting batch 11 of validation
2026-06-12 08:17:49,588 | INFO |   starting batch 12 of validation
2026-06-12 08:17:54,426 | INFO |   starting batch 13 of validation
2026-06-12 08:17:59,243 | INFO |   starting batch 14 of validation
2026-06-12 08:18:04,066 | INFO |   starting batch 15 of validation
2026-06-12 08:18:08,905 | INFO |   starting batch 16 of validation
2026-06-12 08:18:13,745 | INFO |   starting batch 17 of validation
2026-06-12 08:18:18,585 | INFO |   starting batch 18 of validation
2026-06-12 08:18:23,423 | INFO |   starting batch 19 of validation
2026-06-12 08:18:28,259 | INFO |   starting batch 20 of validation
2026-06-12 08:18:33,097 | INFO |   starting batch 21 of validation
2026-06-12 08:18:37,936 | INFO |   starting batch 22 of validation
2026-06-12 08:18:42,774 | INFO |   starting batch 23 of validation
2026-06-12 08:18:47,613 | INFO | measuring performance
2026-06-12 08:18:47,613 | INFO | y_test: (184, 2)
2026-06-12 08:18:47,613 | INFO | y_probs: (184, 1)
2026-06-12 08:18:47,613 | INFO | c_test: (184, 3)
2026-06-12 08:18:47,613 | INFO | c_probs: (184, 10)
2026-06-12 08:18:47,629 | INFO | results: {'task': {'c_index': 0.6051779935275081}, 'concepts': {'concept_0': {'0': {'precision': 0.15151515151515152, 'recall': 0.20833333333333334, 'f1-score': 0.17543859649122806, 'support': 24.0}, '1': {'precision': 0.5909090909090909, 'recall': 0.7222222222222222, 'f1-score': 0.65, 'support': 108.0}, '2': {'precision': 0.47368421052631576, 'recall': 0.1875, 'f1-score': 0.26865671641791045, 'support': 48.0}, '3': {'precision': nan, 'recall': 0.0, 'f1-score': 0.0, 'support': 4.0}, 'accuracy': 0.5, 'macro avg': {'precision': 0.4053694843168527, 'recall': 0.2795138888888889, 'f1-score': 0.2735238282272846, 'support': 184.0}, 'weighted avg': {'precision': 0.501063264221159, 'recall': 0.5, 'f1-score': 0.47448939512961513, 'support': 184.0}, 'auc': {'ovo': 0.6834892618312757}}, 'concept_1': {'0': {'precision': 0.723404255319149, 'recall': 0.6666666666666666, 'f1-score': 0.6938775510204082, 'support': 102.0}, '1': {'precision': 0.4262295081967213, 'recall': 0.5098039215686274, 'f1-score': 0.4642857142857143, 'support': 51.0}, '2': {'precision': 0.3448275862068966, 'recall': 0.3225806451612903, 'f1-score': 0.3333333333333333, 'support': 31.0}, 'accuracy': 0.5652173913043478, 'macro avg': {'precision': 0.49815378324092224, 'recall': 0.49968374446552805, 'f1-score': 0.4971655328798186, 'support': 184.0}, 'weighted avg': {'precision': 0.5772532289836945, 'recall': 0.5652173913043478, 'f1-score': 0.5694968204673173, 'support': 184.0}, 'auc': {'ovo': 0.6675038136696804}}, 'concept_2': {'0': {'precision': 0.8589743589743589, 'recall': 0.9370629370629371, 'f1-score': 0.8963210702341137, 'support': 143.0}, '1': {'precision': 0.6071428571428571, 'recall': 0.4473684210526316, 'f1-score': 0.5151515151515151, 'support': 38.0}, '2': {'precision': nan, 'recall': 0.0, 'f1-score': 0.0, 'support': 3.0}, 'accuracy': 0.8206521739130435, 'macro avg': {'precision': 0.733058608058608, 'recall': 0.46147711937185626, 'f1-score': 0.47049086179520955, 'support': 184.0}, 'weighted avg': {'precision': 0.8061036569323862, 'recall': 0.8206521739130435, 'f1-score': 0.8029873403219338, 'support': 184.0}, 'auc': {'ovo': 0.6073487915593179}}}}
2026-06-12 08:18:47,651 | INFO | done
